# Blender 4.5.3 LTS
# www.blender.org
mtllib Gamejam Heightmap Improved NoTextures.mtl
o Plane
v -1.000703 0.050739 1.000157
v -1.000004 -0.014462 -0.861934
v -0.999999 -0.013886 -0.792799
v -1.000000 -0.017867 -0.765699
v -0.999990 -0.037855 -0.685289
v -0.999999 -0.049099 -0.654541
v -1.000104 -0.061783 -0.624570
v -1.000030 -0.083421 -0.580962
v -1.000000 -0.096191 -0.453125
v -1.000000 -0.092285 -0.437500
v -0.999968 -0.087617 -0.384376
v -1.000000 -0.067872 -0.359375
v -0.999619 -0.038404 -0.338518
v -1.000103 0.013919 -0.313726
v -1.000000 0.037109 -0.296875
v -1.000375 0.053508 -0.281577
v -1.000133 0.060186 -0.252712
v -1.000021 0.079898 -0.194033
v -1.000259 0.077520 -0.102790
v -0.999943 0.075724 -0.077790
v -1.000000 0.068359 -0.046875
v -1.000120 0.060940 -0.030938
v -1.000096 0.053340 -0.000173
v -1.000081 0.058965 0.036292
v -1.000015 0.060300 0.153853
v -1.000057 0.058846 0.178819
v -1.000050 0.057365 0.220495
v -0.999924 0.066834 0.261703
v -1.000187 0.068933 0.286376
v -0.999995 0.072307 0.314428
v -1.000000 0.072266 0.395834
v -1.000000 0.072266 0.461648
v -0.999990 0.072329 0.507759
v -1.000004 0.072248 0.595488
v -0.999993 0.072250 0.639744
v -1.000000 0.068359 0.656250
v -0.999931 0.068074 0.702417
v -1.000000 0.064453 0.718750
v -0.999998 0.064448 0.828061
v -1.000007 0.060569 0.843908
v -0.999824 0.058475 0.913975
v -1.000048 0.056579 0.953485
v -1.000000 0.052734 0.968750
v -0.999733 0.052183 0.983055
v -0.892931 0.079517 1.000001
v -0.859560 0.087797 0.999994
v -0.843750 0.091797 1.000000
v -0.593847 0.092170 1.000089
v -0.578125 0.095703 1.000000
v -0.545741 0.100418 1.000178
v -0.499833 0.099789 1.000061
v -0.484375 0.103516 1.000000
v -0.469471 0.104195 1.000290
v -0.331620 0.107300 0.999855
v -0.297093 0.099947 1.000118
v -0.277466 0.104512 1.000247
v -0.156250 0.107422 1.000000
v -0.139973 0.056203 0.999967
v -0.086289 0.048936 0.999966
v -0.030849 0.047393 1.000166
v 0.109394 0.060803 0.999973
v 0.125000 0.093750 1.000000
v 0.149462 0.107188 1.000008
v 0.236114 0.104044 1.000099
v 0.278931 0.107516 0.999969
v 0.303045 0.104731 0.999935
v 0.390680 0.115182 1.000026
v 0.434557 0.115012 1.000099
v 0.467390 0.110935 0.999776
v 0.490366 0.108002 1.000665
v 0.515625 0.111328 1.000000
v 0.546988 0.111238 0.999976
v 0.562500 0.107422 1.000000
v 0.586200 0.106286 0.999983
v 0.618384 0.092652 1.000049
v 0.652044 0.093315 1.000217
v 0.672779 0.095692 0.999993
v 0.713902 0.095508 1.000090
v 0.734375 0.091797 1.000000
v 0.751054 0.091102 1.000062
v 0.797915 0.080420 1.000034
v 0.849524 0.067656 0.999883
v 0.875401 0.069794 1.000166
v 0.936275 0.072431 1.000016
v 0.999995 0.071726 1.000048
v 0.999955 0.048775 0.859484
v 0.999922 0.040748 0.843469
v 1.000171 0.030173 0.779535
v 1.000000 0.041016 0.721355
v 0.999907 0.044903 0.694283
v 1.000005 0.048697 0.672195
v 0.999985 0.047686 0.621103
v 1.000033 0.044759 0.576112
v 1.000032 0.033394 0.530732
v 0.999995 0.029347 0.504340
v 1.000132 0.031186 0.422599
v 0.999954 0.029520 0.406231
v 1.000156 0.032260 0.390156
v 0.999922 0.005791 0.251007
v 1.000035 -0.009513 0.189431
v 1.000013 -0.016687 0.144700
v 0.999908 -0.020186 0.119188
v 0.999996 -0.025567 0.094016
v 1.000000 -0.032471 0.078125
v 0.999777 -0.033868 0.064182
v 1.000015 -0.057672 -0.002769
v 1.000100 -0.072149 -0.063575
v 0.999994 -0.072251 -0.129845
v 1.000000 -0.074225 -0.162166
v 1.000000 -0.078613 -0.195312
v 0.999997 -0.083049 -0.228796
v 0.999998 -0.088372 -0.374626
v 0.999988 -0.083448 -0.399948
v 1.000002 -0.092252 -0.437585
v 1.000000 -0.083940 -0.627061
v 0.999974 -0.078441 -0.666023
v 1.000000 -0.068848 -0.703125
v 0.999998 -0.068183 -0.724894
v 0.999948 -0.063064 -0.757424
v 1.000026 -0.045142 -0.797088
v 1.000064 -0.038604 -0.817429
v 0.999965 -0.029753 -0.851567
v 1.000003 -0.027281 -0.883713
v 1.000000 -0.025635 -1.000000
v 0.828125 -0.025635 -1.000000
v 0.812500 -0.021729 -1.000000
v 0.734220 -0.017964 -0.999996
v 0.625269 -0.018276 -0.999995
v 0.605148 -0.013924 -1.000000
v 0.516029 -0.011444 -1.000166
v 0.387643 -0.010090 -0.999985
v 0.352184 -0.012372 -0.999980
v 0.271607 -0.014403 -1.000084
v 0.205650 -0.017618 -0.999963
v 0.103342 -0.017769 -0.999987
v -0.031247 -0.017822 -1.000000
v -0.045500 -0.019288 -0.999884
v -0.163091 -0.017953 -1.000014
v -0.313620 -0.013901 -0.999998
v -0.435128 -0.009842 -1.000001
v -0.562500 -0.010010 -1.000000
v -0.591776 -0.006709 -1.000216
v -0.781543 -0.013916 -1.000000
v -0.798560 -0.017738 -0.999999
v -1.000000 -0.017834 -1.000000
v -0.952271 0.064667 0.973953
v -0.612529 0.098369 0.970413
v -0.588177 0.099845 0.965491
v -0.563106 0.096888 1.000298
v -0.459550 0.115454 0.969896
v -0.436524 0.111818 1.000027
v -0.371698 0.111107 1.000057
v -0.280961 0.107699 0.979788
v -0.160187 0.107414 0.999999
v -0.147754 0.060338 0.987827
v -0.115601 0.051097 0.983758
v -0.074228 0.045195 0.987550
v 0.014460 0.044859 0.986333
v 0.048896 0.036377 0.967965
v 0.044513 0.044402 1.000046
v 0.089322 0.054889 0.978163
v 0.122328 0.060188 0.979877
v 0.147010 0.106048 0.984965
v 0.192890 0.107372 0.980997
v 0.234671 0.105253 0.983306
v 0.270728 0.105359 0.984114
v 0.321899 0.102947 0.985300
v 0.345289 0.104049 0.970196
v 0.362264 0.111662 1.000043
v 0.417866 0.107385 0.983213
v 0.446450 0.110689 0.983514
v 0.474887 0.115406 0.984148
v 0.749256 0.084121 0.983652
v 0.812522 0.072210 0.983830
v 0.833812 0.067875 0.984115
v 0.881690 0.072303 0.978361
v -0.976448 0.062861 0.968785
v -0.882192 0.086587 0.985396
v -0.626664 0.091810 1.000000
v -0.489998 0.109189 0.985306
v -0.412126 0.112755 0.969147
v -0.371841 0.107463 0.984540
v -0.237929 0.107208 0.963816
v -0.187612 0.106610 0.971681
v -0.163596 0.055188 0.956213
v -0.123933 0.045134 0.938961
v -0.071893 0.044884 0.965668
v 0.026457 0.041529 0.956123
v 0.063635 0.037234 0.966419
v 0.141558 0.057769 0.968775
v 0.183700 0.101437 0.968297
v 0.220876 0.090529 0.967210
v 0.304973 0.076874 0.969417
v 0.328125 0.091797 0.968750
v 0.563634 0.114952 0.981960
v 0.594321 0.111671 0.962654
v 0.619304 0.100445 0.961968
v 0.757502 0.082109 0.952775
v 0.772607 0.082361 0.973487
v 0.797147 0.075930 0.926002
v 0.837235 0.072127 0.970244
v 0.890022 0.072497 0.953720
v 0.960095 0.076647 0.999945
v -0.924180 0.074882 0.953231
v -0.874898 0.087836 0.941357
v -0.654108 0.095874 0.954935
v -0.578491 0.103424 0.950037
v -0.517586 0.103627 0.983998
v -0.478437 0.113559 0.953274
v -0.437949 0.108706 0.945680
v -0.345191 0.107398 0.953258
v -0.299649 0.107413 0.954021
v -0.263858 0.104066 0.951994
v -0.209280 0.095050 0.953862
v -0.184821 0.061946 0.952807
v -0.017853 0.040496 0.951050
v 0.120219 0.056075 0.952381
v 0.147993 0.038188 0.940968
v 0.172262 0.045169 0.951263
v 0.190430 0.060494 0.952541
v 0.218750 0.057617 0.953125
v 0.241570 0.041431 0.953669
v 0.293206 0.033015 0.953068
v 0.320784 0.039497 0.954569
v 0.362786 0.033348 0.952035
v 0.389605 0.103155 0.967478
v 0.421673 0.106308 0.958584
v 0.481412 0.107206 0.940571
v 0.475447 0.114981 0.968953
v 0.578579 0.111114 0.938086
v 0.707420 0.094136 0.947787
v 0.964172 0.076072 0.959493
v -0.955375 0.068137 0.919489
v -0.846359 0.091796 0.948685
v -0.677832 0.091870 0.937669
v -0.634996 0.095808 0.944602
v -0.625444 0.099463 0.931126
v -0.605899 0.099697 0.927174
v -0.548757 0.104022 0.942901
v -0.478202 0.107528 0.938960
v -0.413464 0.107174 0.938910
v -0.367605 0.103198 0.936859
v -0.331376 0.096043 0.933274
v -0.275349 0.090798 0.937614
v -0.227318 0.074756 0.936853
v -0.203125 0.061035 0.937500
v -0.170627 0.049786 0.927035
v -0.149598 0.048765 0.936484
v -0.101645 0.042024 0.926500
v -0.077288 0.041127 0.943155
v -0.023360 0.039992 0.934619
v 0.110715 0.037380 0.922957
v 0.112562 0.042169 0.937997
v 0.182722 0.041477 0.937721
v 0.220686 0.040473 0.936795
v 0.261617 0.022480 0.935865
v 0.316669 0.021497 0.936996
v 0.404295 0.028834 0.935201
v 0.417549 0.095565 0.950188
v 0.459177 0.107297 0.936427
v 0.521010 0.115207 0.931422
v 0.665240 0.099568 0.958257
v 0.707983 0.090582 0.928026
v 0.780950 0.076213 0.935392
v 0.874242 0.076019 0.951646
v 0.891233 0.076160 0.935833
v 0.937894 0.076073 0.912262
v -0.926825 0.075277 0.919138
v -0.671437 0.095672 0.913949
v -0.594057 0.103439 0.914630
v -0.525371 0.111735 0.922117
v -0.446691 0.106120 0.927449
v -0.417720 0.096152 0.921851
v -0.197736 0.062372 0.919527
v -0.053616 0.037280 0.918961
v 0.059551 0.037044 0.921620
v 0.139073 0.035351 0.920016
v 0.195855 0.035581 0.914868
v 0.360168 0.021561 0.917652
v 0.437500 0.049317 0.921875
v 0.449824 0.101442 0.930914
v 0.477678 0.114283 0.919471
v 0.605538 0.103818 0.934745
v 0.637811 0.103970 0.929553
v 0.742518 0.085849 0.921766
v 0.781605 0.076235 0.888984
v 0.819389 0.072216 0.918044
v 0.957777 0.072417 0.918449
v 0.999973 0.072139 0.937893
v -0.951639 0.068553 0.893352
v -0.891833 0.087579 0.911608
v -0.686849 0.091837 0.857184
v -0.531351 0.107806 0.898638
v -0.444239 0.085458 0.906364
v -0.389518 0.088494 0.915150
v -0.357856 0.076142 0.905224
v -0.309862 0.075767 0.905555
v -0.173593 0.041924 0.897608
v -0.138817 0.039340 0.900517
v -0.082315 0.035280 0.908561
v 0.003668 0.026989 0.898892
v 0.033345 0.031819 0.907353
v 0.144399 0.036976 0.902799
v 0.165967 0.041638 0.907963
v 0.232067 0.030055 0.919994
v 0.250962 0.021339 0.919211
v 0.330408 0.025479 0.906250
v 0.375723 0.021598 0.937433
v 0.427018 0.023197 0.916043
v 0.539098 0.115513 0.869423
v 0.582528 0.114602 0.916304
v 0.624238 0.103599 0.896524
v 0.651086 0.099338 0.902855
v 0.718224 0.088022 0.902652
v 0.736792 0.084044 0.894465
v 0.821782 0.076153 0.901709
v 1.000091 0.061563 0.893274
v -0.644628 0.095884 0.903332
v -0.643116 0.099648 0.873866
v -0.561970 0.103648 0.904463
v -0.499012 0.106813 0.891437
v -0.326973 0.074617 0.879681
v -0.293751 0.068093 0.876761
v -0.280105 0.075877 0.905797
v -0.256661 0.065792 0.888833
v -0.216834 0.056724 0.892874
v -0.191739 0.049055 0.890285
v -0.057682 0.029645 0.877795
v -0.017005 0.021065 0.854638
v 0.043738 0.023509 0.884003
v 0.102847 0.036646 0.903893
v 0.253070 0.024869 0.895758
v 0.338382 0.021484 0.888370
v 0.451001 0.022192 0.893773
v 0.459654 0.033500 0.898605
v 0.682171 0.096472 0.914125
v -0.925853 0.079070 0.877351
v -0.659545 0.095503 0.851895
v -0.613395 0.101542 0.871786
v -0.577043 0.103476 0.874840
v -0.518694 0.103419 0.870323
v -0.493490 0.099542 0.884422
v -0.478076 0.080965 0.879009
v -0.462103 0.066367 0.866416
v -0.390186 0.068440 0.875156
v -0.353331 0.071941 0.875518
v -0.182344 0.037080 0.865731
v -0.132317 0.036616 0.879591
v -0.084918 0.031472 0.876583
v 0.017560 0.021578 0.855549
v 0.091680 0.027311 0.883563
v 0.182414 0.030261 0.878516
v 0.261332 0.027230 0.870721
v 0.295307 0.021615 0.906918
v 0.433874 0.021326 0.866401
v 0.455125 0.016711 0.871205
v 0.482992 0.024175 0.861320
v 0.494862 0.102746 0.886709
v 0.509662 0.112472 0.883482
v 0.562088 0.111431 0.873608
v 0.765142 0.076280 0.873900
v 0.888887 0.076014 0.850872
v 0.969023 0.072110 0.893203
v 0.980552 0.064910 0.873073
v -0.968927 0.068320 0.862099
v -0.890250 0.087963 0.767471
v -0.558332 0.103429 0.856330
v -0.383376 0.064233 0.859427
v -0.284511 0.059215 0.854091
v -0.225378 0.034570 0.843731
v -0.145451 0.037489 0.861272
v -0.027745 0.025324 0.873011
v 0.038934 0.017590 0.845682
v 0.107641 0.025090 0.858261
v 0.172692 0.018635 0.832725
v 0.252950 0.024025 0.853808
v 0.502489 0.085511 0.845486
v 0.565441 0.110973 0.850081
v 0.592779 0.111216 0.867082
v 0.629386 0.092816 0.852804
v 0.707236 0.084387 0.862116
v 0.729762 0.083792 0.856035
v 0.919494 0.072244 0.835617
v -0.566338 0.094479 0.826141
v -0.521963 0.100764 0.857281
v -0.509378 0.061594 0.836592
v -0.432810 0.059393 0.838671
v -0.390073 0.050315 0.837454
v -0.355092 0.052805 0.845673
v -0.316137 0.057029 0.842809
v -0.135927 0.032891 0.836272
v -0.088616 0.025463 0.841273
v -0.027896 0.025473 0.797829
v 0.084055 0.017764 0.838149
v 0.152694 0.018786 0.840597
v 0.340075 0.021151 0.855100
v 0.457933 0.021310 0.826896
v 0.482476 0.019816 0.846495
v 0.514654 0.106044 0.834146
v 0.535584 0.116288 0.846342
v 0.672507 0.088755 0.862737
v 0.743051 0.080040 0.842086
v 0.904874 0.072476 0.847795
v 0.961855 0.060198 0.836360
v -0.984432 0.068348 0.827023
v -0.874397 0.088647 0.805307
v -0.629018 0.095446 0.826649
v -0.612724 0.094858 0.835247
v -0.540501 0.089519 0.826544
v -0.533375 0.065995 0.806548
v -0.472682 0.053950 0.837592
v -0.445080 0.053970 0.813085
v -0.423192 0.049529 0.816834
v -0.408652 0.048310 0.806223
v -0.347249 0.049482 0.817374
v -0.264146 0.046034 0.837057
v -0.230039 0.036274 0.830641
v -0.175205 0.033437 0.842655
v -0.113035 0.029319 0.842372
v 0.328126 0.021482 0.802494
v 0.345481 0.017417 0.833786
v 0.400220 0.018023 0.819040
v 0.498500 0.039209 0.797335
v 0.531426 0.111441 0.826565
v 0.587472 0.104579 0.822479
v 0.595953 0.099337 0.814152
v 0.626673 0.088879 0.814764
v 0.679450 0.088009 0.849980
v 0.732150 0.080675 0.819858
v 0.758907 0.076177 0.826505
v -0.634968 0.090351 0.798835
v -0.580042 0.084112 0.797716
v -0.562001 0.084471 0.784535
v -0.495972 0.052615 0.814414
v -0.321583 0.044924 0.794346
v -0.262844 0.044064 0.813308
v -0.214359 0.037170 0.809710
v -0.174935 0.034047 0.806519
v -0.050328 0.026116 0.797139
v 0.086687 0.013665 0.812937
v 0.184477 0.013689 0.812635
v 0.197476 0.017482 0.827538
v 0.297114 0.020903 0.837982
v 0.344088 0.017593 0.764062
v 0.392720 0.021474 0.843709
v 0.482618 0.016946 0.820694
v 0.673267 0.084088 0.828538
v 0.699114 0.083877 0.825831
v 0.941504 0.065435 0.820500
v 0.999921 0.029147 0.796907
v -0.546875 0.082275 0.796875
v -0.532416 0.054006 0.785835
v -0.490523 0.048831 0.797588
v -0.451446 0.052779 0.794760
v -0.295154 0.044679 0.795904
v -0.149501 0.033312 0.800125
v -0.001730 0.021648 0.797616
v 0.034322 0.017233 0.786026
v 0.077311 0.013449 0.778557
v 0.233494 0.017416 0.783161
v 0.249585 0.021215 0.809274
v 0.272242 0.022949 0.800141
v 0.315628 0.025968 0.777740
v 0.367141 0.016193 0.801803
v 0.406181 0.013663 0.797255
v 0.444810 0.021671 0.786918
v 0.531030 0.111177 0.797710
v 0.569306 0.110299 0.801823
v 0.639171 0.085484 0.798532
v 0.698796 0.080003 0.775044
v 0.919209 0.068982 0.796628
v -0.610782 0.084615 0.785843
v -0.564772 0.078700 0.757173
v -0.544002 0.060350 0.774767
v -0.427196 0.049975 0.786862
v -0.360586 0.050881 0.789611
v -0.266000 0.039722 0.770230
v -0.236551 0.035028 0.772663
v -0.208188 0.033440 0.767721
v -0.125968 0.029297 0.783186
v 0.018160 0.020796 0.781984
v 0.171470 0.013137 0.789274
v 0.281099 0.025371 0.766485
v 0.483902 0.020050 0.770928
v 0.516250 0.090480 0.770552
v 0.553353 0.108528 0.765954
v 0.650176 0.084611 0.775667
v 0.680177 0.080024 0.790399
v 0.714251 0.076251 0.762867
v 0.922822 0.056390 0.750392
v 0.967395 0.045650 0.785432
v -0.669143 0.091765 0.762210
v -0.647024 0.088709 0.762221
v -0.609414 0.080082 0.765339
v -0.518840 0.049078 0.773692
v -0.434839 0.052708 0.771012
v -0.361124 0.048593 0.765646
v -0.286404 0.041112 0.781024
v -0.184952 0.032962 0.780285
v -0.051028 0.028530 0.762460
v 0.035924 0.015051 0.759796
v 0.148791 0.011850 0.772730
v 0.191526 0.009498 0.754506
v 0.217506 0.013598 0.779287
v 0.231084 0.016308 0.749054
v 0.259173 0.020498 0.758021
v 0.371410 0.013825 0.749279
v 0.425842 0.017860 0.776509
v 0.500228 0.050049 0.757271
v 0.531862 0.103572 0.763144
v 0.585565 0.101299 0.760488
v 0.676327 0.079881 0.757509
v 0.806258 0.076073 0.760945
v 0.894411 0.071721 0.783203
v -0.860131 0.091751 0.760870
v -0.545663 0.051472 0.747419
v -0.505888 0.048599 0.754796
v -0.358462 0.044653 0.737376
v -0.279378 0.037374 0.757170
v -0.178557 0.029277 0.768643
v -0.018309 0.021063 0.745630
v 0.071114 0.003009 0.738720
v 0.156962 0.009033 0.744631
v 0.483551 0.021205 0.737992
v 0.546639 0.107250 0.727129
v 0.600467 0.093769 0.758442
v 0.643044 0.083119 0.750328
v 0.826703 0.072368 0.761433
v 0.847599 0.071349 0.732902
v 0.908976 0.055351 0.732397
v 0.934133 0.052843 0.743969
v 0.952464 0.045208 0.746764
v -0.948383 0.073325 0.731926
v -0.656339 0.087913 0.688597
v -0.575501 0.080027 0.740037
v -0.546606 0.049712 0.718536
v -0.516404 0.045206 0.733903
v -0.462536 0.044874 0.726582
v -0.433441 0.048423 0.742345
v -0.404001 0.052830 0.736777
v -0.349255 0.041272 0.722079
v -0.326655 0.040466 0.729042
v -0.208504 0.029321 0.734037
v -0.045244 0.024322 0.734201
v 0.043765 0.002154 0.714597
v 0.151122 -0.001341 0.721205
v 0.172715 0.002598 0.720464
v 0.216363 0.007898 0.727041
v 0.314974 0.022336 0.733675
v 0.358790 0.013674 0.708786
v 0.444882 0.018349 0.709175
v 0.676953 0.075861 0.739172
v 0.973877 0.040202 0.743245
v -0.982309 0.069048 0.717296
v -0.563143 0.067592 0.691037
v -0.523129 0.043758 0.710629
v -0.407201 0.049106 0.718955
v -0.372808 0.047047 0.725799
v -0.281511 0.033305 0.717497
v -0.245024 0.032155 0.718075
v -0.227456 0.032281 0.734918
v -0.093880 0.029140 0.742179
v -0.096568 0.025136 0.717659
v -0.065717 0.014252 0.687888
v 0.202790 0.004431 0.712503
v 0.246970 0.013031 0.719450
v 0.257416 0.011952 0.716067
v 0.302318 0.022190 0.717946
v 0.515346 0.095750 0.704698
v 0.531720 0.106182 0.705125
v 0.561881 0.107659 0.696843
v 0.578898 0.103230 0.725176
v 0.703373 0.072368 0.714944
v 0.695280 0.075802 0.731469
v 0.782485 0.076162 0.719346
v 0.881608 0.066817 0.728748
v -0.966113 0.068355 0.714278
v -0.936989 0.072546 0.716507
v -0.892124 0.087359 0.692439
v -0.578856 0.080427 0.676560
v -0.457736 0.044730 0.701489
v -0.433240 0.049309 0.701095
v -0.383067 0.042017 0.703873
v -0.307457 0.037157 0.708337
v -0.213807 0.030764 0.695765
v -0.156370 0.028224 0.683670
v -0.031771 0.007454 0.693255
v 0.015257 0.002809 0.706115
v 0.054341 -0.005554 0.697535
v 0.094589 -0.008349 0.694540
v 0.330585 0.020461 0.700462
v 0.421544 0.017495 0.706831
v 0.545367 0.107371 0.672393
v 0.589245 0.096668 0.699939
v 0.620279 0.085059 0.716450
v 0.653391 0.076655 0.711680
v 0.669340 0.072383 0.696710
v 0.788537 0.072276 0.703549
v 0.901743 0.057770 0.703505
v 0.956179 0.044367 0.711151
v -0.983753 0.072343 0.665892
v -0.960808 0.067501 0.673973
v -0.876793 0.087569 0.662056
v -0.546646 0.044018 0.683881
v -0.498370 0.039905 0.700295
v -0.485456 0.038789 0.679155
v -0.450265 0.032066 0.650640
v -0.415118 0.040991 0.686418
v -0.363232 0.036890 0.686266
v -0.344127 0.036717 0.675415
v -0.203935 0.030982 0.684633
v -0.139526 0.025507 0.688536
v -0.124482 0.024355 0.685125
v -0.085203 0.011494 0.670759
v 0.029069 -0.003882 0.677909
v 0.131961 -0.012884 0.677586
v 0.243977 0.005455 0.686543
v 0.369891 0.013750 0.668630
v 0.422411 0.013806 0.685391
v 0.459404 0.017856 0.660549
v 0.483215 0.017388 0.695619
v 0.515617 0.089435 0.683713
v 0.531683 0.105383 0.680972
v 0.615950 0.085288 0.671871
v 0.644946 0.073987 0.679320
v 0.845501 0.068013 0.689777
v -0.846305 0.091796 0.657903
v -0.663638 0.091691 0.677539
v -0.638848 0.087657 0.681758
v -0.599160 0.080608 0.655068
v -0.519285 0.036867 0.666398
v -0.438836 0.037906 0.660298
v -0.326029 0.031958 0.665529
v -0.218105 0.028974 0.670731
v -0.012720 -0.002112 0.657718
v 0.045880 -0.006398 0.656141
v 0.159500 -0.009799 0.682475
v 0.283191 0.005637 0.659048
v 0.296596 0.015018 0.693386
v 0.485933 0.015659 0.663006
v 0.495127 0.027893 0.665920
v 0.670429 0.068547 0.668351
v 0.802302 0.072308 0.675870
v 0.855066 0.065556 0.670844
v 0.899586 0.054382 0.682618
v 0.934797 0.045054 0.669833
v -0.935677 0.072817 0.646576
v -0.858938 0.088192 0.647279
v -0.561754 0.076134 0.643806
v -0.543353 0.049809 0.634400
v -0.536658 0.043414 0.649163
v -0.485774 0.026532 0.628263
v -0.289495 0.033251 0.665652
v -0.275716 0.029667 0.659012
v -0.172536 0.024931 0.656351
v -0.084587 0.007336 0.646530
v 0.095904 -0.010295 0.670952
v 0.144188 -0.014040 0.659478
v 0.195892 -0.008382 0.669911
v 0.240887 0.001886 0.672158
v 0.303073 0.012991 0.664035
v 0.344798 0.015503 0.646999
v 0.442205 0.013862 0.597725
v 0.509816 0.061266 0.661899
v 0.535849 0.098982 0.642344
v 0.724792 0.068618 0.649774
v 0.739400 0.072303 0.659885
v 0.890028 0.037064 0.592276
v 0.982899 0.048547 0.644723
v -0.590765 0.079127 0.635129
v -0.373345 0.035511 0.664691
v -0.355350 0.029202 0.656299
v -0.337918 0.027332 0.632277
v -0.206891 0.024413 0.650587
v -0.184430 0.014399 0.613991
v -0.036816 0.000221 0.658909
v -0.039279 -0.002516 0.617451
v 0.017621 -0.006458 0.637324
v 0.032593 -0.010140 0.634737
v 0.058956 -0.009983 0.644170
v 0.085744 -0.014038 0.650271
v 0.099523 -0.014176 0.634194
v 0.144405 -0.018224 0.631987
v 0.172038 -0.013794 0.655872
v 0.494728 0.017508 0.637748
v 0.553042 0.108471 0.640699
v 0.584720 0.099743 0.636705
v 0.621360 0.080264 0.642471
v 0.650982 0.068372 0.645647
v 0.692249 0.067103 0.638010
v 0.769641 0.068749 0.646866
v 0.812847 0.068224 0.650560
v 0.867481 0.063190 0.658015
v 0.873522 0.049375 0.609804
v 0.922343 0.038473 0.630112
v 0.966015 0.044784 0.652558
v -0.914554 0.073921 0.624306
v -0.879671 0.087211 0.624751
v -0.828219 0.091773 0.569820
v -0.626388 0.087958 0.596005
v -0.562818 0.079095 0.624299
v -0.514934 0.032956 0.626538
v -0.392370 0.019746 0.618819
v -0.365544 0.021242 0.616171
v -0.312618 0.026154 0.611803
v -0.283841 0.029216 0.633306
v -0.239103 0.024984 0.623368
v -0.128582 0.007328 0.612957
v 0.109345 -0.018596 0.616235
v 0.128439 -0.017767 0.612434
v 0.225991 -0.009741 0.631877
v 0.296450 0.002525 0.626521
v 0.510097 0.018765 0.630373
v 0.576829 0.099088 0.612395
v 0.637635 0.069945 0.625100
v 0.672165 0.065378 0.611902
v 0.742970 0.068417 0.623942
v 0.802861 0.064683 0.629611
v 0.833730 0.062710 0.621701
v 0.947575 0.043287 0.626717
v -0.972405 0.072227 0.614431
v -0.853552 0.089130 0.608848
v -0.652648 0.091644 0.612290
v -0.593590 0.083745 0.603334
v -0.469654 0.019860 0.601973
v -0.411533 0.022931 0.614812
v -0.272613 0.024993 0.601207
v -0.094646 0.002177 0.607493
v -0.070126 0.000189 0.608947
v 0.059165 -0.010381 0.589764
v 0.195976 -0.013971 0.608901
v 0.295391 0.001427 0.609600
v 0.328933 0.009978 0.619704
v 0.458557 0.017717 0.612538
v 0.560957 0.095135 0.610516
v 0.602072 0.088014 0.611008
v 0.656753 0.064243 0.610451
v 0.709174 0.064493 0.617058
v 0.760654 0.064370 0.608160
v 0.929529 0.037614 0.593321
v 0.979710 0.046917 0.605982
v -0.981425 0.067931 0.594510
v -0.610482 0.085563 0.588724
v -0.547825 0.073190 0.606205
v -0.516818 0.034544 0.595964
v -0.498740 0.024703 0.588942
v -0.407574 0.011091 0.586866
v -0.367320 0.017843 0.595381
v -0.331835 0.025629 0.596756
v -0.207634 0.017945 0.610841
v -0.093137 0.001734 0.540356
v -0.063655 0.001103 0.592838
v 0.101719 -0.014095 0.598093
v 0.141369 -0.015592 0.580279
v 0.209249 -0.013903 0.582761
v 0.242475 -0.009522 0.601049
v 0.374564 0.012388 0.589576
v 0.392185 0.009777 0.586946
v 0.391372 0.013446 0.605059
v 0.475604 0.018663 0.577538
v 0.500332 0.013444 0.589333
v 0.502715 0.017208 0.607913
v 0.541574 0.017121 0.592517
v 0.566048 0.085883 0.588820
v 0.656844 0.064446 0.575025
v 0.706254 0.060395 0.584562
v 0.720325 0.064336 0.593283
v 0.780146 0.061020 0.597864
v 0.839546 0.059941 0.602585
v -0.859925 0.087753 0.578249
v -0.563793 0.080092 0.562987
v -0.542331 0.077509 0.585505
v -0.453073 0.014072 0.579672
v -0.432084 0.013352 0.569034
v -0.331170 0.017880 0.563641
v -0.261499 0.018219 0.564975
v -0.184317 0.011407 0.586708
v -0.139983 0.009527 0.594681
v -0.112726 0.005985 0.603226
v -0.056220 -0.002207 0.575713
v -0.031530 -0.006055 0.604217
v 0.077590 -0.013945 0.585221
v 0.162106 -0.014868 0.581737
v 0.227224 -0.010197 0.584772
v 0.275263 -0.003681 0.596679
v 0.310724 0.001548 0.576737
v 0.313797 0.006195 0.605642
v 0.437208 0.010230 0.579445
v 0.517461 0.017333 0.570114
v 0.538830 0.016542 0.578402
v 0.543199 0.014789 0.583425
v 0.578125 0.091797 0.578125
v 0.619611 0.078028 0.580211
v 0.908863 0.032728 0.584711
v 0.952966 0.044787 0.575968
v -0.915765 0.072291 0.571021
v -0.520857 0.072493 0.557614
v -0.501916 0.025104 0.569185
v -0.465426 0.013382 0.557207
v -0.365844 0.011344 0.542842
v -0.383047 0.014159 0.579463
v -0.229941 0.013867 0.563560
v -0.184308 0.009580 0.552140
v -0.123060 0.005773 0.552171
v 0.012020 -0.010058 0.570727
v 0.081124 -0.008029 0.549275
v 0.113240 -0.012824 0.559890
v 0.179377 -0.014376 0.563112
v 0.424729 0.009692 0.516140
v 0.549034 0.014378 0.561449
v 0.560248 0.017911 0.554901
v 0.581921 0.082473 0.559735
v 0.593195 0.083220 0.545583
v 0.631763 0.070666 0.564009
v 0.659163 0.061054 0.559001
v 0.790048 0.056355 0.565937
v 0.842675 0.056482 0.577519
v 0.903386 0.032803 0.563031
v 0.934827 0.037448 0.564175
v 0.968320 0.044128 0.559133
v -0.963322 0.068180 0.557831
v -0.942709 0.071994 0.561980
v -0.842755 0.087989 0.561588
v -0.591451 0.083735 0.560568
v -0.485712 0.012183 0.549607
v -0.220856 0.009178 0.545266
v -0.000208 -0.002392 0.518031
v -0.026255 -0.006300 0.556077
v 0.017257 -0.006211 0.547833
v 0.145013 -0.011622 0.553142
v 0.226260 -0.010095 0.548780
v 0.253361 -0.009026 0.551428
v 0.283196 -0.002237 0.529872
v 0.300469 -0.001507 0.545303
v 0.495979 0.013329 0.543321
v 0.578125 0.065430 0.546875
v 0.608385 0.080129 0.533327
v 0.663211 0.061722 0.546000
v 0.700003 0.056390 0.551598
v 0.766295 0.056884 0.564711
v 0.778775 0.052851 0.532792
v -0.892104 0.072489 0.501616
v -0.829945 0.087826 0.515162
v -0.811139 0.091795 0.535980
v -0.508312 0.077732 0.536596
v -0.484375 0.016602 0.531250
v -0.472644 0.007043 0.525789
v -0.441720 0.003201 0.518760
v -0.363031 0.009425 0.529561
v -0.244111 0.008617 0.527031
v -0.189343 0.004998 0.527671
v -0.150306 0.005090 0.528457
v -0.124276 0.002032 0.531574
v 0.011888 -0.002153 0.527263
v 0.033960 -0.006071 0.530518
v 0.146117 -0.005982 0.530550
v 0.232079 -0.009969 0.531135
v 0.325333 -0.002116 0.515531
v 0.370400 0.004709 0.532500
v 0.483965 0.009874 0.529537
v 0.548085 0.009926 0.524258
v 0.584389 0.049333 0.518541
v 0.648479 0.064984 0.523134
v 0.664061 0.057928 0.531691
v 0.703951 0.052755 0.529971
v 0.733406 0.053340 0.519247
v 0.752512 0.053034 0.528031
v 0.755972 0.056724 0.547059
v 0.796902 0.056273 0.521114
v 0.824268 0.055001 0.538321
v 0.877865 0.036087 0.540150
v 0.889963 0.033155 0.516287
v 0.958314 0.041542 0.531505
v -0.979369 0.067693 0.516648
v -0.891433 0.075778 0.529392
v -0.824067 0.088101 0.526811
v -0.611482 0.087929 0.502560
v -0.558313 0.080104 0.485296
v -0.487956 0.071716 0.512141
v -0.407056 0.009383 0.545094
v -0.349385 0.006745 0.516560
v -0.276347 0.009843 0.513920
v -0.170886 -0.001859 0.500851
v 0.053745 0.002209 0.499803
v 0.078125 0.001953 0.515625
v 0.168730 -0.008689 0.525968
v 0.239644 -0.006626 0.507179
v 0.363011 0.002865 0.508208
v 0.564423 0.009893 0.511720
v 0.595583 0.078116 0.517715
v 0.685185 0.057395 0.515960
v 0.828439 0.052424 0.518563
v 0.971235 0.032728 0.500479
v -0.958563 0.072269 0.501404
v -0.782197 0.091778 0.490417
v -0.642841 0.092296 0.503000
v -0.579531 0.084071 0.486216
v -0.486937 0.079943 0.487141
v -0.529586 0.079775 0.532249
v -0.421962 -0.001654 0.500241
v -0.351260 -0.002353 0.499622
v -0.296615 0.001848 0.499996
v -0.245903 0.002522 0.501829
v -0.185554 -0.001475 0.486712
v -0.135663 -0.002187 0.503164
v -0.084116 -0.002203 0.515929
v 0.021461 0.002343 0.500281
v 0.148324 0.001929 0.493596
v 0.202868 -0.004513 0.508490
v 0.316602 -0.001271 0.493936
v 0.523707 0.018865 0.516719
v 0.547559 0.009473 0.480619
v 0.592890 0.082267 0.481268
v 0.638110 0.064957 0.492561
v 0.683546 0.053547 0.488955
v 0.806373 0.052607 0.487697
v 0.895758 0.029098 0.497742
v 0.928384 0.033819 0.505168
v -0.814029 0.087508 0.484695
v -0.797382 0.087924 0.482099
v -0.606747 0.091150 0.483508
v -0.448946 0.054426 0.478665
v -0.415970 0.002569 0.486213
v -0.386633 -0.002139 0.484487
v -0.292298 -0.002054 0.483661
v -0.081926 -0.002102 0.481165
v -0.032049 -0.001691 0.496437
v 0.091737 0.005071 0.487468
v 0.120231 0.002076 0.483883
v 0.192081 0.001587 0.470388
v 0.280239 -0.002224 0.485418
v 0.373621 0.001756 0.497359
v 0.408151 0.006028 0.511545
v 0.478856 0.005965 0.475764
v 0.470071 0.009738 0.495480
v 0.559837 0.019828 0.452627
v 0.618389 0.073828 0.489467
v 0.821942 0.050587 0.485970
v 0.862378 0.034630 0.494180
v 0.923838 0.029836 0.462411
v 0.937756 0.031491 0.467509
v -0.550733 0.085017 0.453105
v -0.477714 0.075864 0.477832
v -0.461986 0.071097 0.478293
v -0.435385 0.012611 0.485620
v -0.401829 0.018721 0.461859
v -0.384363 0.006006 0.469162
v -0.354871 0.001938 0.468978
v -0.248867 0.001284 0.471764
v -0.230957 -0.002448 0.482614
v -0.151042 -0.002197 0.468750
v -0.141478 -0.002041 0.454071
v -0.019862 0.002142 0.468853
v 0.002293 -0.000486 0.469183
v 0.036766 0.005809 0.475324
v 0.130910 0.006247 0.457370
v 0.217849 -0.002164 0.477194
v 0.366596 -0.002486 0.474520
v 0.398749 0.002118 0.466091
v 0.417827 0.005824 0.467071
v 0.520508 0.009826 0.475687
v 0.578521 0.077988 0.454160
v 0.591413 0.081378 0.454862
v 0.640824 0.068318 0.465059
v 0.657026 0.060133 0.452123
v 0.706036 0.052771 0.468750
v 0.961609 0.028917 0.473175
v -0.637602 0.097028 0.469110
v -0.630349 0.091835 0.420786
v -0.605812 0.091448 0.465138
v -0.563314 0.084299 0.463281
v -0.499302 0.079321 0.424899
v -0.422468 0.065558 0.452691
v -0.359852 0.014373 0.452954
v -0.276040 0.009268 0.453320
v -0.223540 0.003479 0.453091
v -0.087480 0.002529 0.449382
v 0.018845 -0.002225 0.441259
v 0.031713 0.005907 0.438184
v 0.081511 0.005911 0.454848
v 0.217648 0.001925 0.453232
v 0.280567 -0.001999 0.467310
v 0.367490 -0.002278 0.439328
v 0.397395 0.001596 0.417715
v 0.545245 0.005668 0.443258
v 0.686587 0.053141 0.452670
v 0.768892 0.049376 0.444692
v 0.838207 0.042386 0.464653
v 0.871118 0.030242 0.469289
v -0.812098 0.087933 0.420895
v -0.652579 0.091805 0.444646
v -0.531602 0.080571 0.451657
v -0.438233 0.075597 0.454347
v -0.407009 0.075780 0.438515
v -0.329054 0.034775 0.437005
v -0.253507 0.037474 0.439178
v -0.216369 0.043873 0.435474
v -0.178751 0.002871 0.451855
v -0.162979 0.013793 0.437697
v -0.107235 0.005273 0.437604
v -0.034852 0.016552 0.434662
v -0.011103 0.001762 0.451167
v 0.000980 -0.003721 0.434064
v 0.075993 0.018732 0.443388
v 0.093750 0.007813 0.437500
v 0.117995 0.006163 0.436556
v 0.152654 0.001749 0.438160
v 0.220306 0.001936 0.437439
v 0.280225 0.001865 0.423428
v 0.294272 -0.002143 0.438454
v 0.446963 0.005853 0.436778
v 0.487967 0.001284 0.437610
v 0.514477 0.005871 0.452695
v 0.578036 0.086184 0.425899
v 0.592743 0.084228 0.429258
v 0.618686 0.073474 0.428587
v 0.672451 0.060186 0.429237
v 0.703165 0.052787 0.429674
v 0.755193 0.052633 0.452453
v 0.792798 0.051902 0.446731
v 0.836341 0.038548 0.429203
v 0.873832 0.029496 0.418943
v 0.926396 0.025444 0.437712
v 0.952994 0.025503 0.328521
v 0.970277 0.029286 0.392608
v -0.874852 0.072303 0.422959
v -0.790690 0.091781 0.423467
v -0.556386 0.088293 0.430681
v -0.484274 0.076013 0.407293
v -0.463071 0.075976 0.426132
v -0.367419 0.075414 0.423398
v -0.340436 0.075071 0.421709
v -0.281026 0.069975 0.421633
v -0.230018 0.056919 0.423466
v -0.206665 0.053822 0.423552
v -0.171663 0.041350 0.422660
v -0.123497 0.040447 0.421779
v -0.080064 0.040518 0.421711
v -0.040792 0.033745 0.421075
v 0.014570 -0.006256 0.419833
v 0.034113 0.026746 0.418681
v 0.049388 0.034359 0.421632
v 0.088231 0.037462 0.422630
v 0.109375 0.037109 0.421875
v 0.125000 0.010743 0.421875
v 0.148312 0.010818 0.423702
v 0.231984 0.005666 0.406865
v 0.365771 -0.002739 0.423259
v 0.442862 0.001966 0.419665
v 0.561931 0.019593 0.407816
v 0.646032 0.066624 0.426859
v 0.894709 0.028276 0.422674
v -0.973908 0.072575 0.409310
v -0.887178 0.073353 0.405058
v -0.526905 0.090267 0.408180
v -0.468590 0.070934 0.407425
v -0.357708 0.078597 0.406191
v -0.293304 0.073296 0.406824
v -0.254749 0.062415 0.408371
v -0.168721 0.042231 0.407124
v -0.052613 0.023869 0.406738
v -0.015318 0.006500 0.413690
v 0.055927 0.037011 0.407432
v 0.169491 0.040758 0.406438
v 0.195475 0.006205 0.418101
v 0.286842 0.001952 0.393274
v 0.356440 0.001600 0.410729
v 0.490881 0.002351 0.389940
v 0.551501 0.006007 0.386065
v 0.578230 0.080721 0.392563
v 0.593750 0.080078 0.406250
v 0.613401 0.073406 0.397404
v 0.727583 0.050909 0.408791
v 0.795613 0.048713 0.424194
v 0.847414 0.031824 0.408776
v 0.932569 0.024760 0.404389
v -0.984188 0.072516 0.314575
v -0.968582 0.076167 0.401612
v -0.875916 0.076270 0.390195
v -0.828358 0.087832 0.390527
v -0.642609 0.091712 0.405911
v -0.544355 0.092011 0.399033
v -0.530882 0.084590 0.375205
v -0.498613 0.086359 0.403171
v -0.459768 0.076090 0.381025
v -0.420224 0.075962 0.375954
v -0.380734 0.076193 0.390266
v -0.353510 0.070937 0.390814
v -0.283171 0.059357 0.390085
v -0.243208 0.050610 0.392602
v -0.171881 0.031254 0.386306
v -0.124664 0.034157 0.394122
v -0.094337 0.028714 0.389846
v -0.000541 -0.010019 0.392484
v 0.029338 0.012536 0.368673
v 0.046164 0.022712 0.381682
v 0.098923 0.039091 0.393434
v 0.125074 0.044551 0.386745
v 0.123757 0.041537 0.404855
v 0.215673 0.003282 0.394758
v 0.252336 0.006137 0.391919
v 0.372026 0.001844 0.388866
v 0.507665 0.005878 0.390848
v 0.595112 0.080168 0.380848
v 0.684219 0.057480 0.361662
v 0.704010 0.056419 0.375941
v 0.792166 0.044446 0.403898
v 0.878978 0.029169 0.377500
v 0.901964 0.026354 0.391212
v 0.922221 0.021872 0.386118
v -0.930015 0.076170 0.359112
v -0.724540 0.091682 0.319481
v -0.586433 0.091730 0.371946
v -0.440929 0.071822 0.382174
v -0.381340 0.068287 0.380626
v -0.305412 0.026068 0.362426
v -0.166395 0.016858 0.360587
v -0.055041 0.024337 0.391131
v -0.031519 0.011011 0.377804
v -0.000205 -0.008311 0.367097
v 0.093440 0.035756 0.374668
v 0.165498 0.044707 0.373803
v 0.195002 0.042883 0.380024
v 0.218750 0.011718 0.375000
v 0.408583 0.001939 0.390573
v 0.562968 0.006093 0.364072
v 0.579990 0.069874 0.360095
v 0.609101 0.072631 0.351442
v 0.626268 0.071565 0.355269
v 0.743269 0.047700 0.375012
v 0.859118 0.029457 0.349713
v -0.875649 0.079911 0.370783
v -0.843966 0.087837 0.359229
v -0.820349 0.091788 0.370417
v -0.632966 0.087979 0.395178
v -0.656806 0.084973 0.347369
v -0.595742 0.088234 0.356943
v -0.564961 0.088227 0.368311
v -0.500608 0.076332 0.358519
v -0.453125 0.076172 0.359375
v -0.421704 0.070833 0.360255
v -0.361103 0.018005 0.352257
v -0.261686 0.022994 0.361137
v -0.235506 0.014233 0.350494
v -0.020826 -0.005135 0.364492
v -0.014767 -0.010385 0.350614
v 0.218750 0.037109 0.359375
v 0.234375 0.037109 0.359375
v 0.249083 0.001807 0.369072
v 0.389192 -0.002200 0.379468
v 0.516602 0.002104 0.343183
v 0.544879 0.005787 0.346077
v 0.593744 0.083338 0.346977
v 0.721151 0.047831 0.345485
v 0.820382 0.038327 0.373719
v -0.967407 0.076506 0.329685
v -0.952095 0.080204 0.333837
v -0.890385 0.080144 0.344404
v -0.849032 0.090476 0.331270
v -0.626055 0.083714 0.340988
v -0.572235 0.083983 0.338653
v -0.472623 0.074957 0.349357
v -0.448948 0.031947 0.332209
v -0.429436 0.038622 0.342910
v -0.396070 0.028524 0.347944
v -0.375742 0.018604 0.345085
v -0.328113 0.013211 0.343134
v -0.293432 -0.000858 0.329732
v -0.206882 0.007669 0.344003
v -0.150698 0.009655 0.351730
v -0.103221 0.006052 0.343338
v -0.069572 0.003216 0.342778
v 0.007787 0.008266 0.338001
v 0.057318 0.020769 0.340341
v 0.087276 0.023623 0.345744
v 0.113351 0.036670 0.369298
v 0.136154 0.037136 0.354627
v 0.233575 0.038803 0.326974
v 0.250273 0.001610 0.330486
v 0.281054 0.001919 0.331761
v 0.325428 0.001905 0.344501
v 0.429672 -0.001929 0.344268
v 0.454946 0.001645 0.333635
v 0.562721 0.011799 0.330784
v 0.677083 0.063151 0.343750
v 0.771879 0.043265 0.359066
v 0.789763 0.038118 0.333852
v 0.902702 0.022111 0.359745
v 0.937389 0.025435 0.300816
v 0.970771 0.029453 0.324696
v -0.860508 0.087813 0.310628
v -0.706627 0.087998 0.313670
v -0.632251 0.084072 0.312118
v -0.605852 0.087957 0.317704
v -0.504197 0.076696 0.324678
v -0.484375 0.072266 0.328125
v -0.463705 0.029765 0.314544
v -0.432433 0.020096 0.323155
v -0.354579 0.005418 0.313859
v -0.239448 -0.007054 0.325461
v -0.192585 -0.018567 0.327567
v -0.148374 -0.012874 0.329291
v -0.111601 -0.014122 0.326529
v -0.084679 -0.011583 0.325902
v -0.047331 -0.017174 0.327871
v 0.035234 0.009883 0.314040
v 0.116541 0.027182 0.327024
v 0.179516 0.037232 0.339806
v 0.201763 0.045201 0.345386
v 0.273192 -0.001478 0.318792
v 0.322191 -0.002155 0.328974
v 0.378305 -0.002334 0.348010
v 0.399463 -0.009960 0.304053
v 0.476706 0.001083 0.347299
v 0.501209 -0.001689 0.329938
v 0.544163 0.006473 0.308864
v 0.578125 0.073242 0.328125
v 0.594474 0.080102 0.316593
v 0.609945 0.072735 0.312261
v 0.636947 0.069362 0.330876
v 0.680261 0.058887 0.327985
v 0.821232 0.036420 0.324426
v 0.853703 0.025620 0.310323
v 0.916400 0.020625 0.342078
v 1.000013 0.029254 0.342646
v -0.924385 0.080105 0.257841
v -0.683106 0.083924 0.305086
v -0.489814 0.039732 0.310234
v -0.453125 0.029297 0.312500
v -0.431329 0.011559 0.310027
v -0.380504 0.003494 0.304981
v -0.259614 -0.011298 0.312349
v -0.159968 -0.014408 0.314458
v -0.131632 -0.017849 0.312677
v -0.101099 -0.022475 0.312369
v -0.046530 -0.017562 0.314461
v 0.087104 0.022208 0.320608
v 0.152781 0.029222 0.283409
v 0.171368 0.036687 0.290986
v 0.203146 0.038227 0.297778
v 0.235590 0.036987 0.308056
v 0.250000 0.005859 0.312500
v 0.322355 -0.002334 0.296673
v 0.367753 -0.006636 0.311540
v 0.416141 -0.005674 0.330682
v 0.566668 0.057457 0.296485
v 0.578125 0.080078 0.312500
v 0.748084 0.037474 0.311241
v 0.901492 0.019043 0.328355
v -0.904962 0.080121 0.298411
v -0.664661 0.078744 0.290961
v -0.596788 0.084174 0.282961
v -0.578097 0.083760 0.295238
v -0.541059 0.083952 0.298734
v -0.512128 0.078668 0.314123
v -0.460581 0.003964 0.289299
v -0.436475 0.001237 0.295317
v -0.402824 0.005319 0.297115
v -0.313523 -0.010668 0.310656
v -0.303012 -0.039620 0.283581
v -0.247154 -0.041363 0.280481
v -0.198933 -0.029260 0.304454
v -0.162629 -0.010046 0.300193
v -0.125856 -0.008444 0.290147
v -0.057682 -0.010505 0.287849
v -0.037376 -0.007427 0.296218
v -0.003785 0.005417 0.319420
v 0.058042 0.020032 0.321433
v 0.219879 0.040641 0.296896
v 0.265625 -0.002197 0.296875
v 0.421919 -0.009686 0.298123
v 0.500191 -0.014091 0.279685
v 0.532234 0.006224 0.295257
v 0.546875 0.017579 0.296875
v 0.578192 0.065314 0.286746
v 0.600218 0.068281 0.289918
v 0.656369 0.064293 0.282342
v 0.698282 0.048396 0.302106
v 0.778511 0.037002 0.296794
v -0.962911 0.076334 0.284636
v -0.870896 0.088939 0.234292
v -0.742777 0.091522 0.253101
v -0.708424 0.085969 0.282913
v -0.667589 0.079723 0.281765
v -0.648302 0.081386 0.274499
v -0.531250 0.076171 0.281250
v -0.513747 0.029368 0.279723
v -0.485191 0.017692 0.280543
v -0.393411 -0.017699 0.278885
v -0.334256 -0.026421 0.282236
v -0.222340 -0.037571 0.290672
v -0.204411 -0.034236 0.280559
v -0.186135 -0.022368 0.279831
v -0.148038 -0.014492 0.279719
v -0.092101 -0.010070 0.280741
v -0.017435 0.000488 0.287588
v 0.081203 0.018753 0.268602
v 0.192035 0.038231 0.281877
v 0.251045 0.034609 0.290579
v 0.267896 -0.001623 0.274989
v 0.447103 -0.009154 0.280540
v 0.478819 -0.016242 0.269127
v 0.519002 -0.005225 0.272369
v 0.546875 0.052734 0.281250
v 0.564624 0.055786 0.274296
v 0.618214 0.059064 0.256868
v 0.719008 0.037232 0.280698
v 0.782239 0.032905 0.278408
v 0.797047 0.032241 0.277586
v 0.892813 0.017602 0.313528
v 0.914495 0.018136 0.235202
v 0.919918 0.021857 0.298204
v 0.956077 0.023855 0.278660
v -0.986856 0.066087 0.251967
v -0.936807 0.076359 0.256672
v -0.858878 0.088222 0.254352
v -0.717714 0.087611 0.223707
v -0.606504 0.079636 0.265899
v -0.531250 0.053711 0.265625
v -0.468525 0.005825 0.261819
v -0.443082 -0.012130 0.265592
v -0.406250 -0.021729 0.265625
v -0.373331 -0.022484 0.264153
v -0.294211 -0.045335 0.266188
v -0.265763 -0.045524 0.249199
v -0.207001 -0.048955 0.250916
v -0.184620 -0.042157 0.257042
v -0.054856 -0.010610 0.256525
v 0.008973 0.004641 0.266088
v 0.045694 0.005966 0.281454
v 0.171301 0.033392 0.272271
v 0.215778 0.043409 0.270826
v 0.232375 0.041664 0.265825
v 0.250000 0.007812 0.265625
v 0.291840 -0.006182 0.269506
v 0.336789 -0.006105 0.279972
v 0.383610 -0.019663 0.253934
v 0.531250 0.036133 0.265625
v 0.540854 0.051133 0.253647
v 0.637778 0.061366 0.255166
v 0.670814 0.058518 0.273037
v 0.699640 0.033807 0.245852
v 0.730377 0.030529 0.267052
v -0.968279 0.071772 0.247845
v -0.549662 0.075860 0.263726
v -0.517666 0.035002 0.251779
v -0.490256 0.016045 0.249695
v -0.434042 -0.006407 0.249355
v -0.380566 -0.020275 0.250988
v -0.311273 -0.042027 0.233391
v -0.088575 -0.015555 0.253220
v 0.124020 0.029193 0.252769
v 0.191058 0.037816 0.249962
v 0.223077 0.046139 0.235140
v 0.250832 0.032373 0.239011
v 0.266913 -0.002880 0.247761
v 0.281250 -0.006104 0.250000
v 0.312081 -0.008325 0.241122
v 0.363000 -0.008401 0.277086
v 0.353110 -0.010819 0.240649
v 0.515745 -0.009086 0.239211
v 0.531250 0.052734 0.250000
v 0.582235 0.049501 0.247839
v 0.926316 0.021925 0.247309
v -0.905807 0.080017 0.234221
v -0.765534 0.091787 0.215180
v -0.674284 0.076579 0.263154
v -0.643677 0.076085 0.231835
v -0.624753 0.079969 0.235113
v -0.590940 0.075521 0.217187
v -0.525826 0.026636 0.230697
v -0.479992 0.007386 0.225933
v -0.421743 -0.006328 0.232056
v -0.240728 -0.047985 0.247024
v -0.219058 -0.048158 0.228947
v -0.156555 -0.048467 0.237517
v -0.123059 -0.029243 0.243247
v -0.042963 -0.013112 0.234200
v -0.012227 -0.001786 0.236412
v 0.031152 0.002382 0.234277
v 0.081798 0.018893 0.232027
v 0.201808 0.037065 0.232100
v 0.237527 0.047420 0.228963
v 0.425887 -0.027747 0.222783
v 0.450514 -0.013983 0.249851
v 0.501236 -0.013623 0.229672
v 0.548848 0.044560 0.233413
v 0.564475 0.048680 0.221481
v 0.578015 0.049003 0.200624
v 0.718885 0.024217 0.229664
v 0.758438 0.031555 0.257502
v 0.772474 0.021852 0.225575
v 0.844309 0.015936 0.258790
v 0.872327 0.014548 0.253703
v 0.937917 0.014703 0.223350
v 0.980837 0.005952 0.243116
v -0.844449 0.091753 0.224674
v -0.738964 0.087962 0.233876
v -0.675422 0.073204 0.198575
v -0.621192 0.075543 0.205865
v -0.566393 0.071263 0.228966
v -0.552776 0.032262 0.209784
v -0.518945 0.002845 0.187034
v -0.500731 0.002726 0.205194
v -0.423245 -0.009912 0.218251
v -0.394381 -0.017384 0.229511
v -0.294211 -0.040239 0.213103
v -0.232206 -0.037461 0.205355
v -0.189059 -0.044725 0.213700
v -0.175614 -0.048707 0.230621
v -0.069401 -0.020082 0.217150
v -0.048558 -0.018503 0.216662
v -0.016425 -0.007743 0.208958
v 0.029770 0.002035 0.205292
v 0.059483 0.007374 0.230071
v 0.119841 0.033011 0.227340
v 0.192774 0.038816 0.189529
v 0.253060 -0.002506 0.212573
v 0.264870 -0.012929 0.206622
v 0.328376 -0.014395 0.216537
v 0.405231 -0.028823 0.221002
v 0.467502 -0.014412 0.204038
v 0.532061 0.038982 0.229074
v 0.657629 0.053694 0.224437
v 0.687500 0.029297 0.218750
v 0.734577 0.023339 0.210617
v 0.784214 0.020222 0.217173
v 0.834610 0.013345 0.217444
v 0.881199 0.014074 0.224405
v 0.899151 0.017791 0.222344
v 0.958402 0.007129 0.212072
v 1.000047 -0.002057 0.234362
v -0.982069 0.054680 0.190559
v -0.931805 0.071760 0.209873
v -0.907295 0.070568 0.196570
v -0.876228 0.087495 0.192713
v -0.856732 0.088551 0.185615
v -0.732861 0.087713 0.194823
v -0.642377 0.072666 0.204428
v -0.596163 0.068660 0.203241
v -0.375295 -0.031935 0.208899
v -0.116076 -0.048428 0.216910
v 0.000525 -0.003160 0.197332
v 0.062899 0.008088 0.191642
v 0.103592 0.028551 0.208446
v 0.215881 0.045071 0.198291
v 0.304699 -0.013908 0.201104
v 0.492047 -0.007083 0.211014
v 0.504459 0.048501 0.188574
v 0.524072 0.044136 0.207780
v 0.603355 0.061770 0.195693
v 0.672717 0.035578 0.203358
v 0.702399 0.021988 0.203638
v 0.749541 0.016353 0.180953
v 0.766164 0.002651 0.145895
v 0.797265 0.014008 0.204610
v 0.816219 0.010803 0.193817
v 0.845017 0.009726 0.201835
v 0.874467 0.013214 0.201682
v 0.925765 0.008270 0.194230
v 1.000040 -0.008137 0.208881
v -0.965775 0.057379 0.194929
v -0.780925 0.091602 0.167982
v -0.760450 0.087928 0.180481
v -0.627247 0.071307 0.193406
v -0.581230 0.040147 0.188752
v -0.542528 0.024285 0.190702
v -0.462288 -0.023397 0.172380
v -0.425941 -0.023283 0.189312
v -0.363337 -0.041254 0.184110
v -0.314988 -0.038224 0.188310
v -0.221462 -0.033691 0.190767
v -0.171196 -0.048343 0.171396
v 0.034599 -0.001468 0.186053
v 0.086489 0.016368 0.190883
v 0.115159 0.019512 0.176781
v 0.136906 0.028321 0.187040
v 0.170658 0.033030 0.190104
v 0.233109 0.042463 0.194216
v 0.279867 -0.017076 0.199575
v 0.332317 -0.019180 0.186603
v 0.470701 0.043967 0.174275
v 0.484375 0.044922 0.187500
v 0.637781 0.054036 0.188758
v 0.656250 0.044921 0.187500
v 0.722912 0.015674 0.177134
v 0.960830 -0.004515 0.187379
v -0.971037 0.053715 0.173381
v -0.926293 0.053428 0.149427
v -0.909014 0.059836 0.155228
v -0.878651 0.082880 0.167719
v -0.804869 0.091799 0.142157
v -0.696264 0.077341 0.180473
v -0.662699 0.066172 0.159637
v -0.617377 0.060928 0.180661
v -0.532613 -0.004421 0.146346
v -0.288504 -0.037242 0.166717
v -0.268904 -0.035066 0.161927
v -0.238354 -0.032499 0.173391
v -0.218024 -0.043409 0.148337
v -0.201971 -0.045407 0.165038
v -0.154773 -0.037993 0.146778
v -0.137016 -0.048940 0.183799
v -0.046819 -0.048724 0.142702
v -0.031453 -0.029763 0.185690
v 0.029554 -0.002432 0.175502
v 0.154980 0.028281 0.178882
v 0.171875 0.040283 0.171875
v 0.192515 0.045385 0.170529
v 0.249366 -0.016599 0.182190
v 0.248100 -0.017696 0.158406
v 0.287329 -0.017719 0.172940
v 0.333476 -0.031745 0.135908
v 0.400669 -0.037424 0.181544
v 0.430741 -0.038385 0.178135
v 0.453125 -0.024657 0.171875
v 0.487431 0.044828 0.154093
v 0.513795 0.048870 0.145268
v 0.590357 0.063429 0.164152
v 0.695836 0.018269 0.185931
v 0.739441 0.008898 0.157589
v 0.794712 0.003806 0.162189
v 0.836396 0.004917 0.169709
v 0.916238 0.005950 0.172382
v -0.959113 0.054070 0.162926
v -0.883361 0.076506 0.138132
v -0.825914 0.088428 0.154583
v -0.674442 0.066501 0.132633
v -0.549955 0.021929 0.163322
v -0.499072 -0.024800 0.131558
v -0.394375 -0.041391 0.147642
v -0.372752 -0.046036 0.149615
v -0.244060 -0.028042 0.150879
v -0.141158 -0.035678 0.151486
v -0.062237 -0.036339 0.190356
v 0.005162 -0.018875 0.155852
v 0.093775 0.015198 0.163824
v 0.135441 0.017645 0.156802
v 0.171990 0.039515 0.155150
v 0.191972 0.042443 0.158658
v 0.204872 0.035536 0.159332
v 0.294431 -0.023085 0.150747
v 0.362876 -0.034229 0.142146
v 0.409494 -0.043761 0.147355
v 0.439344 -0.039349 0.148626
v 0.452953 -0.032252 0.140603
v 0.468684 0.044214 0.149961
v 0.559491 0.047876 0.174876
v 0.555490 0.044959 0.154207
v 0.597017 0.063074 0.149505
v 0.648311 0.039561 0.171181
v 0.694379 0.014307 0.153668
v 0.813338 0.003052 0.144527
v 0.836561 0.001658 0.157101
v 0.881925 0.002894 0.145247
v 0.941322 -0.001621 0.163679
v 0.973754 -0.011406 0.153470
v -0.981710 0.060475 0.124747
v -0.808160 0.088208 0.121393
v -0.645252 0.061809 0.146461
v -0.613422 0.058045 0.156360
v -0.582567 0.043388 0.155717
v -0.568091 0.032037 0.135215
v -0.442366 -0.032750 0.153557
v -0.393080 -0.040779 0.171348
v -0.311366 -0.040558 0.170722
v -0.252066 -0.031607 0.134020
v -0.233287 -0.039911 0.119505
v -0.182232 -0.044432 0.124783
v -0.106854 -0.048646 0.148471
v -0.015525 -0.041333 0.131674
v 0.150366 0.000153 0.125694
v 0.164272 0.007323 0.136241
v 0.187500 -0.000183 0.140625
v 0.220827 -0.014592 0.146986
v 0.228442 -0.020717 0.142978
v 0.273523 -0.023410 0.134098
v 0.616283 0.053021 0.137774
v 0.913507 -0.001123 0.148967
v 0.948529 -0.012133 0.131445
v 0.969935 -0.011582 0.135081
v -0.944652 0.052187 0.122473
v -0.923644 0.049410 0.124589
v -0.907842 0.055104 0.119271
v -0.850621 0.087448 0.121031
v -0.712329 0.082035 0.131326
v -0.514875 -0.021583 0.105997
v -0.461392 -0.036110 0.121150
v -0.437618 -0.041230 0.121825
v -0.363442 -0.041782 0.126302
v -0.312050 -0.033647 0.141425
v -0.293566 -0.033328 0.133407
v -0.204142 -0.049032 0.126698
v -0.125399 -0.030193 0.130403
v -0.043052 -0.049121 0.117017
v 0.031583 -0.009686 0.141941
v 0.092777 0.002721 0.128215
v 0.111676 0.002490 0.115980
v 0.178303 -0.026238 0.124817
v 0.209539 -0.025798 0.100942
v 0.259770 -0.023640 0.119333
v 0.300594 -0.026356 0.126130
v 0.453068 -0.028857 0.124569
v 0.468684 0.029744 0.123200
v 0.483865 0.029610 0.110944
v 0.513762 0.044499 0.117442
v 0.589412 0.060542 0.122660
v 0.664635 0.019810 0.135935
v 0.732326 0.000699 0.119980
v 0.890602 -0.006188 0.111730
v -0.665025 0.057648 0.106151
v -0.624344 0.053507 0.113469
v -0.598487 0.038925 0.116193
v -0.592275 0.032832 0.095023
v -0.548690 0.010615 0.111323
v -0.359222 -0.033493 0.093373
v -0.267780 -0.032944 0.093580
v -0.249766 -0.033325 0.104184
v -0.194606 -0.049461 0.102531
v -0.157180 -0.037618 0.100756
v -0.067920 -0.046847 0.084333
v 0.040584 -0.018826 0.118139
v 0.070569 -0.006018 0.108329
v 0.168464 -0.025274 0.111154
v 0.233757 -0.026968 0.103789
v 0.281527 -0.036640 0.080876
v 0.340225 -0.036486 0.112481
v 0.419095 -0.045540 0.134712
v 0.408263 -0.048837 0.104720
v 0.429527 -0.044559 0.099984
v 0.576989 0.052930 0.094142
v 0.687640 0.005987 0.107047
v 0.751496 -0.002031 0.126282
v 0.783028 -0.002233 0.123382
v 0.856411 -0.002391 0.120605
v 0.931163 -0.011768 0.107135
v 0.966045 -0.015006 0.107490
v -0.965214 0.060132 0.092305
v -0.929800 0.055981 0.086911
v -0.899231 0.062864 0.097740
v -0.830176 0.087673 0.081945
v -0.748453 0.087859 0.080964
v -0.718444 0.083872 0.092954
v -0.664757 0.057432 0.084382
v -0.624527 0.053889 0.078073
v -0.572847 0.021514 0.086818
v -0.531546 -0.010005 0.097827
v -0.509921 -0.027141 0.086294
v -0.474349 -0.036423 0.097178
v -0.288153 -0.028497 0.102918
v -0.226593 -0.047925 0.080371
v -0.100466 -0.030359 0.094743
v -0.006885 -0.048067 0.109481
v 0.030980 -0.041221 0.088258
v 0.116615 -0.011150 0.101738
v 0.142177 -0.025409 0.080864
v 0.222670 -0.028521 0.082205
v 0.249972 -0.035500 0.069105
v 0.316325 -0.037556 0.094497
v 0.363239 -0.044961 0.094571
v 0.452651 -0.032660 0.075170
v 0.469042 0.025286 0.083171
v 0.482396 0.028138 0.088747
v 0.503673 0.042701 0.093012
v 0.614004 0.039060 0.081549
v 0.770314 -0.006185 0.095399
v 0.798381 -0.003598 0.100219
v 0.840608 -0.010246 0.078645
v 0.940927 -0.017319 0.079047
v -0.734342 0.084086 0.072280
v -0.655189 0.051336 0.064669
v -0.532699 -0.017326 0.056064
v -0.485267 -0.036389 0.076703
v -0.466937 -0.038637 0.083726
v -0.424948 -0.041017 0.062037
v -0.329178 -0.033371 0.066117
v -0.314079 -0.029939 0.064270
v -0.252170 -0.036999 0.048617
v -0.202948 -0.052753 0.076825
v -0.178036 -0.048150 0.072699
v -0.124307 -0.029281 0.063467
v -0.052492 -0.048917 0.090495
v 0.030341 -0.048945 0.063937
v 0.079683 -0.038778 0.077255
v 0.125098 -0.023421 0.083725
v 0.271222 -0.039798 0.054461
v 0.380208 -0.049072 0.078125
v 0.415878 -0.050717 0.089428
v 0.552620 0.045118 0.079855
v 0.603985 0.038507 0.062929
v 0.669145 0.007606 0.085489
v 0.672629 0.002487 0.061758
v 0.687869 -0.001289 0.064491
v 0.740278 -0.005186 0.073801
v 0.804420 -0.007157 0.067479
v 0.914027 -0.012386 0.084131
v -0.906339 0.060679 0.064950
v -0.861323 0.083160 0.084171
v -0.855536 0.081165 0.034717
v -0.583210 0.026659 0.050428
v -0.376755 -0.037326 0.089227
v -0.217126 -0.053826 0.048805
v -0.140017 -0.033821 0.055781
v -0.096748 -0.019488 0.050276
v -0.086541 -0.028085 0.068721
v -0.052628 -0.037182 0.064133
v 0.061675 -0.049360 0.061670
v 0.100196 -0.044077 0.062074
v 0.195558 -0.027981 0.068740
v 0.301499 -0.044726 0.052621
v 0.353578 -0.049811 0.063451
v 0.382177 -0.053066 0.058589
v 0.405317 -0.052972 0.018839
v 0.440546 -0.043410 0.059996
v 0.467925 0.030388 0.045605
v 0.501215 0.037254 0.045038
v 0.513914 0.039462 0.040021
v 0.532898 0.041420 0.067826
v 0.650898 0.018109 0.093168
v 0.725054 -0.002500 0.080382
v 0.760820 -0.006047 0.058346
v 0.827479 -0.013457 0.057617
v 0.840612 -0.018377 0.056486
v 0.886532 -0.017762 0.063166
v 0.922273 -0.029303 0.016976
v 0.937888 -0.029488 0.031849
v 0.956198 -0.026080 0.046816
v -1.000000 0.060547 0.119792
v -0.922798 0.060432 0.054484
v -0.817731 0.087885 0.038289
v -0.551912 0.000663 0.043145
v -0.471847 -0.036931 0.036970
v -0.434776 -0.037544 0.045641
v -0.324798 -0.028799 0.029701
v -0.269788 -0.033717 0.046271
v -0.160407 -0.051664 0.043405
v -0.126590 -0.025912 0.044825
v -0.048312 -0.013574 0.045530
v -0.035816 -0.014529 0.042078
v -0.014743 -0.048520 0.059819
v 0.021155 -0.048781 0.028023
v 0.065471 -0.053882 0.037741
v 0.210823 -0.037404 0.031048
v 0.232605 -0.037434 0.046851
v 0.250270 -0.038305 0.043936
v 0.319592 -0.046011 0.050875
v 0.453125 0.006837 0.046875
v 0.484375 0.029297 0.046875
v 0.545774 0.033535 0.046263
v 0.573656 0.035345 0.039933
v 0.622634 0.025235 0.045089
v 0.643413 0.003896 0.028438
v 0.686520 -0.002434 0.031351
v 0.733945 -0.007469 0.041412
v 0.795118 -0.010358 0.046143
v 0.902301 -0.024256 0.036055
v -0.922090 0.060538 0.014864
v -0.879787 0.071120 0.052927
v -0.841542 0.084131 0.043359
v -0.686702 0.067941 0.042138
v -0.650339 0.058545 0.011446
v -0.631105 0.055103 0.026245
v -0.385322 -0.037542 0.040701
v -0.359075 -0.033508 0.045208
v -0.347506 -0.033348 0.033781
v -0.202030 -0.048850 0.031135
v -0.155909 -0.049658 0.030301
v -0.141115 -0.047089 0.010462
v -0.093916 -0.014976 0.032540
v -0.015696 -0.008605 0.027967
v 0.041582 -0.051340 0.028084
v 0.108781 -0.042244 0.046815
v 0.130021 -0.036935 0.049621
v 0.186834 -0.038852 0.025257
v 0.340835 -0.052808 0.039605
v 0.366846 -0.057206 0.031397
v 0.435925 -0.037497 0.026719
v 0.453125 0.025391 0.031250
v 0.489118 0.036611 0.012230
v 0.530485 0.032066 0.025064
v 0.671114 -0.003824 0.022899
v 0.848774 -0.025418 0.031309
v 0.876510 -0.017977 0.045070
v 1.000350 -0.045822 0.036018
v -0.963224 0.060886 0.002889
v -0.876529 0.071864 0.015515
v -0.827557 0.084126 0.002557
v -0.718338 0.083855 0.015283
v -0.625558 0.055493 -0.001349
v -0.577092 0.017862 0.015500
v -0.515023 -0.025803 -0.007759
v -0.432218 -0.037085 -0.005111
v -0.403537 -0.033456 0.015192
v -0.341138 -0.028611 0.005295
v -0.299956 -0.033532 0.017146
v -0.252058 -0.044370 0.014568
v -0.157166 -0.048735 -0.009483
v -0.157554 -0.051338 0.016848
v -0.123337 -0.025829 0.010882
v -0.032247 -0.002338 0.014276
v 0.001307 -0.032390 0.002899
v 0.008274 -0.043732 0.029781
v 0.105285 -0.041718 -0.009262
v 0.152506 -0.036855 0.013520
v 0.227918 -0.048728 -0.009695
v 0.316813 -0.056589 0.004782
v 0.374742 -0.056790 -0.031257
v 0.397668 -0.051410 -0.002719
v 0.451589 0.032943 0.002203
v 0.465791 0.031765 0.005603
v 0.510856 0.036664 0.003891
v 0.563819 0.030848 0.008807
v 0.616597 0.018976 0.020269
v 0.699654 -0.007985 0.008282
v 0.746954 -0.011660 0.020134
v 0.765303 -0.019724 0.009269
v 0.811092 -0.020790 0.034213
v 0.820850 -0.025822 0.015065
v 0.867562 -0.026361 0.009286
v 0.885476 -0.025367 0.027506
v 0.955178 -0.039376 0.009026
v -0.883827 0.074879 -0.007448
v -0.744761 0.087810 -0.019087
v -0.656169 0.063133 -0.023236
v -0.605629 0.041311 0.006800
v -0.549632 0.001020 -0.020468
v -0.471080 -0.037329 -0.012198
v -0.355032 -0.033268 -0.007656
v -0.219761 -0.052387 0.014254
v -0.079845 -0.013514 0.011912
v -0.015625 -0.006104 0.000000
v 0.034789 -0.049498 -0.000349
v 0.129847 -0.040926 0.008360
v 0.181073 -0.041381 -0.003090
v 0.204213 -0.042827 0.007267
v 0.281396 -0.052924 0.000216
v 0.417386 -0.042891 -0.002211
v 0.437500 0.017579 0.000000
v 0.671698 -0.007424 -0.006772
v 0.689386 -0.017020 -0.027024
v 0.723456 -0.019075 -0.007711
v 0.779168 -0.032016 -0.025248
v 0.826310 -0.035373 -0.009167
v 0.843346 -0.034078 -0.016026
v 0.928391 -0.041205 -0.008890
v -0.907331 0.075088 -0.027421
v -0.845970 0.083620 -0.017715
v -0.815637 0.087888 -0.004959
v -0.594857 0.033833 -0.022941
v -0.571437 0.011946 -0.035338
v -0.501296 -0.033348 -0.023364
v -0.405706 -0.033365 -0.053753
v -0.288637 -0.036171 -0.003507
v -0.247520 -0.048318 -0.008437
v -0.127603 -0.026283 -0.023633
v -0.103485 -0.020203 -0.015687
v -0.031117 -0.002797 -0.027406
v -0.001950 -0.005827 -0.030166
v 0.015525 -0.044659 -0.007855
v 0.067898 -0.045561 -0.003955
v 0.285718 -0.056794 -0.015264
v 0.433261 0.031182 -0.024706
v 0.489865 0.037334 -0.028139
v 0.574092 0.020912 -0.019869
v 0.618537 -0.001038 -0.015724
v 0.624281 -0.006779 -0.034629
v 0.663567 -0.015725 -0.031169
v 0.738967 -0.024276 -0.023474
v 0.763708 -0.036170 -0.041996
v 0.800639 -0.040067 -0.041249
v 0.967009 -0.052568 -0.015033
v -0.907487 0.084310 -0.066258
v -0.829436 0.087841 -0.042474
v -0.633735 0.055916 -0.020409
v -0.612139 0.041198 -0.049787
v -0.313664 -0.033548 -0.014462
v -0.208889 -0.049125 -0.020437
v -0.158227 -0.035019 -0.038165
v -0.086064 -0.020314 -0.027560
v -0.047163 -0.010231 -0.027163
v 0.016149 -0.040291 -0.045164
v 0.038140 -0.045208 -0.033938
v 0.184371 -0.045678 -0.035549
v 0.227231 -0.052218 -0.039185
v 0.284126 -0.057332 -0.041585
v 0.329475 -0.057098 -0.029903
v 0.336377 -0.057779 -0.035808
v 0.422216 0.025655 -0.036927
v 0.471489 0.033473 -0.023397
v 0.523539 0.019308 -0.028548
v 0.573264 0.014098 -0.039868
v 0.728762 -0.035310 -0.059364
v 0.892311 -0.039893 -0.020550
v 0.952597 -0.056353 -0.030562
v -0.956075 0.074284 -0.037324
v -0.874176 0.085314 -0.050092
v -0.719940 0.084266 -0.028390
v -0.586499 0.027337 -0.069576
v -0.514386 -0.026376 -0.053586
v -0.345923 -0.033558 -0.046358
v -0.247608 -0.049658 -0.032249
v -0.193326 -0.044672 -0.035120
v -0.185951 -0.034639 -0.052875
v -0.115242 -0.023335 -0.047777
v -0.016981 -0.005504 -0.060284
v 0.000000 -0.014893 -0.046875
v 0.040468 -0.041309 -0.046869
v 0.145948 -0.041406 -0.020149
v 0.222273 -0.056802 -0.062461
v 0.298225 -0.060955 -0.046875
v 0.382703 -0.052243 -0.052465
v 0.399299 -0.045642 -0.037081
v 0.406250 -0.010986 -0.046875
v 0.422897 0.021812 -0.058630
v 0.442479 0.030794 -0.054627
v 0.463315 0.035477 -0.051471
v 0.496656 0.032168 -0.039860
v 0.531961 0.016365 -0.050746
v 0.579580 -0.006028 -0.061882
v 0.649800 -0.021228 -0.066947
v 0.684752 -0.032599 -0.079882
v 0.835183 -0.052080 -0.055215
v 0.869840 -0.050392 -0.043638
v 0.979077 -0.068903 -0.056396
v -0.938480 0.077416 -0.036326
v -0.921265 0.082501 -0.056568
v -0.717598 0.087603 -0.059976
v -0.668700 0.072241 -0.035925
v -0.643588 0.066292 -0.051317
v -0.569218 0.013690 -0.059791
v -0.541274 -0.001233 -0.059882
v -0.313191 -0.036841 -0.046875
v -0.284132 -0.048361 -0.063684
v -0.053618 -0.007360 -0.059523
v 0.000000 -0.037354 -0.062500
v 0.300237 -0.056925 -0.064876
v 0.348791 -0.056817 -0.073495
v 0.390625 -0.030517 -0.062500
v 0.477119 0.031475 -0.070077
v 0.518813 0.008351 -0.096369
v 0.609777 -0.015176 -0.067231
v 0.624812 -0.020763 -0.074184
v 0.771900 -0.038981 -0.062307
v 0.914696 -0.051440 -0.042379
v 0.939484 -0.060111 -0.058997
v -0.957444 0.080312 -0.089025
v -0.941318 0.083947 -0.087459
v -0.881115 0.087904 -0.088056
v -0.789564 0.088872 -0.074369
v -0.669280 0.083534 -0.082217
v -0.636574 0.064568 -0.071861
v -0.545744 0.005202 -0.075351
v -0.485563 -0.037378 -0.067362
v -0.455325 -0.041507 -0.067457
v -0.434995 -0.036690 -0.034288
v -0.411300 -0.036492 -0.072938
v -0.350076 -0.037284 -0.064305
v -0.328503 -0.044833 -0.093514
v -0.237122 -0.047561 -0.045939
v -0.204406 -0.033634 -0.100387
v -0.180802 -0.031781 -0.078221
v -0.141860 -0.029470 -0.061379
v -0.138228 -0.022386 -0.092163
v -0.069025 -0.011305 -0.086867
v -0.033911 -0.009503 -0.092004
v -0.015625 -0.017578 -0.078125
v 0.003553 -0.041061 -0.077852
v 0.113674 -0.044698 -0.061786
v 0.157325 -0.045169 -0.041938
v 0.367226 -0.049815 -0.084141
v 0.392777 0.010800 -0.079642
v 0.435156 0.032574 -0.077932
v 0.490594 0.024665 -0.073853
v 0.546660 0.005861 -0.071663
v 0.572511 -0.018642 -0.088513
v 0.648606 -0.030596 -0.090014
v 0.706392 -0.042334 -0.110664
v 0.746358 -0.038684 -0.072417
v 0.793077 -0.050978 -0.075638
v 0.861591 -0.066143 -0.090441
v 0.905320 -0.065775 -0.079009
v 0.944376 -0.067493 -0.082200
v 0.976709 -0.073233 -0.079330
v -0.984519 0.080042 -0.096877
v -0.859297 0.087855 -0.138388
v -0.730673 0.087901 -0.110795
v -0.687094 0.087789 -0.102705
v -0.654522 0.079619 -0.109272
v -0.608612 0.038334 -0.116180
v -0.507046 -0.025802 -0.090049
v -0.447894 -0.037427 -0.108357
v -0.350548 -0.039971 -0.099416
v -0.284504 -0.047912 -0.093272
v -0.253150 -0.045048 -0.094651
v -0.220826 -0.041125 -0.082550
v -0.164378 -0.028270 -0.109973
v -0.087423 -0.019366 -0.066100
v -0.062500 -0.013916 -0.093750
v -0.049944 -0.012797 -0.101289
v -0.004074 -0.036548 -0.103064
v 0.185927 -0.049143 -0.058895
v 0.183237 -0.052890 -0.087653
v 0.262011 -0.056888 -0.113054
v 0.384833 0.004363 -0.089663
v 0.467422 0.029050 -0.093951
v 0.630202 -0.029323 -0.106659
v 0.672059 -0.047486 -0.150492
v 0.735324 -0.041469 -0.093610
v 0.811694 -0.065009 -0.094959
v 0.837677 -0.067477 -0.103554
v 0.882482 -0.066754 -0.102450
v 0.921390 -0.067229 -0.102700
v 0.974028 -0.069784 -0.097488
v -0.890548 0.083991 -0.105812
v -0.748265 0.087930 -0.128154
v -0.776218 0.091732 -0.084160
v -0.593686 0.030759 -0.115372
v -0.564127 0.022976 -0.097067
v -0.536042 -0.002118 -0.098580
v -0.372953 -0.041238 -0.109948
v -0.291770 -0.050055 -0.121995
v -0.263730 -0.047555 -0.109978
v -0.223732 -0.038815 -0.112740
v -0.062500 -0.003173 -0.109375
v -0.023371 -0.035483 -0.107082
v 0.144065 -0.048857 -0.076210
v 0.110918 -0.049301 -0.144383
v 0.196813 -0.056869 -0.094437
v 0.287588 -0.052112 -0.111168
v 0.307257 -0.057028 -0.094122
v 0.343285 -0.056787 -0.107208
v 0.369114 0.003977 -0.122588
v 0.421873 0.029328 -0.089732
v 0.459062 0.023080 -0.115416
v 0.540188 -0.011472 -0.102891
v 0.562897 -0.025497 -0.112117
v 0.598221 -0.032985 -0.124242
v 0.657023 -0.040469 -0.126956
v 0.779418 -0.059185 -0.107158
v 0.999999 -0.068882 -0.113619
v -0.869503 0.084431 -0.148715
v -0.645356 0.079459 -0.141143
v -0.565886 0.029898 -0.121699
v -0.511406 -0.009746 -0.123654
v -0.470729 -0.032496 -0.124928
v -0.399928 -0.037950 -0.120031
v -0.185086 -0.033295 -0.131822
v -0.142677 -0.018844 -0.123261
v -0.101282 -0.009677 -0.103628
v -0.109241 -0.006355 -0.138874
v -0.079724 -0.012214 -0.110655
v -0.074152 -0.045071 -0.138064
v -0.055691 -0.035335 -0.127080
v -0.024392 -0.044709 -0.140260
v 0.020185 -0.041380 -0.116251
v 0.051570 -0.044985 -0.108538
v 0.026342 -0.045321 -0.175923
v 0.172157 -0.053026 -0.158364
v 0.190106 -0.057168 -0.158237
v 0.307958 -0.052643 -0.136215
v 0.343750 -0.004026 -0.125000
v 0.368687 0.006208 -0.147508
v 0.421742 0.029605 -0.103676
v 0.494257 0.012713 -0.118411
v 0.534441 -0.031315 -0.134710
v 0.578742 -0.033345 -0.138496
v 0.639067 -0.038682 -0.129580
v 0.693250 -0.050501 -0.140811
v 0.732514 -0.061933 -0.147270
v 0.802654 -0.073774 -0.142048
v 0.828381 -0.075218 -0.135320
v 0.858794 -0.075180 -0.135558
v 0.874780 -0.073325 -0.140819
v 0.935654 -0.072710 -0.119612
v -0.578791 0.032043 -0.150043
v -0.552568 0.029150 -0.152568
v -0.520106 0.003066 -0.143979
v -0.474817 -0.018311 -0.159611
v -0.363861 -0.041356 -0.144293
v -0.332849 -0.045194 -0.140000
v -0.314187 -0.045627 -0.125700
v -0.240774 -0.042592 -0.145283
v -0.202428 -0.033485 -0.152231
v -0.092989 -0.040645 -0.143198
v -0.008675 -0.041123 -0.144071
v 0.126880 -0.052902 -0.141933
v 0.222223 -0.056379 -0.142650
v 0.269560 -0.052747 -0.141969
v 0.328125 0.001953 -0.140625
v 0.344178 -0.002040 -0.154483
v 0.425151 0.019202 -0.144617
v 0.481872 0.007897 -0.135921
v 0.509844 -0.029876 -0.148673
v 0.770044 -0.070322 -0.139889
v 0.962992 -0.076767 -0.139352
v -0.665346 0.087934 -0.143755
v -0.610011 0.052658 -0.159419
v -0.534434 0.020030 -0.165111
v -0.450478 -0.033309 -0.127946
v -0.396628 -0.036233 -0.154598
v -0.269506 -0.045088 -0.164627
v -0.179282 -0.026760 -0.157054
v -0.132496 -0.007273 -0.155280
v 0.274899 -0.047602 -0.160205
v 0.295343 -0.044164 -0.154475
v 0.312500 -0.002197 -0.156250
v 0.387323 0.018898 -0.149563
v 0.441384 -0.001068 -0.166790
v 0.487328 -0.035864 -0.167745
v 0.539109 -0.039887 -0.161167
v 0.565509 -0.039999 -0.166129
v 0.589309 -0.041458 -0.156316
v 0.623256 -0.050622 -0.196602
v 0.646420 -0.054285 -0.189806
v 0.705051 -0.059533 -0.164999
v 0.772199 -0.075284 -0.166370
v 0.833418 -0.076806 -0.156008
v 0.923370 -0.073984 -0.145519
v 0.937799 -0.077558 -0.159062
v 0.980276 -0.076079 -0.167074
v -0.945456 0.080308 -0.169984
v -0.834101 0.080104 -0.212213
v -0.817110 0.087880 -0.171917
v -0.649578 0.082930 -0.163387
v -0.569272 0.036772 -0.183082
v -0.385832 -0.035614 -0.183306
v -0.326540 -0.041656 -0.173658
v -0.305283 -0.045357 -0.186119
v -0.246829 -0.038963 -0.178653
v -0.207974 -0.032133 -0.181342
v -0.131886 -0.009295 -0.168055
v -0.091692 -0.043143 -0.167161
v -0.014500 -0.044906 -0.158664
v -0.015741 -0.045137 -0.198570
v 0.042953 -0.049139 -0.180131
v 0.194177 -0.052842 -0.176520
v 0.236959 -0.052379 -0.162196
v 0.281250 -0.008055 -0.171875
v 0.296875 0.005859 -0.171875
v 0.313627 -0.002297 -0.166540
v 0.388904 0.015249 -0.162675
v 0.469074 -0.027160 -0.176684
v 0.512376 -0.046520 -0.180171
v 0.682015 -0.058302 -0.171027
v 0.903189 -0.080531 -0.171732
v 0.922073 -0.079448 -0.183943
v -0.820953 0.083761 -0.189451
v -0.652545 0.084134 -0.183315
v -0.626953 0.081447 -0.189047
v -0.523762 0.026268 -0.198603
v -0.487650 0.003416 -0.182025
v -0.319635 -0.041859 -0.198987
v -0.267543 -0.039097 -0.197841
v -0.234033 -0.036771 -0.189210
v -0.197673 -0.022615 -0.216527
v -0.173070 -0.016400 -0.203607
v -0.149522 -0.006003 -0.191131
v -0.109803 -0.012947 -0.183702
v -0.062669 -0.044896 -0.200938
v 0.080953 -0.049459 -0.199483
v 0.093938 -0.052848 -0.188115
v 0.175152 -0.052321 -0.192264
v 0.250000 -0.036376 -0.187500
v 0.281250 0.001953 -0.187500
v 0.295595 -0.001000 -0.189675
v 0.337195 0.006229 -0.179283
v 0.354180 0.008664 -0.186200
v 0.395824 -0.001655 -0.198502
v 0.489004 -0.048003 -0.198882
v 0.546705 -0.052384 -0.215058
v 0.671875 -0.056885 -0.187500
v 0.716396 -0.071295 -0.182658
v 0.794835 -0.082165 -0.192610
v 0.825042 -0.080494 -0.181668
v 0.970555 -0.080367 -0.207280
v 0.982293 -0.082435 -0.206989
v -0.782518 0.084142 -0.219345
v -0.724176 0.087718 -0.202871
v -0.649047 0.080063 -0.207650
v -0.618779 0.076464 -0.216690
v -0.597949 0.067884 -0.195890
v -0.447199 -0.021875 -0.176660
v -0.413749 -0.022952 -0.204803
v -0.356039 -0.041286 -0.190887
v -0.288898 -0.040585 -0.207682
v -0.125640 -0.005827 -0.214099
v -0.094537 -0.040812 -0.205081
v 0.238163 -0.042165 -0.185868
v 0.218750 -0.037354 -0.203125
v 0.234375 -0.021728 -0.203125
v 0.266810 -0.002313 -0.190723
v 0.279051 -0.002412 -0.208924
v 0.584344 -0.048084 -0.197253
v 0.592851 -0.058633 -0.222341
v 0.666089 -0.066451 -0.210149
v 0.742736 -0.076080 -0.193854
v 0.777995 -0.080928 -0.204572
v 0.861420 -0.085252 -0.213026
v 0.877036 -0.080674 -0.189203
v -0.962689 0.080020 -0.203611
v -0.921508 0.079932 -0.203711
v -0.884418 0.080043 -0.222973
v -0.812834 0.081376 -0.233232
v -0.716017 0.084043 -0.218237
v -0.684952 0.083743 -0.204091
v -0.680540 0.079567 -0.223253
v -0.639324 0.073111 -0.231110
v -0.594428 0.073284 -0.225468
v -0.533751 0.030401 -0.212725
v -0.485297 0.028462 -0.232980
v -0.475981 0.008544 -0.205855
v -0.375066 -0.036329 -0.204632
v -0.343623 -0.037337 -0.218843
v -0.156553 -0.006051 -0.215734
v -0.140364 -0.006090 -0.236493
v -0.108781 -0.036608 -0.220741
v -0.065768 -0.041850 -0.212206
v -0.030651 -0.040808 -0.203318
v 0.070246 -0.044941 -0.223770
v 0.188875 -0.035850 -0.220826
v 0.241805 0.001039 -0.217887
v 0.274386 -0.001592 -0.241635
v 0.305165 0.006497 -0.216696
v 0.364301 -0.001059 -0.199274
v 0.368983 -0.002961 -0.221287
v 0.417504 -0.024309 -0.221750
v 0.456210 -0.044499 -0.211351
v 0.478715 -0.057011 -0.242296
v 0.629115 -0.065923 -0.227390
v 0.678808 -0.070939 -0.219545
v 0.705875 -0.083956 -0.233451
v 0.739402 -0.084303 -0.229259
v 0.812020 -0.084295 -0.212509
v -0.972387 0.068622 -0.232210
v -0.897749 0.076304 -0.237623
v -0.717784 0.083743 -0.244736
v -0.563273 0.049852 -0.221217
v -0.526816 0.035845 -0.237142
v -0.448458 0.018867 -0.238161
v -0.423191 -0.002874 -0.228084
v -0.389455 -0.020615 -0.230090
v -0.303856 -0.029555 -0.235448
v -0.259528 -0.029182 -0.230915
v -0.234568 -0.025063 -0.235620
v -0.124074 -0.011304 -0.252376
v -0.087279 -0.041764 -0.256827
v 0.002720 -0.045139 -0.232720
v 0.033725 -0.045146 -0.242838
v 0.096530 -0.038121 -0.246115
v 0.151082 -0.034798 -0.230316
v 0.170285 -0.016987 -0.241067
v 0.221559 -0.000656 -0.220933
v 0.313208 -0.002286 -0.250887
v 0.391427 -0.021546 -0.240645
v 0.811597 -0.088322 -0.241128
v 0.832072 -0.084457 -0.244499
v 0.875762 -0.080655 -0.230671
v 0.959793 -0.080458 -0.231120
v -0.945734 0.070764 -0.248156
v -0.869211 0.079978 -0.265687
v -0.825794 0.080912 -0.250044
v -0.636302 0.064870 -0.247939
v -0.592661 0.070208 -0.245347
v -0.555475 0.043831 -0.258897
v -0.480550 0.024352 -0.248211
v -0.424747 0.018295 -0.252883
v -0.390564 -0.004285 -0.251274
v -0.286586 -0.025803 -0.249412
v -0.191084 -0.008564 -0.245287
v -0.182207 -0.000590 -0.266714
v -0.156983 0.001541 -0.243068
v -0.108746 -0.035990 -0.256747
v 0.066910 -0.039796 -0.257540
v 0.111953 -0.033028 -0.246043
v 0.170494 -0.003150 -0.252961
v 0.198004 0.002225 -0.255177
v 0.261936 -0.006284 -0.233681
v 0.337607 -0.003587 -0.248744
v 0.447853 -0.053346 -0.253197
v 0.503162 -0.060768 -0.250928
v 0.543549 -0.063757 -0.248672
v 0.597173 -0.075125 -0.260129
v 0.639379 -0.071150 -0.239471
v 0.687694 -0.085437 -0.254012
v 0.780470 -0.088781 -0.253816
v 0.794531 -0.084688 -0.237020
v 0.850705 -0.080684 -0.263379
v 0.923520 -0.081895 -0.256829
v -0.973421 0.067680 -0.265874
v -0.699383 0.080119 -0.251672
v -0.664279 0.075288 -0.247881
v -0.616485 0.058405 -0.271271
v -0.578403 0.052061 -0.266091
v -0.499113 0.018223 -0.258458
v -0.467900 -0.011749 -0.273308
v -0.439802 0.010691 -0.264572
v -0.414681 0.015622 -0.263252
v -0.383460 0.012189 -0.266369
v -0.350828 -0.019798 -0.252297
v -0.313346 -0.007258 -0.267206
v -0.241253 -0.013738 -0.256562
v -0.203516 -0.001454 -0.271783
v -0.139482 -0.002497 -0.275364
v -0.008412 -0.040718 -0.285202
v 0.016333 -0.038655 -0.278346
v 0.039513 -0.041159 -0.268041
v 0.084214 -0.034482 -0.275953
v 0.109683 -0.028134 -0.265026
v 0.151367 -0.003954 -0.267403
v 0.179025 0.006779 -0.265938
v 0.201679 0.001902 -0.272097
v 0.222017 -0.006124 -0.278920
v 0.247728 -0.001899 -0.277185
v 0.371028 -0.028860 -0.275009
v 0.420381 -0.042901 -0.247371
v 0.426652 -0.058852 -0.295763
v 0.483775 -0.065053 -0.266922
v 0.627926 -0.087437 -0.278449
v 0.659023 -0.095625 -0.289821
v 0.705622 -0.092201 -0.265456
v 0.755010 -0.091689 -0.272874
v 0.807456 -0.083451 -0.273513
v 0.887434 -0.079165 -0.271292
v 0.999989 -0.085778 -0.254841
v -0.839900 0.080115 -0.313862
v -0.783250 0.080181 -0.296465
v -0.767707 0.084070 -0.286519
v -0.665319 0.069630 -0.288449
v -0.592276 0.045284 -0.283810
v -0.553420 0.016188 -0.290822
v -0.512201 0.001839 -0.284036
v -0.484886 -0.012723 -0.280948
v -0.433581 -0.020345 -0.280726
v -0.406250 0.005859 -0.281250
v -0.385110 0.010936 -0.277408
v -0.357593 0.014551 -0.280151
v -0.286905 0.006207 -0.280787
v -0.234794 0.001967 -0.281906
v -0.155046 0.001723 -0.296065
v -0.127149 -0.019501 -0.293525
v -0.086839 -0.029513 -0.303736
v -0.034911 -0.041150 -0.264301
v 0.156138 0.001571 -0.281129
v 0.173833 0.005017 -0.301942
v 0.238429 -0.006244 -0.290140
v 0.310883 -0.008772 -0.274006
v 0.333025 -0.021915 -0.279318
v 0.401034 -0.044938 -0.284081
v 0.487852 -0.072186 -0.293732
v 0.533867 -0.075709 -0.278632
v 0.567162 -0.081022 -0.280903
v 0.607019 -0.086202 -0.289167
v 0.951790 -0.084326 -0.256834
v 0.953116 -0.086565 -0.305355
v -0.961896 0.055278 -0.303884
v -0.952315 0.067683 -0.287951
v -0.933783 0.072374 -0.274006
v -0.864324 0.076405 -0.297182
v -0.739111 0.079855 -0.300894
v -0.680103 0.075664 -0.279278
v -0.620897 0.045959 -0.313377
v -0.399475 -0.038006 -0.299224
v -0.375000 -0.006593 -0.296875
v -0.334545 0.003166 -0.296828
v -0.182571 -0.001842 -0.295768
v -0.140625 -0.002197 -0.296875
v -0.099434 -0.028357 -0.304566
v 0.055506 -0.022417 -0.311291
v 0.208901 0.001510 -0.308618
v 0.276899 -0.002520 -0.286353
v 0.608721 -0.095473 -0.310417
v 0.643619 -0.096373 -0.312178
v 0.691425 -0.092440 -0.281275
v 0.722939 -0.091772 -0.308874
v 0.838275 -0.080526 -0.314460
v -0.910589 0.075996 -0.271171
v -0.688589 0.060536 -0.326838
v -0.588754 0.016104 -0.316190
v -0.562832 0.002905 -0.326940
v -0.440700 -0.047698 -0.309766
v -0.405617 -0.051127 -0.316917
v -0.378150 -0.044154 -0.312389
v -0.315961 -0.021674 -0.310840
v -0.290393 0.000371 -0.299859
v -0.232038 0.000958 -0.301541
v -0.206530 -0.000131 -0.313034
v -0.187500 0.005859 -0.312500
v -0.164436 -0.035547 -0.312384
v -0.129363 -0.032330 -0.321088
v -0.074016 -0.024986 -0.313779
v -0.049759 -0.033047 -0.298478
v -0.008706 -0.025872 -0.326822
v 0.005880 -0.027738 -0.311527
v 0.088403 -0.027403 -0.305529
v 0.121782 -0.024690 -0.294673
v 0.142536 -0.016807 -0.318195
v 0.243544 -0.011705 -0.310002
v 0.297628 -0.024671 -0.310636
v 0.324471 -0.028984 -0.314879
v 0.377180 -0.039505 -0.298725
v 0.405612 -0.063334 -0.318573
v 0.446700 -0.064439 -0.300307
v 0.455422 -0.072071 -0.315673
v 0.515431 -0.083987 -0.310177
v 0.563554 -0.086246 -0.305684
v 0.764134 -0.084542 -0.307452
v 0.821359 -0.079699 -0.278216
v 0.815030 -0.080785 -0.309722
v 0.868521 -0.084162 -0.301860
v 0.908618 -0.084691 -0.299949
v 0.937622 -0.088292 -0.300200
v -0.903390 0.071331 -0.317887
v -0.829613 0.076469 -0.332035
v -0.746988 0.075522 -0.327756
v -0.658643 0.067317 -0.321470
v -0.639929 0.052693 -0.336525
v -0.518542 -0.010113 -0.306381
v -0.479831 -0.041779 -0.333618
v -0.437541 -0.052974 -0.328053
v -0.385394 -0.049012 -0.338381
v -0.280943 -0.033782 -0.328280
v -0.249835 -0.005378 -0.325873
v -0.234375 0.005859 -0.328125
v -0.218750 -0.002197 -0.328125
v -0.203125 -0.030273 -0.328125
v -0.187500 -0.033447 -0.328125
v -0.145347 -0.034435 -0.315636
v -0.110417 -0.024954 -0.338280
v -0.085116 -0.023900 -0.328683
v -0.048977 -0.026039 -0.329075
v 0.078213 -0.022646 -0.327838
v 0.124938 -0.021344 -0.341703
v 0.173240 0.001360 -0.336033
v 0.214847 -0.006687 -0.339440
v 0.284769 -0.027045 -0.328928
v 0.374275 -0.053749 -0.330152
v 0.510348 -0.091700 -0.328240
v 0.553682 -0.097035 -0.331615
v 0.581856 -0.097854 -0.343771
v 0.625278 -0.100017 -0.343542
v 0.651366 -0.100421 -0.327924
v 0.682094 -0.096276 -0.328591
v 0.711605 -0.091957 -0.335622
v 0.752419 -0.082877 -0.337331
v 0.855772 -0.086920 -0.327694
v 0.876390 -0.088308 -0.340869
v -0.903651 0.054117 -0.343682
v -0.843219 0.075468 -0.346634
v -0.764319 0.073393 -0.354773
v -0.722198 0.070425 -0.338783
v -0.613446 0.018816 -0.348073
v -0.573512 -0.004469 -0.345076
v -0.524728 -0.026115 -0.329276
v -0.508008 -0.040110 -0.361795
v -0.350157 -0.048031 -0.334043
v -0.331509 -0.041723 -0.328617
v -0.263758 -0.030953 -0.337087
v -0.218223 -0.033668 -0.345379
v -0.114987 -0.028778 -0.355205
v -0.072124 -0.025390 -0.345486
v -0.013697 -0.027998 -0.340779
v 0.017496 -0.022225 -0.328696
v 0.051977 -0.020438 -0.334735
v 0.156470 -0.006178 -0.343118
v 0.187244 -0.009866 -0.352963
v 0.429401 -0.071950 -0.335677
v 0.427556 -0.081405 -0.357777
v 0.461504 -0.081981 -0.342157
v 0.522116 -0.097088 -0.346459
v 0.603454 -0.102367 -0.345954
v 0.686209 -0.092608 -0.353706
v 0.770895 -0.080415 -0.346132
v 0.814631 -0.084354 -0.327651
v 0.859638 -0.084911 -0.344961
v -0.933740 -0.054438 -0.378482
v -0.935227 0.029244 -0.339985
v -0.867724 0.053091 -0.371612
v -0.870670 0.069419 -0.352612
v -0.781474 0.068284 -0.374989
v -0.707352 0.057570 -0.358635
v -0.671806 0.057442 -0.359288
v -0.586282 -0.012959 -0.371092
v -0.549858 -0.029688 -0.356442
v -0.474274 -0.045168 -0.357263
v -0.437155 -0.053014 -0.359673
v -0.238175 -0.040122 -0.371190
v -0.206245 -0.037027 -0.358302
v -0.176578 -0.033417 -0.359915
v -0.154503 -0.029368 -0.358638
v 0.052594 -0.029111 -0.358524
v 0.088519 -0.023891 -0.350430
v 0.114710 -0.024301 -0.358390
v 0.154040 -0.012079 -0.355145
v 0.175327 -0.018380 -0.362114
v 0.246598 -0.022273 -0.348468
v 0.276056 -0.042132 -0.363812
v 0.323509 -0.043175 -0.343480
v 0.540236 -0.102660 -0.356249
v 0.574114 -0.104074 -0.359165
v 0.610249 -0.100029 -0.365373
v 0.654682 -0.099779 -0.357542
v 0.718171 -0.084617 -0.359831
v 0.716215 -0.085391 -0.377535
v 0.800683 -0.084915 -0.355935
v 0.815621 -0.088063 -0.358160
v -0.832180 0.068067 -0.375147
v -0.710298 0.050330 -0.373991
v -0.670708 0.049612 -0.373092
v -0.541842 -0.040871 -0.375543
v -0.452125 -0.055336 -0.374179
v -0.401475 -0.053406 -0.362604
v -0.386947 -0.053994 -0.382069
v -0.313650 -0.052780 -0.369848
v -0.275089 -0.049322 -0.380599
v -0.162011 -0.039183 -0.377440
v -0.126017 -0.038464 -0.383698
v -0.099099 -0.037101 -0.373799
v -0.074737 -0.031270 -0.366409
v -0.014019 -0.038936 -0.384383
v 0.245251 -0.042289 -0.373825
v 0.384998 -0.068794 -0.365496
v 0.498761 -0.103738 -0.374907
v 0.657201 -0.095429 -0.376300
v 0.687662 -0.092347 -0.407619
v 0.777983 -0.084517 -0.375419
v 0.813728 -0.083485 -0.380566
v -0.962767 -0.077597 -0.382349
v -0.900866 -0.050443 -0.396031
v -0.846508 0.035773 -0.390082
v -0.816168 0.041727 -0.394571
v -0.779109 0.049522 -0.390043
v -0.732598 0.031455 -0.393493
v -0.676541 0.033083 -0.389333
v -0.632800 0.009093 -0.388628
v -0.577883 -0.038093 -0.391139
v -0.483206 -0.078665 -0.402471
v -0.413143 -0.062220 -0.389290
v -0.359119 -0.053167 -0.377871
v -0.318932 -0.050756 -0.390719
v -0.242168 -0.046095 -0.386773
v -0.189369 -0.044757 -0.397376
v -0.191080 -0.038042 -0.377854
v -0.071500 -0.036580 -0.387255
v -0.016123 -0.039203 -0.398044
v 0.036250 -0.044364 -0.400405
v 0.023415 -0.032888 -0.373531
v 0.097488 -0.037008 -0.390779
v 0.139188 -0.033001 -0.389545
v 0.174620 -0.042709 -0.397926
v 0.202033 -0.040214 -0.387599
v 0.226081 -0.048055 -0.394525
v 0.296804 -0.048351 -0.386758
v 0.315822 -0.050563 -0.392588
v 0.358344 -0.074523 -0.403652
v 0.395484 -0.080017 -0.381821
v 0.442155 -0.099090 -0.393452
v 0.477690 -0.104094 -0.388027
v 0.605457 -0.103524 -0.389997
v 0.670870 -0.095826 -0.390625
v 0.791735 -0.088351 -0.388679
v 0.856851 -0.088412 -0.362145
v -0.963969 -0.091861 -0.408083
v -0.924664 -0.076385 -0.399496
v -0.758763 0.014168 -0.405249
v -0.675219 0.000445 -0.406793
v -0.637014 -0.009710 -0.403045
v -0.581226 -0.068055 -0.417048
v -0.541592 -0.072906 -0.404652
v -0.293577 -0.049471 -0.409083
v -0.239821 -0.049574 -0.426314
v -0.161406 -0.041343 -0.392629
v -0.113453 -0.040740 -0.404227
v 0.083209 -0.047869 -0.413367
v 0.110567 -0.045170 -0.407689
v 0.278515 -0.059552 -0.430208
v 0.407402 -0.091775 -0.404767
v 0.564814 -0.104240 -0.413863
v 0.632747 -0.096155 -0.406468
v 0.662416 -0.094577 -0.406250
v 0.849432 -0.088497 -0.406723
v 0.875182 -0.088999 -0.394333
v 0.925446 -0.088611 -0.404194
v 0.954682 -0.088525 -0.425749
v 0.981520 -0.088092 -0.400721
v -0.929793 -0.092104 -0.432869
v -0.929942 -0.086558 -0.409200
v -0.883658 -0.080195 -0.421609
v -0.860663 -0.057553 -0.417682
v -0.800824 -0.042935 -0.425106
v -0.673105 -0.037740 -0.421215
v -0.622517 -0.072617 -0.436435
v -0.565304 -0.086516 -0.432631
v -0.536892 -0.093828 -0.446066
v -0.515341 -0.087045 -0.419527
v -0.422817 -0.088252 -0.422167
v -0.372023 -0.078915 -0.427898
v -0.360164 -0.064398 -0.415339
v -0.321664 -0.054247 -0.412379
v -0.258235 -0.050350 -0.430561
v -0.226354 -0.045456 -0.406955
v -0.154596 -0.044951 -0.421325
v -0.125427 -0.043747 -0.433937
v -0.108470 -0.052602 -0.447798
v 0.056363 -0.045432 -0.422782
v 0.138907 -0.049946 -0.425371
v 0.204769 -0.048947 -0.421429
v 0.266010 -0.049999 -0.411926
v 0.343558 -0.095191 -0.442027
v 0.425030 -0.107239 -0.421693
v 0.461838 -0.108235 -0.419886
v 0.479468 -0.107758 -0.436334
v 0.600708 -0.099890 -0.407100
v 0.628240 -0.099939 -0.429688
v 0.670870 -0.095826 -0.421875
v 0.820877 -0.088509 -0.419715
v 0.967086 -0.091961 -0.434784
v -0.883994 -0.092122 -0.442284
v -0.875869 -0.085564 -0.430661
v -0.806358 -0.074372 -0.438621
v -0.662726 -0.069000 -0.437687
v -0.576700 -0.084190 -0.437068
v -0.407005 -0.092352 -0.438287
v -0.287446 -0.059556 -0.440380
v -0.210552 -0.049410 -0.438423
v -0.167188 -0.046504 -0.434317
v 0.026766 -0.051603 -0.449132
v 0.047170 -0.049264 -0.444995
v 0.171852 -0.057412 -0.450845
v 0.249714 -0.057906 -0.439360
v 0.316624 -0.072515 -0.429133
v 0.402471 -0.111512 -0.447806
v 0.434850 -0.111530 -0.437364
v 0.453125 -0.107910 -0.437500
v 0.530251 -0.104099 -0.422579
v 0.597870 -0.099934 -0.463004
v 0.659189 -0.095236 -0.437526
v 0.704517 -0.092316 -0.427962
v 0.846699 -0.092513 -0.427459
v 0.894762 -0.092526 -0.427336
v 0.936200 -0.092626 -0.422736
v -0.925175 -0.096055 -0.461953
v -0.830891 -0.091212 -0.455183
v -0.755362 -0.087626 -0.455409
v -0.617378 -0.084666 -0.453144
v -0.575992 -0.096022 -0.484575
v -0.512755 -0.092292 -0.453552
v -0.422370 -0.093149 -0.458574
v -0.366060 -0.096726 -0.458569
v -0.220776 -0.059284 -0.453977
v -0.172439 -0.058208 -0.455290
v -0.157153 -0.055567 -0.456574
v -0.124479 -0.055075 -0.454802
v -0.057680 -0.049884 -0.439463
v 0.092603 -0.057845 -0.471266
v 0.120137 -0.052061 -0.452118
v 0.204667 -0.067391 -0.457663
v 0.236532 -0.083895 -0.471949
v 0.515744 -0.107880 -0.512554
v 0.571765 -0.103837 -0.468210
v 0.632449 -0.096190 -0.447080
v 0.676252 -0.095929 -0.462260
v 0.688024 -0.092345 -0.464657
v 0.718451 -0.088455 -0.429541
v 0.800094 -0.088724 -0.433479
v 0.809139 -0.092349 -0.470363
v 0.836852 -0.090574 -0.453125
v 0.877561 -0.091914 -0.452903
v -0.901852 -0.092425 -0.461496
v -0.752754 -0.092252 -0.467981
v -0.630671 -0.092217 -0.468780
v -0.478872 -0.098665 -0.479143
v -0.339134 -0.089152 -0.455394
v -0.255872 -0.066735 -0.457030
v -0.068209 -0.072915 -0.468521
v -0.031229 -0.068396 -0.473580
v -0.000774 -0.057331 -0.463002
v 0.041061 -0.057084 -0.469417
v 0.168934 -0.067396 -0.467957
v 0.213111 -0.087844 -0.479894
v 0.286820 -0.093649 -0.469155
v 0.428836 -0.112332 -0.470264
v 0.756670 -0.088480 -0.469156
v 0.898195 -0.092085 -0.470964
v 0.938741 -0.089393 -0.451849
v 0.937867 -0.088276 -0.481591
v 0.978137 -0.092562 -0.461903
v -0.878320 -0.096102 -0.487922
v -0.854344 -0.092178 -0.485544
v -0.779392 -0.092811 -0.473855
v -0.738567 -0.092311 -0.493764
v -0.592440 -0.094301 -0.475174
v -0.551272 -0.096103 -0.471140
v -0.506716 -0.096193 -0.480094
v -0.452029 -0.103485 -0.497930
v -0.412064 -0.103688 -0.482047
v -0.401086 -0.104122 -0.488303
v -0.359500 -0.107631 -0.482146
v -0.319314 -0.102499 -0.481230
v -0.298041 -0.096406 -0.477983
v -0.232775 -0.098477 -0.485275
v -0.180953 -0.090186 -0.484453
v -0.113778 -0.086231 -0.483144
v -0.082293 -0.087659 -0.487678
v 0.031043 -0.081797 -0.499236
v 0.126852 -0.063397 -0.473398
v 0.148318 -0.092472 -0.499915
v 0.172798 -0.094334 -0.495925
v 0.251680 -0.102390 -0.503807
v 0.324410 -0.099701 -0.466170
v 0.360401 -0.111766 -0.472286
v 0.478599 -0.111839 -0.488166
v 0.621512 -0.097292 -0.482878
v 0.758866 -0.092547 -0.483752
v 0.849964 -0.090367 -0.475424
v 0.869842 -0.091897 -0.486960
v 0.896136 -0.088877 -0.484427
v 0.944418 -0.089738 -0.490919
v -0.810275 -0.096198 -0.486652
v -0.624656 -0.095978 -0.516884
v -0.554116 -0.100414 -0.503388
v -0.530336 -0.099701 -0.509982
v -0.472977 -0.100305 -0.510424
v -0.364789 -0.109299 -0.515667
v -0.294960 -0.111481 -0.511346
v -0.214348 -0.107667 -0.500650
v -0.168665 -0.103625 -0.500257
v -0.138133 -0.100166 -0.502658
v -0.053092 -0.089717 -0.495421
v -0.012395 -0.088834 -0.501211
v 0.123939 -0.091148 -0.502414
v 0.211894 -0.096803 -0.498895
v 0.430223 -0.111772 -0.504180
v 0.625293 -0.096118 -0.513424
v 0.762758 -0.088165 -0.518709
v 0.740399 -0.089371 -0.493877
v 0.802576 -0.088404 -0.496775
v 0.985871 -0.091380 -0.487995
v -0.751302 -0.096364 -0.508189
v -0.671603 -0.092305 -0.515694
v -0.644430 -0.096519 -0.504324
v -0.339915 -0.107971 -0.516201
v -0.263855 -0.111874 -0.515362
v -0.210237 -0.109720 -0.514563
v -0.096255 -0.095632 -0.500413
v 0.025342 -0.096220 -0.519046
v 0.061750 -0.096277 -0.516011
v 0.141846 -0.101774 -0.520898
v 0.270190 -0.108856 -0.532607
v 0.285493 -0.106588 -0.505417
v 0.304261 -0.110524 -0.519822
v 0.438596 -0.108109 -0.523220
v 0.498011 -0.108044 -0.491834
v 0.567591 -0.102769 -0.494018
v 0.640213 -0.092388 -0.517017
v 0.662564 -0.091873 -0.521939
v 0.702949 -0.088192 -0.531287
v 0.859867 -0.088388 -0.502255
v 0.999986 -0.088602 -0.515143
v -0.719832 -0.092297 -0.530672
v -0.562273 -0.100098 -0.547172
v -0.394536 -0.107911 -0.514800
v -0.300492 -0.108136 -0.548807
v -0.291329 -0.111903 -0.534906
v -0.213278 -0.107758 -0.537183
v -0.195909 -0.108255 -0.559801
v -0.166287 -0.108020 -0.524970
v -0.086306 -0.107782 -0.531643
v -0.017317 -0.107928 -0.531505
v 0.134985 -0.105555 -0.553085
v 0.168664 -0.108054 -0.547547
v 0.221180 -0.107463 -0.527675
v 0.403926 -0.110489 -0.537778
v 0.423627 -0.110389 -0.565702
v 0.497573 -0.108044 -0.540058
v 0.527968 -0.104043 -0.520731
v 0.575646 -0.099983 -0.516432
v 0.593236 -0.099734 -0.531218
v 0.646713 -0.091422 -0.552320
v 0.788317 -0.087849 -0.524847
v 0.824712 -0.087258 -0.534093
v 1.000000 -0.084473 -0.531250
v -1.000040 -0.096108 -0.514846
v -0.967358 -0.096088 -0.547288
v -0.801178 -0.096145 -0.577993
v -0.456093 -0.098870 -0.553531
v -0.405935 -0.104092 -0.533226
v -0.340554 -0.107845 -0.593249
v -0.265506 -0.107918 -0.534398
v -0.166612 -0.103868 -0.544420
v -0.114640 -0.107836 -0.575522
v -0.102352 -0.109057 -0.548306
v -0.079484 -0.108783 -0.549074
v -0.060504 -0.112485 -0.552510
v 0.009595 -0.111384 -0.547224
v 0.031151 -0.111106 -0.555760
v 0.199869 -0.107918 -0.570680
v 0.252107 -0.108724 -0.555418
v 0.303382 -0.110816 -0.553857
v 0.434928 -0.107764 -0.566922
v 0.452278 -0.107798 -0.575732
v 0.567842 -0.098497 -0.564774
v 0.618314 -0.096267 -0.539077
v 0.676799 -0.086241 -0.569120
v 0.735730 -0.083801 -0.549379
v 0.814180 -0.084261 -0.549370
v -0.931827 -0.096123 -0.550622
v -0.767843 -0.096252 -0.560615
v -0.687444 -0.092378 -0.546774
v -0.659204 -0.096225 -0.555589
v -0.567869 -0.096330 -0.561572
v -0.421118 -0.099932 -0.566023
v -0.249801 -0.107940 -0.583001
v -0.125082 -0.104272 -0.587668
v 0.052660 -0.111747 -0.578118
v 0.105343 -0.110308 -0.573823
v 0.233073 -0.111470 -0.552415
v 0.361368 -0.109950 -0.569066
v 0.388312 -0.111349 -0.564278
v 0.543864 -0.104011 -0.561093
v 0.593573 -0.094871 -0.569272
v 0.639060 -0.086109 -0.588212
v 0.751625 -0.083701 -0.565586
v 0.787527 -0.084302 -0.558353
v 0.820856 -0.080955 -0.564712
v 0.904106 -0.080655 -0.562307
v 0.942189 -0.084314 -0.550444
v -1.000007 -0.091054 -0.555021
v -0.972831 -0.091000 -0.568910
v -0.925432 -0.091749 -0.581096
v -0.854938 -0.096188 -0.565120
v -0.753193 -0.092345 -0.575583
v -0.596497 -0.092046 -0.579096
v -0.547533 -0.089610 -0.586360
v -0.496199 -0.095235 -0.564578
v -0.356710 -0.104528 -0.591056
v -0.219856 -0.102787 -0.576723
v -0.172740 -0.104071 -0.583447
v -0.053132 -0.107999 -0.577539
v -0.016491 -0.111554 -0.575626
v 0.087606 -0.107842 -0.568419
v 0.182629 -0.111848 -0.577229
v 0.333672 -0.111436 -0.578845
v 0.495757 -0.104066 -0.568764
v 0.504859 -0.097223 -0.588580
v 0.539698 -0.092761 -0.592453
v 0.714026 -0.082681 -0.569971
v 0.806792 -0.080105 -0.578447
v 0.893345 -0.080979 -0.583471
v 0.910948 -0.084561 -0.579525
v -0.953125 -0.092056 -0.578310
v -0.895742 -0.091589 -0.598053
v -0.860289 -0.092343 -0.579195
v -0.793804 -0.092325 -0.591727
v -0.645271 -0.092309 -0.590815
v -0.602364 -0.088515 -0.599340
v -0.441615 -0.088081 -0.591066
v -0.447568 -0.103695 -0.520526
v -0.209858 -0.105540 -0.594899
v -0.102306 -0.100521 -0.607802
v -0.044433 -0.106636 -0.602628
v 0.014697 -0.103917 -0.610550
v 0.058367 -0.107139 -0.606059
v 0.130259 -0.111453 -0.596006
v 0.203138 -0.111512 -0.594212
v 0.276949 -0.111877 -0.593075
v 0.296875 -0.107910 -0.593750
v 0.331122 -0.106728 -0.598356
v 0.372074 -0.106942 -0.600485
v 0.428623 -0.099658 -0.611512
v 0.449634 -0.099592 -0.595389
v 0.695663 -0.080981 -0.591872
v 0.925673 -0.081720 -0.593837
v -0.922045 -0.081502 -0.615933
v -0.853127 -0.091244 -0.615560
v -0.767427 -0.092275 -0.609394
v -0.719233 -0.092142 -0.608718
v -0.635610 -0.091212 -0.601244
v -0.523428 -0.073330 -0.608193
v -0.358796 -0.103199 -0.612614
v 0.173109 -0.111841 -0.610127
v 0.347961 -0.099937 -0.624046
v 0.399594 -0.097255 -0.619351
v 0.509626 -0.087662 -0.606194
v 0.568403 -0.088157 -0.594986
v 0.604348 -0.084075 -0.595478
v 0.658094 -0.076442 -0.609818
v 0.725258 -0.072699 -0.608513
v 0.755734 -0.076292 -0.595641
v 0.840993 -0.076851 -0.602363
v 0.860043 -0.080534 -0.600128
v 0.946834 -0.080412 -0.613775
v 0.962884 -0.084499 -0.590834
v -0.961451 -0.064155 -0.629356
v -0.874183 -0.083483 -0.626100
v -0.787671 -0.087420 -0.627338
v -0.696930 -0.083020 -0.623789
v -0.632319 -0.076341 -0.625926
v -0.587439 -0.072783 -0.618695
v -0.558491 -0.041733 -0.655347
v -0.483104 -0.065755 -0.617680
v -0.451955 -0.062467 -0.629557
v -0.384405 -0.093889 -0.623611
v -0.318876 -0.097851 -0.657988
v -0.298268 -0.107833 -0.636935
v -0.147290 -0.101985 -0.626256
v -0.110469 -0.099765 -0.625912
v -0.052055 -0.096120 -0.625511
v 0.036800 -0.096116 -0.624049
v 0.096096 -0.100666 -0.625139
v 0.123965 -0.107426 -0.613597
v 0.148882 -0.098319 -0.637472
v 0.204131 -0.101086 -0.636803
v 0.273727 -0.103081 -0.626643
v 0.304472 -0.107148 -0.614021
v 0.328075 -0.102216 -0.630702
v 0.466874 -0.089044 -0.617022
v 0.555265 -0.069457 -0.623598
v 0.682574 -0.062980 -0.628916
v 0.803955 -0.075584 -0.615694
v 0.872492 -0.076669 -0.624845
v 0.908325 -0.080499 -0.611026
v 0.963969 -0.082224 -0.632414
v -0.899043 -0.066209 -0.647925
v -0.841892 -0.065729 -0.655664
v -0.755232 -0.075262 -0.641371
v -0.694504 -0.068749 -0.640432
v -0.588398 -0.045746 -0.649345
v -0.542973 -0.060889 -0.624374
v -0.472184 -0.050486 -0.651518
v -0.384899 -0.084876 -0.644554
v -0.236437 -0.103769 -0.646885
v -0.192519 -0.103899 -0.628546
v -0.129437 -0.090450 -0.654240
v -0.069965 -0.084797 -0.640762
v -0.020286 -0.052493 -0.666257
v 0.039893 -0.083094 -0.636984
v 0.176715 -0.096399 -0.649431
v 0.311770 -0.097421 -0.636593
v 0.404483 -0.087640 -0.633667
v 0.491793 -0.053902 -0.648832
v 0.533784 -0.047132 -0.652535
v 0.570159 -0.053656 -0.639283
v 0.627226 -0.046082 -0.649003
v 0.634853 -0.072044 -0.621114
v 0.735989 -0.047655 -0.654248
v 0.763993 -0.063793 -0.636508
v 0.782609 -0.064431 -0.641917
v 0.821887 -0.073558 -0.640010
v 0.842930 -0.071178 -0.647824
v 0.935396 -0.080526 -0.640045
v -0.976399 -0.059167 -0.639745
v -0.919313 -0.055371 -0.661242
v -0.854987 -0.052357 -0.667845
v -0.771410 -0.057691 -0.659875
v -0.683299 -0.034978 -0.669701
v -0.618244 -0.038121 -0.655150
v -0.512742 -0.051979 -0.642739
v -0.423356 -0.062184 -0.651625
v -0.288576 -0.102846 -0.652181
v -0.222446 -0.096109 -0.672060
v -0.180533 -0.098559 -0.653913
v -0.094662 -0.090539 -0.644286
v 0.026887 -0.061159 -0.655622
v 0.078435 -0.060349 -0.667741
v 0.257969 -0.092164 -0.655676
v 0.293236 -0.085539 -0.659428
v 0.353483 -0.081025 -0.653289
v 0.448671 -0.055421 -0.653873
v 0.578662 -0.039226 -0.668344
v 0.675484 -0.035622 -0.665427
v 0.806628 -0.055713 -0.667770
v 0.883154 -0.075533 -0.655135
v 0.925947 -0.076760 -0.655319
v 0.973345 -0.075886 -0.658266
v -0.971948 -0.045724 -0.670906
v -0.901506 -0.040967 -0.683717
v -0.742742 -0.043105 -0.669845
v -0.712118 -0.041590 -0.669102
v -0.647205 -0.029660 -0.671219
v -0.591051 -0.031204 -0.676604
v -0.530764 -0.039223 -0.668660
v -0.453865 -0.046427 -0.664932
v -0.357663 -0.082031 -0.679329
v -0.277309 -0.099648 -0.673263
v -0.166102 -0.087364 -0.671404
v 0.123810 -0.091868 -0.646660
v 0.171738 -0.080158 -0.672020
v 0.231115 -0.076736 -0.674667
v 0.406801 -0.049248 -0.671044
v 0.442743 -0.041793 -0.672491
v 0.508804 -0.042040 -0.669468
v 0.621190 -0.036807 -0.673370
v 0.708043 -0.029834 -0.685581
v 0.832801 -0.059565 -0.675904
v 0.953125 -0.076660 -0.671875
v -0.928437 -0.037983 -0.687477
v -0.820138 -0.041103 -0.680166
v -0.784651 -0.031097 -0.697347
v -0.724737 -0.031659 -0.688752
v -0.687183 -0.026602 -0.687943
v -0.479982 -0.042057 -0.683018
v -0.396842 -0.056735 -0.684321
v -0.313173 -0.082535 -0.695924
v -0.262155 -0.090749 -0.686589
v -0.199368 -0.083889 -0.684763
v -0.118723 -0.062185 -0.683922
v -0.053858 -0.048157 -0.679711
v -0.006822 -0.038359 -0.693867
v 0.052797 -0.047710 -0.675857
v 0.168412 -0.056419 -0.697042
v 0.262996 -0.051232 -0.698161
v 0.301383 -0.055564 -0.685625
v 0.373044 -0.043290 -0.689888
v 0.402026 -0.037849 -0.691479
v 0.642298 -0.031785 -0.677123
v 0.886861 -0.064717 -0.685445
v -0.903516 -0.029526 -0.702904
v -0.670785 -0.021759 -0.703004
v -0.616289 -0.022932 -0.698929
v -0.416513 -0.048254 -0.691987
v -0.385489 -0.050244 -0.702908
v -0.175268 -0.069464 -0.692866
v -0.112806 -0.048043 -0.700671
v -0.051988 -0.041448 -0.712037
v 0.054954 -0.042239 -0.689612
v 0.100802 -0.041523 -0.707736
v 0.108218 -0.048053 -0.694199
v 0.213671 -0.050107 -0.707025
v 0.283182 -0.043207 -0.707380
v 0.322843 -0.047043 -0.692014
v 0.343754 -0.039470 -0.707501
v 0.454835 -0.036015 -0.693122
v 0.518894 -0.031753 -0.710275
v 0.564125 -0.031213 -0.697360
v 0.611410 -0.025495 -0.717935
v 0.655437 -0.027462 -0.696740
v 0.673593 -0.029467 -0.702472
v 0.746169 -0.031091 -0.691244
v 0.898045 -0.056687 -0.715451
v 0.915705 -0.066460 -0.691876
v 0.932711 -0.067540 -0.693237
v 0.961561 -0.069102 -0.697153
v -0.713454 -0.021794 -0.733199
v -0.599153 -0.022116 -0.732318
v -0.563811 -0.028277 -0.709822
v -0.409472 -0.041654 -0.722031
v -0.340806 -0.061634 -0.712989
v -0.255356 -0.060026 -0.719307
v -0.099989 -0.042206 -0.712431
v -0.080282 -0.039248 -0.712633
v 0.035989 -0.040810 -0.719834
v 0.141409 -0.041315 -0.720272
v 0.156295 -0.046548 -0.709760
v 0.244716 -0.045169 -0.718743
v 0.365710 -0.037550 -0.745778
v 0.408377 -0.037195 -0.719382
v 0.489884 -0.033315 -0.719314
v 0.559374 -0.029381 -0.719261
v 0.663246 -0.023696 -0.723838
v 0.795277 -0.034884 -0.707919
v 0.824263 -0.034951 -0.722054
v 0.949912 -0.065054 -0.716942
v -0.972017 -0.022713 -0.745327
v -0.946382 -0.022104 -0.732445
v -0.576784 -0.018198 -0.751854
v -0.561408 -0.022402 -0.747307
v -0.544802 -0.029600 -0.704407
v -0.492694 -0.035019 -0.733753
v -0.340575 -0.041825 -0.743987
v -0.298727 -0.041431 -0.748568
v -0.279743 -0.043779 -0.749509
v -0.241127 -0.048177 -0.732938
v -0.183872 -0.047974 -0.723236
v -0.160941 -0.043256 -0.724298
v -0.123624 -0.041400 -0.733740
v -0.053326 -0.037357 -0.739810
v 0.029420 -0.037360 -0.734350
v 0.087225 -0.036880 -0.744682
v 0.105631 -0.041238 -0.740014
v 0.223487 -0.045256 -0.736691
v 0.322526 -0.040910 -0.722050
v 0.332207 -0.038131 -0.741111
v 0.416464 -0.033433 -0.735554
v 0.473700 -0.031176 -0.743460
v 0.496450 -0.028214 -0.739682
v 0.560497 -0.023540 -0.742753
v 0.608800 -0.023164 -0.744190
v 0.640625 -0.025635 -0.734375
v 0.711280 -0.025601 -0.739559
v 0.736106 -0.026021 -0.718361
v 0.739201 -0.029552 -0.703371
v 0.785983 -0.029714 -0.736642
v 0.855946 -0.035061 -0.738923
v 0.874268 -0.035402 -0.740646
v 0.979447 -0.064150 -0.738258
v -0.888222 -0.017924 -0.749593
v -0.459697 -0.038131 -0.742805
v -0.447151 -0.040888 -0.735284
v -0.416520 -0.041086 -0.750694
v -0.232129 -0.041388 -0.748332
v -0.173185 -0.040235 -0.754101
v -0.121934 -0.037370 -0.750443
v 0.174966 -0.041350 -0.750424
v 0.255534 -0.041262 -0.740090
v 0.303961 -0.041369 -0.744463
v 0.446734 -0.026809 -0.761364
v 0.533772 -0.026379 -0.747022
v 0.696488 -0.021829 -0.749153
v 0.810769 -0.029751 -0.766497
v 0.928075 -0.055031 -0.737565
v 0.961441 -0.054751 -0.756401
v -0.907293 -0.017843 -0.765763
v -0.689215 -0.017885 -0.750142
v -0.615547 -0.017834 -0.766122
v -0.541349 -0.021232 -0.756019
v -0.468975 -0.032748 -0.765347
v -0.437752 -0.034614 -0.776364
v -0.336621 -0.041101 -0.766259
v -0.266857 -0.040698 -0.768378
v -0.219395 -0.040059 -0.770427
v -0.141841 -0.037610 -0.766832
v 0.101268 -0.037427 -0.777551
v 0.373580 -0.032796 -0.769650
v 0.433986 -0.029802 -0.772799
v 0.498340 -0.024857 -0.768734
v 0.562313 -0.021706 -0.780924
v 0.661242 -0.021358 -0.763870
v 0.835085 -0.029947 -0.756654
v 0.873435 -0.029823 -0.779311
v -0.705476 -0.015653 -0.780164
v -0.686693 -0.017716 -0.776929
v -0.663296 -0.013655 -0.780152
v -0.630281 -0.013862 -0.802079
v -0.585082 -0.013712 -0.779961
v -0.526876 -0.022335 -0.782228
v -0.489720 -0.028784 -0.778629
v -0.477355 -0.030353 -0.792450
v -0.409242 -0.033521 -0.780955
v -0.403963 -0.037322 -0.765752
v -0.350836 -0.037473 -0.775565
v -0.289558 -0.041192 -0.784304
v -0.246527 -0.038983 -0.791347
v -0.185494 -0.037975 -0.778763
v 0.072157 -0.039142 -0.783991
v 0.115706 -0.041301 -0.766284
v 0.269829 -0.040480 -0.784369
v 0.307472 -0.037342 -0.769363
v 0.335085 -0.033498 -0.776372
v 0.411796 -0.029958 -0.778846
v 0.475421 -0.025533 -0.781656
v 0.533348 -0.021997 -0.780175
v 0.578125 -0.017822 -0.781250
v 0.738538 -0.021793 -0.797499
v 0.899878 -0.035155 -0.760182
v 0.946163 -0.036425 -0.778996
v 0.968683 -0.037537 -0.796511
v -0.962822 -0.017755 -0.790947
v -0.676167 -0.013801 -0.810959
v -0.445569 -0.029949 -0.796687
v -0.299594 -0.037695 -0.791913
v -0.174899 -0.037298 -0.797099
v -0.144148 -0.033546 -0.800727
v -0.131025 -0.037317 -0.789207
v 0.072917 -0.037354 -0.796875
v 0.138186 -0.037398 -0.795873
v 0.202800 -0.041211 -0.784412
v 0.203361 -0.038013 -0.807730
v 0.249620 -0.035995 -0.802309
v 0.324653 -0.029747 -0.807590
v 0.368414 -0.029371 -0.801462
v 0.399219 -0.026698 -0.800434
v 0.446207 -0.025626 -0.795917
v 0.668839 -0.017894 -0.780382
v 0.749465 -0.025501 -0.784846
v 0.766207 -0.025586 -0.778832
v 0.784402 -0.029732 -0.784755
v -0.965302 -0.013729 -0.828721
v -0.733364 -0.017586 -0.810530
v -0.516527 -0.018000 -0.818420
v -0.404309 -0.031730 -0.819311
v -0.333466 -0.033582 -0.824980
v -0.324249 -0.037301 -0.808544
v -0.261327 -0.034347 -0.822928
v -0.215617 -0.033312 -0.814618
v 0.137533 -0.033465 -0.812428
v 0.158877 -0.035505 -0.819213
v 0.278854 -0.029698 -0.826995
v 0.410858 -0.025397 -0.813450
v 0.457566 -0.021838 -0.804249
v 0.513491 -0.021655 -0.798770
v 0.574809 -0.017822 -0.811837
v 0.608927 -0.017661 -0.813833
v 0.721336 -0.018013 -0.835820
v 0.766263 -0.025559 -0.827016
v 0.802526 -0.025748 -0.822474
v 0.936848 -0.029660 -0.796586
v -0.656308 -0.011209 -0.839817
v -0.633308 -0.010077 -0.825071
v -0.610779 -0.010537 -0.841641
v -0.544232 -0.014094 -0.827698
v -0.466304 -0.029401 -0.813717
v -0.465935 -0.025354 -0.828829
v -0.376010 -0.034022 -0.813043
v -0.281317 -0.031769 -0.834839
v -0.134240 -0.033321 -0.827662
v -0.067786 -0.033052 -0.816168
v -0.046875 -0.033124 -0.816535
v 0.190789 -0.033138 -0.839411
v 0.237919 -0.034146 -0.825328
v 0.294148 -0.029433 -0.847615
v 0.410334 -0.021733 -0.832209
v 0.513547 -0.017908 -0.820831
v 0.644742 -0.013953 -0.829571
v 0.674151 -0.017760 -0.828683
v 0.744251 -0.021765 -0.834915
v 0.831639 -0.029463 -0.824049
v 0.913112 -0.029591 -0.786693
v -0.670611 -0.010841 -0.834459
v -0.554508 -0.012337 -0.842252
v -0.399774 -0.026262 -0.849331
v -0.382922 -0.029549 -0.843718
v -0.332910 -0.029741 -0.855757
v -0.327043 -0.033407 -0.843910
v -0.130296 -0.029541 -0.843488
v -0.050882 -0.029435 -0.858371
v -0.042657 -0.029496 -0.842290
v 0.120559 -0.033385 -0.830628
v 0.211759 -0.033612 -0.844943
v 0.319749 -0.025516 -0.835374
v 0.366929 -0.025654 -0.823582
v 0.449936 -0.021611 -0.850170
v 0.571947 -0.017034 -0.852200
v 0.602961 -0.013939 -0.858592
v 0.779592 -0.021559 -0.854204
v 0.842532 -0.025665 -0.843630
v 0.875290 -0.026559 -0.856848
v 0.890741 -0.028932 -0.829345
v -0.953335 -0.017916 -0.853850
v -0.894904 -0.017791 -0.859063
v -0.735878 -0.017589 -0.842329
v -0.718754 -0.013927 -0.847031
v -0.541210 -0.010116 -0.858950
v -0.498968 -0.014381 -0.865036
v -0.439766 -0.025420 -0.848523
v -0.303801 -0.029750 -0.864117
v -0.208463 -0.029530 -0.842744
v 0.107787 -0.029572 -0.844915
v 0.157997 -0.029392 -0.865754
v 0.225273 -0.029627 -0.858202
v 0.380237 -0.025844 -0.852807
v 0.464253 -0.017857 -0.861328
v 0.514656 -0.017216 -0.862997
v 0.531437 -0.017779 -0.870870
v 0.765542 -0.021649 -0.888721
v 0.806146 -0.025609 -0.874326
v 0.927133 -0.025990 -0.876004
v -0.953454 -0.015217 -0.875000
v -0.709390 -0.010014 -0.888407
v -0.484505 -0.017875 -0.861254
v -0.453180 -0.020520 -0.862874
v -0.398040 -0.021750 -0.879156
v -0.367747 -0.025258 -0.879008
v -0.155961 -0.028617 -0.877527
v -0.079113 -0.029618 -0.836306
v -0.105045 -0.029654 -0.874222
v 0.058086 -0.029458 -0.862010
v 0.127798 -0.029267 -0.876097
v 0.185718 -0.029501 -0.875158
v 0.317629 -0.025425 -0.875608
v 0.444031 -0.017858 -0.887345
v 0.757062 -0.017891 -0.903930
v 0.828125 -0.025635 -0.901042
v 0.954037 -0.029499 -0.862355
v -0.965403 -0.017570 -0.881259
v -0.852163 -0.016753 -0.904703
v -0.722257 -0.013816 -0.883091
v -0.590393 -0.010004 -0.981839
v -0.513812 -0.010463 -0.888371
v -0.425887 -0.021530 -0.888986
v -0.200389 -0.029325 -0.875864
v -0.180183 -0.029474 -0.893679
v -0.132577 -0.026939 -0.905111
v -0.095181 -0.025883 -0.887482
v 0.032390 -0.025554 -0.875604
v 0.140723 -0.026475 -0.903342
v 0.173163 -0.025656 -0.905957
v 0.222707 -0.025843 -0.887838
v 0.348391 -0.021794 -0.877684
v 0.482114 -0.017777 -0.875183
v 0.532726 -0.013972 -0.886575
v 0.801385 -0.021822 -0.898324
v -0.806799 -0.017948 -0.908735
v -0.466731 -0.014273 -0.912292
v -0.435017 -0.017755 -0.924560
v -0.406525 -0.016295 -0.914002
v -0.385471 -0.019402 -0.917567
v -0.359296 -0.021634 -0.906606
v -0.309642 -0.025065 -0.892880
v -0.297898 -0.021963 -0.920660
v -0.282236 -0.025557 -0.892566
v -0.184936 -0.025745 -0.906367
v -0.002740 -0.025619 -0.906312
v 0.016722 -0.021751 -0.906161
v 0.081171 -0.021825 -0.911074
v 0.078026 -0.025744 -0.891646
v 0.246791 -0.025733 -0.928657
v 0.281317 -0.025617 -0.890886
v 0.392411 -0.021603 -0.891128
v 0.402205 -0.017822 -0.904360
v 0.449919 -0.018327 -0.912072
v 0.475564 -0.013845 -0.900740
v 0.741517 -0.018109 -0.920572
v -0.831642 -0.017438 -0.924133
v -0.787904 -0.013991 -0.918361
v -0.734375 -0.013916 -1.000000
v -0.718750 -0.010010 -1.000000
v -0.484444 -0.010110 -0.933596
v -0.353913 -0.017974 -0.922169
v -0.275675 -0.021677 -0.919535
v -0.165729 -0.025887 -0.922348
v 0.005208 -0.021729 -0.921875
v 0.166980 -0.022246 -0.920726
v 0.272872 -0.021694 -0.911393
v 0.345877 -0.021570 -0.922508
v 0.765390 -0.021724 -0.923339
v 0.818647 -0.021638 -0.953125
v -0.800297 -0.018010 -0.943760
v -0.465149 -0.013859 -0.939896
v -0.379318 -0.015789 -0.960233
v -0.304056 -0.021614 -0.937675
v -0.180909 -0.021879 -0.931635
v -0.122016 -0.021770 -0.932828
v 0.159532 -0.022124 -0.943713
v 0.172242 -0.025554 -0.937852
v 0.354736 -0.017853 -0.937378
v 0.454439 -0.013924 -0.938365
v 0.709499 -0.013955 -0.895378
v 0.718599 -0.017732 -0.910595
v 0.749743 -0.017525 -0.956487
v -0.408337 -0.013874 -0.938445
v -0.309664 -0.017852 -0.956481
v -0.223637 -0.018009 -0.953260
v 0.309508 -0.021655 -0.953421
v 0.426489 -0.017995 -0.952492
v -0.441542 -0.013596 -0.970468
v -0.423769 -0.009722 -0.974613
v -0.402339 -0.013844 -0.999999
v -0.333377 -0.016809 -0.966837
v -0.184569 -0.021515 -0.953236
v 0.270377 -0.021631 -0.955611
v 0.314790 -0.017852 -0.968630
v 0.355963 -0.017776 -0.970888
v 0.440177 -0.014024 -0.964144
v 0.836647 -0.025616 -0.953125
v -0.037125 -0.021734 -0.984841
v 0.090348 -0.021699 -0.983900
v 0.214731 -0.021682 -0.972039
v 0.267398 -0.017811 -0.983792
v 0.398409 -0.014018 -0.983637
v 0.520833 -0.013916 -0.984375
v 0.622347 -0.014256 -0.977855
v 0.764437 -0.021691 -0.983103
vn -0.1558 0.8959 0.4161
vn -0.2796 0.9557 0.0921
vn -0.2308 0.9729 -0.0106
vn -0.0647 0.9977 0.0176
vn -0.0001 1.0000 -0.0000
vn -0.1186 0.9799 0.1606
vn -0.0095 0.9999 -0.0042
vn 0.0192 0.9987 -0.0470
vn 0.8188 0.3365 -0.4651
vn 0.2377 0.9380 -0.2522
vn 0.1537 0.9753 -0.1584
vn 0.0242 0.9947 -0.1000
vn 0.2314 0.9727 -0.0153
vn -0.3889 0.8308 -0.3982
vn 0.0747 0.7031 -0.7072
vn 0.0131 0.7322 -0.6810
vn 0.0436 0.4990 -0.8655
vn -0.4418 0.6582 -0.6096
vn -0.4256 0.6682 -0.6103
vn 0.0042 0.9684 -0.2494
vn -0.0028 0.9670 -0.2549
vn -0.1144 0.9916 -0.0610
vn -0.1153 0.9914 0.0627
vn -0.1628 0.9861 -0.0336
vn -0.0289 0.9992 -0.0290
vn 0.0051 1.0000 0.0007
vn 0.0315 0.9871 0.1570
vn 0.2336 0.9723 -0.0010
vn 0.0530 0.9973 -0.0508
vn 0.2473 0.9689 -0.0034
vn 0.0056 0.9999 -0.0136
vn -0.1324 0.9484 0.2881
vn -0.1472 0.9883 0.0392
vn -0.2024 0.9657 0.1628
vn -0.1645 0.9835 0.0748
vn 0.0518 0.9730 -0.2249
vn 0.1976 0.9624 -0.1864
vn -0.0024 1.0000 -0.0041
vn -0.0003 1.0000 -0.0023
vn 0.1076 0.7692 -0.6298
vn 0.2655 0.3893 -0.8820
vn 0.1031 0.9871 -0.1228
vn 0.1533 0.9754 -0.1584
vn 0.0075 0.9650 -0.2620
vn -0.3499 0.8156 -0.4608
vn -0.4396 0.7513 -0.4923
vn 0.0083 0.8185 -0.5745
vn -0.2064 0.3217 -0.9241
vn 0.0814 0.3696 -0.9256
vn -0.0331 0.3569 -0.9336
vn 0.0657 0.9957 -0.0647
vn -0.0045 1.0000 0.0033
vn 0.2074 0.9752 0.0778
vn -0.1797 0.9660 0.1857
vn 0.2584 0.9579 -0.1256
vn -0.0561 0.9982 0.0221
vn -0.2103 0.9731 0.0935
vn -0.1906 0.9708 0.1458
vn 0.0285 0.7232 -0.6901
vn 0.5635 0.4387 -0.7000
vn 0.0058 0.9686 -0.2484
vn 0.1366 0.6749 -0.7252
vn -0.0030 0.6154 -0.7882
vn 0.0851 0.6922 -0.7166
vn 0.4665 0.6371 -0.6136
vn 0.1131 0.7412 -0.6616
vn -0.2558 0.9173 -0.3051
vn 0.8179 0.5263 0.2326
vn 0.4060 0.9092 -0.0926
vn 0.1542 0.9802 -0.1244
vn -0.0854 0.9805 -0.1769
vn 0.0015 1.0000 -0.0008
vn -0.2096 0.9734 0.0925
vn 0.0337 0.9990 -0.0298
vn 0.1690 0.8081 -0.5643
vn 0.3117 0.9399 -0.1396
vn 0.4785 0.8534 0.2069
vn 0.4525 0.8765 -0.1644
vn 0.1566 0.9659 -0.2062
vn 0.2897 0.9488 -0.1262
vn -0.0824 0.9751 -0.2058
vn -0.0065 1.0000 -0.0037
vn 0.1251 0.9747 -0.1852
vn -0.1023 0.9906 -0.0906
vn 0.0198 0.9708 -0.2391
vn 0.2617 0.8896 -0.3744
vn -0.2468 0.8106 -0.5311
vn -0.1120 0.9360 0.3338
vn 0.1029 0.9795 -0.1732
vn -0.1912 0.9602 0.2034
vn -0.0029 1.0000 0.0058
vn -0.3877 0.9208 0.0431
vn -0.2743 0.9594 0.0658
vn 0.1134 0.7162 -0.6887
vn 0.1042 0.7715 -0.6277
vn -0.0089 0.9994 -0.0348
vn 0.2239 0.9671 -0.1208
vn -0.0843 0.8540 0.5134
vn -0.0895 0.9860 -0.1409
vn -0.5264 0.3810 -0.7601
vn -0.5458 0.6585 -0.5182
vn -0.2100 0.9492 -0.2344
vn -0.0210 0.9998 -0.0012
vn 0.0551 0.9964 0.0650
vn -0.0336 0.9994 0.0111
vn -0.3349 0.9391 0.0774
vn -0.3156 0.9456 0.0785
vn -0.0195 0.9998 0.0024
vn -0.3252 0.9400 0.1034
vn -0.2379 0.9691 0.0645
vn 0.4072 0.6755 -0.6147
vn 0.2025 0.8740 -0.4416
vn 0.0081 0.9987 -0.0498
vn 0.0858 0.9910 -0.1023
vn -0.0093 0.9729 -0.2310
vn 0.1806 0.9602 -0.2129
vn -0.0042 0.9415 -0.3370
vn 0.2108 0.9456 -0.2476
vn 0.0360 0.9877 0.1519
vn -0.1105 0.9583 -0.2634
vn 0.1807 0.9739 -0.1370
vn -0.0005 1.0000 -0.0014
vn 0.1706 0.9692 -0.1776
vn 0.1592 0.9823 -0.0983
vn 0.0019 1.0000 0.0005
vn -0.2426 0.9701 -0.0001
vn -0.3663 0.9252 0.0994
vn -0.0072 1.0000 -0.0022
vn 0.3152 0.7937 -0.5203
vn 0.0224 0.8935 -0.4484
vn 0.1767 0.9712 -0.1600
vn 0.2224 0.8737 -0.4326
vn 0.4403 0.8618 -0.2518
vn 0.0548 0.9848 -0.1647
vn 0.0823 0.9912 -0.1034
vn 0.0992 0.9871 -0.1256
vn 0.0030 0.9998 -0.0190
vn 0.2018 0.9562 -0.2121
vn 0.1601 0.9676 -0.1955
vn 0.1529 0.9798 -0.1293
vn 0.1503 0.9754 -0.1611
vn 0.3180 0.9357 -0.1525
vn 0.0008 1.0000 -0.0016
vn 0.4931 0.5943 -0.6353
vn 0.2739 0.7823 -0.5594
vn 0.0118 0.9672 -0.2536
vn 0.1454 0.9100 -0.3882
vn -0.0049 0.9987 0.0511
vn 0.1015 0.9904 -0.0936
vn -0.0004 0.9687 -0.2481
vn 0.1690 0.9856 -0.0057
vn -0.0014 0.9999 -0.0104
vn -0.5622 0.7209 -0.4054
vn 0.0054 1.0000 -0.0029
vn 0.0014 1.0000 -0.0009
vn 0.2020 0.9531 -0.2252
vn -0.0003 1.0000 -0.0000
vn 0.1940 0.8731 -0.4473
vn -0.1169 0.9270 -0.3564
vn 0.1565 0.8121 -0.5621
vn 0.0697 0.8330 -0.5489
vn 0.0191 0.9885 -0.1502
vn -0.0167 0.9822 -0.1871
vn 0.0013 1.0000 0.0020
vn 0.3702 0.9289 0.0011
vn -0.0827 0.9700 -0.2287
vn 0.0586 0.9983 -0.0070
vn -0.9555 0.2903 -0.0521
vn 0.1745 0.9846 0.0065
vn 0.3846 0.9053 -0.1805
vn 0.0213 0.9996 -0.0188
vn 0.4773 0.8074 -0.3467
vn -0.1973 0.9803 0.0051
vn -0.1247 0.9803 -0.1529
vn 0.7138 0.4924 -0.4980
vn -0.1300 0.9808 -0.1456
vn -0.1174 0.9820 -0.1478
vn 0.2795 0.9598 0.0255
vn 0.0250 0.9924 0.1203
vn -0.0048 1.0000 -0.0056
vn 0.3522 0.9330 -0.0741
vn -0.0458 0.9819 -0.1836
vn -0.0524 0.9867 -0.1540
vn 0.0029 1.0000 0.0013
vn -0.8857 0.3692 -0.2816
vn 0.3839 0.9058 -0.1792
vn 0.1184 0.9868 -0.1106
vn -0.0105 0.9842 -0.1770
vn 0.2014 0.9769 -0.0709
vn 0.1448 0.9673 -0.2082
vn -0.0548 0.9463 -0.3187
vn 0.1875 0.9593 -0.2112
vn -0.0446 0.9978 -0.0494
vn 0.2398 0.9200 -0.3100
vn -0.0083 0.9982 -0.0591
vn 0.1727 0.9509 -0.2569
vn 0.1503 0.9765 0.1544
vn 0.0275 0.9989 0.0386
vn -0.1101 0.9482 -0.2980
vn -0.0056 0.9702 -0.2421
vn -0.0261 0.9981 -0.0559
vn -0.8430 0.5341 -0.0641
vn 0.3221 0.9390 -0.1202
vn 0.0696 0.9871 -0.1445
vn 0.1800 0.9818 -0.0602
vn 0.0014 1.0000 -0.0006
vn 0.0351 0.9994 0.0058
vn 0.0927 0.9757 -0.1986
vn -0.2007 0.9475 -0.2489
vn -0.1154 0.9605 -0.2533
vn 0.0859 0.9963 0.0033
vn -0.0309 0.9974 0.0651
vn 0.1538 0.9878 -0.0241
vn 0.1320 0.9852 -0.1090
vn 0.0332 0.9993 0.0171
vn 0.1394 0.9894 -0.0408
vn 0.0827 0.9962 -0.0288
vn -0.0003 1.0000 -0.0062
vn -0.1929 0.9684 -0.1580
vn -0.0431 0.9957 0.0821
vn -0.2618 0.9301 -0.2578
vn 0.0398 0.9992 -0.0040
vn 0.1898 0.9796 0.0660
vn 0.4274 0.8950 -0.1280
vn 0.0088 0.9999 0.0061
vn -0.0070 0.9999 -0.0098
vn 0.2423 0.9667 -0.0826
vn 0.4014 0.8887 -0.2216
vn -0.2435 0.9699 -0.0011
vn -0.1571 0.9694 -0.1886
vn 0.7171 0.5392 -0.4416
vn -0.1229 0.7542 -0.6450
vn -0.1733 0.9532 0.2479
vn -0.0081 0.9915 0.1299
vn 0.1618 0.9820 -0.0974
vn 0.1681 0.9732 -0.1570
vn 0.0464 0.9845 -0.1690
vn 0.0347 0.9993 -0.0103
vn 0.2173 0.9761 -0.0086
vn -0.0664 0.9977 0.0134
vn 0.2933 0.9557 0.0251
vn -0.8059 0.5918 0.0161
vn -0.6597 0.7260 -0.1942
vn 0.2530 0.9674 -0.0136
vn -0.0023 1.0000 -0.0041
vn 0.1542 0.9822 -0.1070
vn 0.1797 0.9700 -0.1639
vn 0.1539 0.9845 -0.0835
vn -0.0094 0.9762 -0.2165
vn 0.7411 0.6379 -0.2096
vn 0.0191 0.9997 -0.0123
vn -0.0172 0.9870 -0.1598
vn 0.0271 0.9994 -0.0199
vn 0.0739 0.9942 -0.0782
vn 0.0137 0.9953 -0.0963
vn -0.0371 0.9914 -0.1252
vn -0.2213 0.9751 0.0119
vn 0.0600 0.9974 -0.0401
vn -0.9343 0.3522 0.0550
vn -0.1926 0.9574 -0.2153
vn 0.3262 0.7877 -0.5226
vn -0.2655 0.9641 -0.0048
vn 0.2228 0.9748 0.0099
vn 0.3782 0.8735 -0.3065
vn -0.1747 0.9725 -0.1539
vn 0.1626 0.9819 -0.0974
vn 0.1773 0.9769 -0.1194
vn 0.1316 0.9817 -0.1377
vn 0.0117 0.9999 0.0053
vn -0.1679 0.9857 0.0129
vn 0.2443 0.9661 -0.0833
vn -0.0363 0.9993 -0.0030
vn -0.1745 0.9837 -0.0422
vn -0.8729 0.4871 0.0264
vn 0.1158 0.9891 -0.0909
vn 0.2361 0.9426 -0.2361
vn 0.2410 0.9661 0.0924
vn 0.0099 0.9999 -0.0121
vn 0.1799 0.9815 -0.0657
vn 0.1096 0.9709 -0.2128
vn 0.2498 0.9620 -0.1105
vn 0.0518 0.9973 -0.0525
vn 0.1329 0.9844 -0.1151
vn 0.1474 0.9810 -0.1263
vn 0.1660 0.9798 -0.1119
vn 0.1823 0.9534 -0.2404
vn -0.5208 0.8210 -0.2338
vn -0.2142 0.9516 -0.2203
vn -0.2110 0.9595 -0.1866
vn 0.1154 0.9925 -0.0397
vn -0.0419 0.9982 -0.0427
vn -0.6210 0.7806 0.0710
vn 0.2208 0.9752 0.0116
vn 0.1390 0.9683 -0.2075
vn -0.0022 0.9999 -0.0130
vn 0.1879 0.9616 -0.2001
vn 0.0441 0.9990 0.0072
vn -0.4696 0.7935 -0.3871
vn 0.7915 0.6056 -0.0822
vn -0.0022 0.9981 -0.0615
vn -0.1071 0.9939 -0.0262
vn 0.2257 0.9710 -0.0788
vn 0.1027 0.9927 -0.0635
vn 0.0608 0.9956 -0.0709
vn 0.0573 0.9700 -0.2363
vn -0.1793 0.9153 -0.3606
vn 0.0369 0.9986 -0.0390
vn -0.1370 0.9896 0.0449
vn 0.2429 0.9700 0.0015
vn 0.1869 0.9799 -0.0695
vn 0.0344 0.9994 -0.0105
vn 0.1629 0.9763 -0.1427
vn 0.3821 0.9240 0.0180
vn 0.2278 0.9737 0.0008
vn 0.0527 0.9936 0.0999
vn -0.2432 0.9700 -0.0017
vn -0.0282 0.9996 -0.0073
vn 0.6485 0.7606 -0.0295
vn -0.1171 0.9927 -0.0281
vn 0.2040 0.9589 -0.1970
vn 0.0224 0.9993 -0.0309
vn 0.1550 0.9878 0.0158
vn 0.1259 0.9768 -0.1733
vn 0.0905 0.9619 -0.2579
vn 0.2395 0.9229 -0.3014
vn -0.0021 0.9682 -0.2500
vn -0.1003 0.9611 -0.2573
vn -0.8497 0.5129 -0.1226
vn -0.0215 0.9998 0.0027
vn 0.1011 0.9799 -0.1719
vn 0.0870 0.9830 -0.1616
vn 0.1217 0.9891 -0.0824
vn 0.4270 0.9039 0.0270
vn 0.1919 0.9684 -0.1593
vn -0.1135 0.9861 -0.1214
vn -0.1814 0.9477 -0.2627
vn 0.0009 0.9999 -0.0143
vn 0.0586 0.9975 0.0390
vn 0.0592 0.9954 -0.0747
vn 0.0667 0.9972 -0.0340
vn -0.0685 0.9715 -0.2270
vn -0.1821 0.9517 -0.2472
vn 0.0272 0.9736 -0.2266
vn -0.0008 1.0000 -0.0009
vn -0.2219 0.9594 -0.1741
vn 0.0240 0.9997 -0.0030
vn -0.9122 0.3890 -0.1288
vn -0.1635 0.9860 -0.0324
vn 0.1501 0.9813 -0.1201
vn 0.2169 0.9610 -0.1715
vn -0.0049 0.9998 0.0191
vn -0.2428 0.9701 -0.0008
vn 0.1132 0.9607 0.2535
vn 0.1426 0.9741 -0.1753
vn -0.0119 0.9699 -0.2433
vn 0.1962 0.9371 -0.2888
vn 0.1399 0.9818 -0.1283
vn 0.1302 0.9600 -0.2480
vn -0.0856 0.9947 -0.0564
vn 0.2379 0.9428 -0.2334
vn 0.1241 0.9774 -0.1711
vn 0.0855 0.9933 -0.0772
vn -0.1293 0.9551 -0.2667
vn -0.7843 0.6127 -0.0979
vn -0.9010 0.3669 -0.2316
vn 0.1547 0.9798 -0.1266
vn -0.0706 0.9881 -0.1364
vn 0.1030 0.9546 0.2797
vn 0.1563 0.9874 0.0256
vn 0.0035 1.0000 0.0051
vn 0.5148 0.8469 0.1334
vn -0.0040 0.9722 -0.2341
vn -0.0000 0.9696 -0.2445
vn 0.0337 0.9232 -0.3828
vn 0.0490 0.9956 -0.0796
vn 0.0509 0.9798 -0.1935
vn 0.0056 0.9924 -0.1229
vn 0.0835 0.9726 -0.2171
vn 0.0492 0.9958 -0.0771
vn -0.0297 0.9863 -0.1621
vn -0.1500 0.9666 -0.2076
vn 0.1208 0.9909 -0.0598
vn -0.1275 0.9914 -0.0281
vn -0.2537 0.9495 -0.1847
vn 0.3708 0.9285 0.0186
vn 0.4057 0.9139 0.0154
vn 0.1503 0.9792 -0.1363
vn -0.0816 0.9685 -0.2351
vn 0.0429 0.9847 -0.1691
vn 0.2319 0.9717 0.0452
vn 0.1810 0.9622 -0.2036
vn -0.0016 1.0000 -0.0026
vn -0.0118 0.9999 -0.0049
vn 0.0604 0.9970 -0.0487
vn 0.1219 0.9903 -0.0661
vn 0.7022 -0.3976 -0.5906
vn -0.0321 0.9915 -0.1264
vn 0.2126 0.9735 -0.0843
vn 0.1255 0.9783 -0.1647
vn 0.0927 0.9932 -0.0711
vn 0.0012 1.0000 -0.0075
vn -0.1478 0.9776 -0.1500
vn -0.0100 0.9999 -0.0088
vn -0.2928 0.9331 -0.2086
vn -0.8418 0.3180 -0.4362
vn 0.3811 0.9204 -0.0872
vn 0.3791 0.9214 -0.0857
vn -0.0232 0.9977 -0.0642
vn -0.0231 0.9495 -0.3128
vn 0.4452 0.8740 -0.1946
vn -0.0699 0.9874 -0.1417
vn -0.3390 0.8991 -0.2770
vn -0.0402 0.9992 -0.0065
vn 0.8257 0.5627 0.0404
vn 0.2186 0.9732 -0.0716
vn 0.0042 0.9693 -0.2459
vn 0.0002 0.9696 -0.2447
vn -0.1205 0.9791 -0.1636
vn 0.0782 0.9944 -0.0716
vn 0.1704 0.9721 -0.1614
vn 0.0221 0.9728 -0.2308
vn 0.1068 0.9917 -0.0718
vn 0.0102 0.9999 0.0002
vn 0.2061 0.9676 -0.1456
vn -0.2613 0.9407 -0.2163
vn 0.0803 0.9967 -0.0124
vn 0.0079 1.0000 -0.0030
vn -0.8252 0.3330 -0.4563
vn 0.4753 0.8766 -0.0754
vn 0.3830 0.9062 -0.1794
vn -0.0994 0.9920 -0.0776
vn -0.0036 0.9999 -0.0103
vn 0.0488 0.9971 -0.0585
vn 0.2436 0.9400 -0.2388
vn -0.1778 0.9816 0.0700
vn -0.3184 0.8497 -0.4204
vn -0.1514 0.9880 -0.0313
vn 0.0008 1.0000 0.0002
vn 0.0549 0.9888 0.1388
vn 0.4548 0.8901 0.0297
vn -0.2599 0.9645 -0.0463
vn -0.2271 0.9737 -0.0175
vn -0.0446 0.9988 -0.0198
vn 0.0108 0.9999 -0.0072
vn -0.7244 0.3208 -0.6102
vn -0.1688 0.8845 -0.4350
vn 0.3947 0.9042 0.1632
vn -0.0610 0.9901 -0.1262
vn -0.0495 0.9527 -0.2998
vn 0.0288 0.9905 -0.1347
vn 0.3053 0.9512 -0.0449
vn -0.2947 0.9556 -0.0031
vn -0.0590 0.9979 0.0284
vn -0.0193 0.9892 0.1454
vn 0.2133 0.9701 -0.1155
vn -0.2070 0.9682 -0.1406
vn 0.0148 0.9984 -0.0537
vn 0.2528 0.9613 -0.1090
vn 0.2266 0.9714 -0.0716
vn 0.0073 1.0000 -0.0010
vn 0.0053 0.9711 0.2387
vn -0.2496 0.9683 0.0060
vn -0.0093 0.9999 -0.0079
vn -0.1026 0.9590 -0.2643
vn -0.8925 0.2995 -0.3372
vn -0.1721 0.8909 -0.4203
vn 0.0291 0.9989 -0.0373
vn -0.2080 0.9726 -0.1040
vn 0.0014 1.0000 -0.0060
vn -0.2048 0.9768 -0.0628
vn -0.0080 0.9999 -0.0090
vn -0.2404 0.9707 0.0064
vn -0.0477 0.9983 -0.0350
vn -0.2128 0.9744 -0.0721
vn 0.1508 0.9884 0.0194
vn -0.0755 0.9799 0.1844
vn 0.8024 0.5389 0.2565
vn 0.4605 0.8859 -0.0561
vn 0.2065 0.9734 -0.0991
vn 0.0579 0.9972 0.0468
vn 0.2440 0.9664 -0.0809
vn 0.0472 0.9972 -0.0579
vn -0.1791 0.9834 -0.0295
vn -0.9176 0.3134 -0.2445
vn 0.0856 0.9875 -0.1322
vn 0.0854 0.9837 -0.1584
vn 0.0279 0.9904 -0.1352
vn 0.0286 0.9907 -0.1331
vn -0.2526 0.9658 0.0581
vn -0.2326 0.9459 -0.2263
vn 0.1200 0.9863 0.1132
vn 0.0146 0.9991 -0.0387
vn -0.1079 0.9867 -0.1217
vn 0.1225 0.9920 -0.0289
vn 0.2009 0.9744 -0.1011
vn -0.0206 0.9998 0.0073
vn -0.2028 0.9792 0.0082
vn -0.0398 0.9992 0.0039
vn -0.1560 0.9777 -0.1406
vn -0.2197 0.9521 -0.2126
vn -0.2034 0.9790 0.0168
vn 0.0619 0.9929 0.1017
vn 0.0295 0.9890 -0.1452
vn 0.4306 0.8714 -0.2352
vn -0.2247 0.9439 -0.2419
vn 0.0007 0.9993 -0.0385
vn -0.1977 0.9752 -0.0992
vn 0.3832 0.9144 0.1306
vn 0.1200 0.9920 -0.0391
vn -0.0497 0.9979 -0.0414
vn -0.1095 0.9858 -0.1272
vn -0.0001 0.9706 -0.2407
vn -0.0018 0.9996 -0.0267
vn 0.0607 0.9814 -0.1819
vn 0.0242 0.9850 0.1711
vn -0.0012 1.0000 -0.0083
vn -0.0633 0.9797 -0.1904
vn -0.6746 0.5345 -0.5092
vn 0.4494 0.8907 -0.0677
vn 0.0235 0.9995 -0.0228
vn -0.0211 0.9998 -0.0036
vn -0.3135 0.9438 -0.1042
vn -0.2030 0.9734 -0.1060
vn 0.1284 0.9914 0.0251
vn 0.0388 0.9639 0.2634
vn 0.9249 0.3489 0.1513
vn 0.0151 0.9688 -0.2473
vn -0.0554 0.9865 -0.1542
vn 0.0014 0.9696 -0.2447
vn 0.0247 0.9817 -0.1889
vn 0.1887 0.9781 -0.0880
vn 0.1507 0.9766 0.1533
vn 0.0277 0.9990 0.0348
vn 0.1643 0.9551 0.2464
vn -0.0389 0.9992 -0.0057
vn -0.3528 0.9301 -0.1023
vn -0.6914 0.5518 -0.4663
vn 0.1752 0.9542 -0.2426
vn -0.4315 0.8684 0.2444
vn -0.1984 0.9799 -0.0198
vn -0.0033 1.0000 0.0017
vn 0.0100 0.9999 0.0009
vn 0.1229 0.9826 -0.1394
vn 0.5916 0.2982 0.7490
vn -0.1105 0.9441 -0.3107
vn -0.0501 0.9665 -0.2519
vn 0.0668 0.9910 -0.1157
vn 0.0406 0.9858 -0.1627
vn 0.0493 0.9888 -0.1412
vn 0.2993 0.9217 0.2468
vn 0.0095 0.9714 0.2372
vn 0.0006 0.9724 0.2335
vn -0.0657 0.9963 -0.0557
vn -0.1903 0.9817 0.0059
vn -0.8669 0.4684 -0.1708
vn 0.0588 0.9828 -0.1750
vn 0.2946 0.9555 -0.0123
vn 0.2495 0.9195 0.3039
vn 0.3101 0.9452 -0.1023
vn 0.0427 0.9793 -0.1977
vn 0.3598 0.9248 -0.1238
vn 0.1072 0.9919 -0.0675
vn -0.1939 0.9788 -0.0666
vn -0.2155 0.9703 -0.1097
vn -0.0178 0.9997 -0.0146
vn -0.0045 1.0000 -0.0077
vn 0.0838 0.9822 -0.1681
vn 0.0075 0.9704 -0.2413
vn 0.0068 0.8629 -0.5054
vn 0.0054 0.9719 -0.2354
vn 0.0669 0.9865 -0.1497
vn 0.1601 0.9772 -0.1396
vn -0.0083 1.0000 0.0040
vn 0.0314 0.9770 0.2110
vn 0.0329 0.9556 0.2927
vn -0.1040 0.9946 0.0072
vn -0.0027 1.0000 0.0005
vn 0.3480 0.9374 -0.0139
vn -0.0059 0.9999 -0.0103
vn 0.1722 0.9737 -0.1492
vn 0.3433 0.9267 -0.1529
vn -0.0269 0.9994 -0.0194
vn 0.0079 1.0000 -0.0050
vn 0.1147 0.9905 -0.0761
vn 0.1777 0.9715 -0.1570
vn 0.0012 1.0000 -0.0014
vn -0.0033 1.0000 0.0034
vn 0.2255 0.9499 0.2166
vn 0.4072 0.8119 0.4183
vn -0.0008 0.9999 0.0159
vn -0.0855 0.9958 -0.0326
vn 0.0017 0.9685 -0.2492
vn 0.0081 0.9998 0.0188
vn -0.0090 1.0000 0.0023
vn 0.0028 0.9957 -0.0923
vn 0.0796 0.9876 0.1356
vn 0.1101 0.9858 0.1267
vn -0.0697 0.9953 0.0671
vn 0.0526 0.9744 -0.2187
vn -0.8929 0.4276 0.1412
vn 0.0029 1.0000 0.0004
vn 0.0030 1.0000 -0.0036
vn -0.0875 0.9927 -0.0832
vn 0.0192 0.9982 -0.0570
vn -0.0241 0.9997 0.0059
vn -0.4175 0.9065 0.0621
vn 0.2490 0.9681 0.0284
vn 0.1700 0.9768 0.1299
vn 0.2912 0.9482 -0.1270
vn 0.5322 0.4325 0.7278
vn 0.3342 0.6844 0.6480
vn 0.1228 0.8687 0.4799
vn 0.0014 0.9664 0.2569
vn -0.0011 0.9638 0.2666
vn 0.0169 0.9998 -0.0078
vn -0.0100 0.9999 0.0041
vn -0.0003 1.0000 0.0030
vn -0.0377 0.9879 0.1505
vn 0.0063 1.0000 -0.0028
vn 0.0020 0.9999 -0.0165
vn 0.0269 0.9996 0.0066
vn -0.1734 0.9765 -0.1281
vn -0.0903 0.9700 -0.2259
vn 0.3283 0.9433 -0.0501
vn 0.1172 0.9888 0.0924
vn 0.3780 0.9234 -0.0669
vn 0.1740 0.9784 -0.1114
vn 0.1521 0.9678 -0.2007
vn 0.1624 0.9834 -0.0813
vn 0.0019 0.9999 0.0153
vn 0.3377 0.9381 -0.0765
vn 0.4908 0.3706 0.7885
vn 0.0458 0.7960 0.6035
vn 0.1248 0.9879 0.0918
vn -0.0699 0.9853 0.1558
vn 0.1172 0.9924 0.0367
vn -0.0010 1.0000 0.0028
vn -0.0082 0.9996 0.0283
vn 0.4493 0.8369 0.3126
vn -0.0143 0.9999 -0.0017
vn -0.6855 0.7274 -0.0316
vn 0.2271 0.9404 -0.2530
vn 0.0029 1.0000 0.0002
vn -0.0537 0.8835 -0.4654
vn 0.0160 0.9996 -0.0225
vn 0.2404 0.9659 -0.0963
vn 0.0597 0.9981 -0.0116
vn -0.0002 1.0000 0.0001
vn -0.1367 0.9826 -0.1261
vn 0.0503 0.9900 0.1320
vn 0.0261 0.9995 -0.0152
vn 0.3925 0.4877 0.7798
vn 0.2161 0.3776 0.9004
vn 0.0233 0.3962 0.9179
vn -0.0083 0.7387 0.6740
vn -0.0471 0.9948 -0.0899
vn -0.2587 0.5795 0.7729
vn 0.5698 0.6702 0.4755
vn -0.0027 1.0000 0.0083
vn 0.1886 0.9784 0.0847
vn -0.1794 0.9687 -0.1716
vn 0.1076 0.8826 -0.4576
vn 0.4662 0.8843 0.0244
vn 0.2295 0.9616 0.1506
vn 0.3584 0.9259 -0.1191
vn 0.2342 0.9722 -0.0018
vn -0.0148 0.9998 0.0092
vn -0.0508 0.9824 -0.1800
vn -0.1663 0.9860 -0.0134
vn -0.0119 0.9999 -0.0000
vn -0.0054 1.0000 -0.0038
vn -0.0019 1.0000 0.0016
vn -0.0021 1.0000 0.0074
vn 0.0627 0.3696 0.9271
vn 0.0323 0.3627 0.9314
vn 0.1088 0.5419 0.8333
vn 0.0008 0.4106 0.9118
vn -0.0304 0.4302 0.9022
vn 0.4783 0.8763 0.0570
vn 0.7476 0.4430 0.4949
vn 0.1426 0.8572 0.4949
vn -0.0004 0.9764 0.2161
vn 0.0243 0.9918 0.1251
vn 0.5053 0.8593 -0.0787
vn -0.1381 0.9903 -0.0136
vn -0.0077 0.9999 -0.0106
vn 0.1123 0.9628 -0.2456
vn -0.1767 0.9842 0.0112
vn -0.9680 0.2467 -0.0465
vn 0.2424 0.9701 -0.0100
vn 0.2212 0.9634 0.1513
vn 0.0279 0.9980 -0.0571
vn 0.2529 0.9618 -0.1045
vn 0.1705 0.9597 -0.2234
vn 0.0748 0.9928 -0.0938
vn 0.1614 0.9744 -0.1566
vn -0.2295 0.9496 0.2137
vn 0.0317 0.9912 0.1285
vn 0.1835 0.9335 0.3082
vn 0.5074 0.8149 0.2800
vn 0.0800 0.9876 0.1354
vn 0.2719 0.9623 -0.0097
vn 0.2495 0.9667 -0.0568
vn 0.1296 0.9809 0.1449
vn 0.3360 0.9346 0.1166
vn 0.0198 0.9980 0.0603
vn -0.0019 0.9751 -0.2217
vn 0.1222 0.7674 -0.6294
vn 0.0266 0.9882 -0.1507
vn -0.0825 0.9858 0.1461
vn -0.0623 0.9927 0.1031
vn -0.0627 0.9277 0.3679
vn -0.0085 0.9999 0.0091
vn -0.7287 0.6806 -0.0757
vn 0.2279 0.9568 0.1805
vn -0.3381 0.9376 -0.0818
vn -0.5035 0.8623 0.0541
vn 0.0548 0.8898 0.4531
vn 0.0007 0.9812 0.1931
vn -0.2363 0.9716 0.0117
vn -0.1882 0.9765 0.1053
vn 0.1031 0.9781 -0.1808
vn 0.0783 0.9007 -0.4273
vn 0.1937 0.8554 -0.4804
vn 0.1599 0.9805 -0.1138
vn -0.8597 0.5070 -0.0620
vn -0.1810 0.8873 -0.4241
vn 0.0137 0.9955 0.0933
vn 0.6690 0.5394 0.5113
vn 0.3299 0.9438 0.0210
vn 0.2402 0.9698 -0.0428
vn 0.2170 0.9761 0.0080
vn -0.2337 0.9562 0.1761
vn 0.0017 1.0000 -0.0020
vn -0.1453 0.9804 -0.1328
vn 0.1470 0.9649 -0.2174
vn 0.1285 0.9664 -0.2227
vn 0.1592 0.7584 -0.6320
vn 0.0905 0.6000 -0.7949
vn 0.1510 0.7615 -0.6303
vn 0.0760 0.8424 -0.5335
vn -0.5776 0.8150 0.0472
vn -0.3745 0.9007 -0.2202
vn -0.0857 0.9850 -0.1500
vn -0.2584 0.9336 -0.2481
vn 0.0498 0.9846 0.1675
vn 0.0311 0.9893 0.1427
vn 0.7720 0.5322 0.3475
vn 0.1257 0.9713 -0.2020
vn 0.0013 1.0000 -0.0000
vn 0.0150 0.9281 -0.3720
vn 0.0021 1.0000 -0.0034
vn -0.1944 0.9672 -0.1635
vn -0.1919 0.9277 -0.3203
vn 0.1903 0.9816 0.0152
vn 0.0551 0.9981 -0.0291
vn 0.1837 0.9747 -0.1271
vn 0.1392 0.9749 -0.1737
vn 0.0639 0.5816 -0.8110
vn -0.0135 0.7554 -0.6551
vn 0.0731 0.8441 -0.5311
vn 0.0019 0.8728 -0.4881
vn 0.1425 0.8763 -0.4601
vn 0.1133 0.8845 -0.4526
vn 0.0694 0.9064 -0.4168
vn 0.1804 0.9434 -0.2781
vn -0.2956 0.9018 -0.3153
vn -0.1389 0.9234 -0.3578
vn -0.2033 0.9363 -0.2863
vn -0.0843 0.9641 -0.2517
vn -0.2100 0.9617 -0.1760
vn 0.5603 0.8265 0.0547
vn 0.2360 0.9718 0.0019
vn -0.0800 0.9954 0.0535
vn 0.0004 1.0000 -0.0012
vn 0.1556 0.9778 -0.1404
vn 0.1525 0.9787 -0.1376
vn -0.0124 0.9680 -0.2506
vn 0.3019 0.7777 -0.5514
vn 0.0362 0.7779 -0.6274
vn 0.4207 0.7265 -0.5433
vn 0.0402 0.9402 -0.3382
vn -0.5624 0.7753 0.2872
vn -0.0823 0.9942 -0.0689
vn -0.0869 0.9649 -0.2480
vn -0.2522 0.9181 -0.3058
vn -0.0080 1.0000 -0.0015
vn -0.9641 0.2605 0.0518
vn 0.3177 0.9330 0.1688
vn 0.2028 0.9786 -0.0344
vn 0.0613 0.9975 -0.0364
vn -0.0147 0.9999 0.0058
vn 0.0053 1.0000 0.0025
vn -0.2400 0.9707 0.0082
vn -0.2240 0.9657 0.1318
vn 0.0416 0.9991 0.0035
vn 0.1444 0.9885 -0.0442
vn 0.6012 0.5587 -0.5713
vn 0.3051 0.6711 -0.6757
vn 0.2648 0.7256 -0.6351
vn 0.1991 0.8872 -0.4162
vn 0.0268 0.7595 -0.6500
vn -0.0795 0.6574 -0.7494
vn 0.0500 0.7283 -0.6834
vn -0.5472 0.8084 0.2169
vn -0.3922 0.9185 -0.0508
vn 0.0008 0.9672 -0.2539
vn 0.0770 0.9606 -0.2672
vn 0.0111 0.9861 -0.1657
vn -0.1777 0.9797 -0.0931
vn -0.3012 0.9533 0.0234
vn 0.1204 0.9927 0.0052
vn 0.2425 0.9539 0.1767
vn 0.1075 0.9650 -0.2393
vn 0.3292 0.9261 -0.1841
vn 0.0679 0.9859 -0.1531
vn 0.1920 0.9739 -0.1212
vn -0.0166 0.9952 -0.0966
vn -0.2206 0.9754 0.0015
vn -0.1858 0.9809 0.0584
vn -0.0585 0.9982 0.0094
vn 0.1318 0.9855 -0.1064
vn 0.0006 0.9997 -0.0251
vn -0.1549 0.9869 0.0455
vn -0.0083 0.9999 -0.0072
vn 0.2477 0.4347 -0.8658
vn 0.3017 0.4202 -0.8558
vn 0.0533 0.9323 -0.3576
vn 0.2396 0.7374 -0.6316
vn -0.0900 0.9131 -0.3977
vn 0.0119 0.9611 -0.2758
vn -0.0501 0.8068 -0.5886
vn 0.1490 0.9886 -0.0197
vn -0.4814 0.8462 0.2285
vn -0.2182 0.9582 -0.1852
vn -0.0758 0.9962 -0.0417
vn -0.3046 0.9362 -0.1752
vn -0.0477 0.9989 -0.0032
vn 0.1163 0.9832 -0.1406
vn 0.2396 0.9457 0.2198
vn 0.0051 1.0000 -0.0055
vn -0.1011 0.9115 0.3988
vn 0.0011 0.9995 -0.0304
vn -0.1572 0.9876 -0.0039
vn -0.1219 0.9924 0.0181
vn -0.2262 0.9730 -0.0461
vn -0.1311 0.9902 -0.0491
vn 0.1441 0.9868 -0.0735
vn 0.0386 0.9534 -0.2992
vn -0.0920 0.9898 -0.1084
vn -0.1081 0.6886 -0.7171
vn -0.0707 0.8280 -0.5562
vn -0.4095 0.8482 0.3358
vn 0.0693 0.9142 0.3994
vn -0.3368 0.9159 -0.2182
vn -0.2360 0.9718 0.0025
vn -0.0269 0.9993 0.0243
vn 0.2688 0.9611 -0.0637
vn 0.0151 0.9999 -0.0051
vn 0.1296 0.9854 -0.1105
vn -0.1202 0.9825 -0.1424
vn -0.1699 0.9703 -0.1723
vn -0.4510 0.8686 -0.2052
vn -0.8756 0.4366 0.2064
vn 0.3323 0.8867 -0.3214
vn 0.2131 0.9526 -0.2173
vn -0.2023 0.9793 0.0113
vn -0.1954 0.9806 -0.0138
vn -0.0002 1.0000 -0.0024
vn 0.2797 0.9600 0.0131
vn -0.0687 0.9935 0.0912
vn 0.2961 0.6645 -0.6861
vn 0.3254 0.7062 -0.6288
vn -0.1916 0.9219 -0.3367
vn -0.1212 0.9486 -0.2924
vn -0.2051 0.9767 -0.0633
vn -0.0272 0.9994 -0.0211
vn -0.3939 0.8984 -0.1944
vn -0.1372 0.9859 0.0961
vn 0.0893 0.9940 -0.0632
vn -0.0437 0.9751 -0.2173
vn 0.0209 0.9706 -0.2400
vn -0.5688 0.8224 -0.0095
vn 0.0349 0.9674 -0.2508
vn 0.3617 0.9322 -0.0172
vn -0.1784 0.9830 -0.0427
vn -0.1662 0.9637 -0.2089
vn -0.1994 0.9672 -0.1572
vn -0.2373 0.9714 0.0002
vn 0.1418 0.9664 -0.2143
vn -0.0111 0.9679 -0.2511
vn 0.3718 0.9187 0.1331
vn 0.2085 0.8738 -0.4393
vn 0.2155 0.8718 -0.4399
vn 0.1512 0.9820 -0.1129
vn 0.0127 0.9518 -0.3063
vn -0.0534 0.9935 -0.1004
vn -0.3746 0.8431 -0.3859
vn -0.0075 0.9805 -0.1964
vn 0.0131 0.9999 -0.0022
vn -0.1433 0.9895 -0.0162
vn -0.3094 0.9367 -0.1638
vn -0.1481 0.9741 -0.1709
vn 0.5956 0.5349 -0.5993
vn 0.2281 0.9399 -0.2541
vn -0.8180 0.3202 0.4778
vn -0.1765 0.9841 -0.0186
vn -0.1594 0.9251 -0.3448
vn 0.4249 0.8470 -0.3194
vn -0.0779 0.9774 -0.1964
vn 0.0637 0.9959 -0.0638
vn 0.4785 0.8691 -0.1250
vn 0.4452 0.7375 0.5078
vn 0.0307 0.9884 0.1489
vn 0.3882 0.9150 -0.1097
vn 0.0508 0.9960 0.0740
vn 0.0809 0.9806 -0.1786
vn 0.0495 0.9815 -0.1848
vn -0.1531 0.8904 -0.4287
vn -0.3451 0.7639 -0.5453
vn -0.2641 0.9643 -0.0201
vn -0.2369 0.9715 -0.0001
vn 0.1346 0.9855 0.1029
vn 0.3361 0.9293 -0.1529
vn 0.0846 0.9729 -0.2151
vn -0.1036 0.9946 0.0071
vn -0.1601 0.6765 0.7188
vn 0.5068 0.8335 -0.2202
vn 0.2643 0.9344 -0.2387
vn 0.2401 0.9420 -0.2347
vn -0.2759 0.9533 -0.1232
vn -0.2476 0.9689 0.0017
vn -0.0762 0.9938 0.0812
vn 0.0004 1.0000 0.0068
vn 0.4750 0.7393 -0.4772
vn 0.3636 0.9251 -0.1094
vn 0.0115 0.9995 0.0299
vn 0.0668 0.9735 -0.2186
vn -0.2874 0.9195 -0.2682
vn -0.1016 0.9848 -0.1407
vn -0.3498 0.9033 -0.2485
vn 0.6612 0.7216 0.2051
vn 0.0595 0.9948 -0.0822
vn -0.3001 0.9539 0.0027
vn -0.2599 0.9655 0.0131
vn -0.0840 0.9865 -0.1407
vn 0.1460 0.9626 -0.2284
vn -0.2109 0.9743 -0.0796
vn -0.2795 0.9338 -0.2233
vn 0.0136 0.9999 -0.0061
vn -0.0366 0.9980 -0.0515
vn 0.0542 0.9882 -0.1430
vn 0.0925 0.9477 -0.3054
vn 0.2363 0.9429 -0.2349
vn 0.0574 0.9891 0.1355
vn 0.2445 0.9271 0.2842
vn -0.4108 0.6816 -0.6055
vn -0.0790 0.9597 -0.2698
vn -0.3496 0.9211 -0.1716
vn -0.1740 0.9847 -0.0035
vn -0.4541 0.8892 -0.0555
vn -0.3394 0.9380 0.0705
vn 0.1017 0.9946 0.0194
vn 0.0571 0.9774 -0.2035
vn -0.3755 0.8587 0.3487
vn -0.1105 0.9914 0.0707
vn 0.2598 0.9342 -0.2446
vn -0.0957 0.9876 -0.1244
vn 0.0365 0.9968 -0.0710
vn -0.0921 0.9948 -0.0440
vn 0.2658 0.9513 -0.1560
vn 0.1302 0.5498 -0.8251
vn -0.4878 0.8510 -0.1943
vn -0.0004 1.0000 0.0004
vn 0.0082 1.0000 -0.0008
vn 0.1834 0.8531 -0.4884
vn 0.5978 0.5121 -0.6168
vn 0.3452 0.9174 -0.1981
vn 0.6157 0.7286 -0.3000
vn 0.3769 0.8270 -0.4172
vn 0.0707 0.9342 0.3496
vn -0.0078 0.9999 -0.0134
vn -0.4316 0.7154 -0.5495
vn -0.0764 0.8433 -0.5320
vn -0.4811 0.8666 -0.1326
vn -0.3981 0.9159 0.0512
vn 0.9247 0.3423 -0.1664
vn -0.0309 0.9723 -0.2318
vn 0.0735 0.9839 -0.1631
vn 0.0844 0.9816 -0.1713
vn -0.1177 0.9931 -0.0027
vn 0.1414 0.9706 -0.1948
vn 0.0280 0.9736 -0.2268
vn 0.1894 0.9392 -0.2865
vn -0.1877 0.8854 -0.4253
vn -0.1032 0.9935 -0.0490
vn 0.0192 0.9998 -0.0102
vn -0.0312 0.9938 0.1069
vn 0.0148 0.9999 0.0072
vn -0.2726 0.8943 -0.3549
vn -0.2532 0.9674 -0.0023
vn 0.4740 0.7754 -0.4173
vn -0.0825 0.8758 -0.4755
vn 0.1130 0.9834 -0.1423
vn -0.3968 0.8822 -0.2534
vn -0.1190 0.3944 0.9112
vn -0.2488 0.8581 0.4491
vn -0.0085 0.9999 0.0100
vn 0.0075 0.9742 -0.2256
vn 0.2461 0.8858 -0.3935
vn -0.1262 0.9826 -0.1363
vn -0.1445 0.9807 -0.1315
vn -0.0250 0.9938 -0.1080
vn -0.1148 0.9788 -0.1696
vn -0.3433 0.8738 -0.3444
vn 0.0204 0.9850 -0.1712
vn 0.5388 0.8403 0.0606
vn 0.6056 0.7230 -0.3325
vn 0.2100 0.8641 -0.4574
vn -0.1697 0.9718 -0.1639
vn -0.1659 0.9596 0.2271
vn -0.1022 0.9395 0.3268
vn -0.2982 0.8811 -0.3671
vn -0.1487 0.9854 -0.0827
vn -0.1773 0.9004 -0.3973
vn 0.0432 0.9979 -0.0483
vn 0.0367 0.9992 -0.0138
vn -0.9145 0.2224 0.3380
vn -0.4060 0.8885 0.2140
vn 0.0882 0.9960 0.0160
vn 0.2187 0.9758 -0.0025
vn 0.3710 0.8136 -0.4477
vn 0.0546 0.9908 -0.1241
vn 0.0205 0.9499 -0.3119
vn 0.2187 0.9457 -0.2406
vn 0.0839 0.9819 -0.1695
vn 0.0752 0.9876 -0.1377
vn 0.1133 0.9802 0.1625
vn 0.2575 0.9610 -0.1003
vn 0.3269 0.8874 -0.3251
vn -0.0157 0.9998 -0.0091
vn 0.5108 0.8587 0.0405
vn 0.3597 0.8785 0.3144
vn -0.0160 0.9999 -0.0053
vn 0.0010 1.0000 -0.0031
vn -0.4202 0.8814 -0.2159
vn -0.2408 0.9456 -0.2189
vn -0.2827 0.9520 -0.1173
vn -0.0880 0.9796 -0.1809
vn -0.5118 0.8582 0.0395
vn -0.5899 0.8064 -0.0411
vn -0.1216 0.9918 -0.0393
vn 0.0940 0.9741 -0.2055
vn 0.2235 0.9473 -0.2297
vn 0.0842 0.9965 0.0001
vn 0.0111 0.9837 -0.1795
vn -0.0356 0.9993 0.0131
vn -0.4597 0.8873 -0.0362
vn 0.4611 0.8479 -0.2616
vn 0.0745 0.9403 -0.3322
vn 0.2207 0.9521 -0.2114
vn 0.1308 0.9875 0.0882
vn 0.0005 0.9989 -0.0463
vn -0.2312 0.9642 -0.1301
vn 0.3181 0.9138 -0.2525
vn 0.3802 0.9242 -0.0360
vn 0.5588 0.8269 -0.0632
vn 0.0198 0.9994 -0.0269
vn -0.0784 0.9887 0.1281
vn -0.0427 0.9943 0.0975
vn -0.2965 0.9531 -0.0607
vn 0.4908 0.8573 -0.1558
vn -0.2115 0.9741 -0.0801
vn 0.0816 0.9946 0.0641
vn -0.3445 0.9252 0.1592
vn -0.5000 0.8048 -0.3198
vn 0.0924 0.9865 -0.1353
vn -0.2286 0.9685 -0.0983
vn 0.1335 0.9774 -0.1638
vn 0.4353 0.8986 -0.0552
vn 0.1095 0.9757 -0.1900
vn 0.0926 0.9506 -0.2962
vn -0.0100 0.9985 -0.0532
vn 0.2020 0.9435 -0.2625
vn 0.2201 0.9749 0.0333
vn -0.5974 0.7924 -0.1237
vn 0.1717 0.9678 -0.1842
vn 0.7962 0.5949 -0.1101
vn -0.0432 0.9879 0.1489
vn 0.1913 0.9380 -0.2891
vn -0.2466 0.9678 -0.0511
vn -0.4268 0.8112 -0.3998
vn 0.1604 0.8912 -0.4242
vn 0.2968 0.4166 -0.8593
vn 0.0478 0.9971 -0.0600
vn 0.1176 0.9794 -0.1643
vn -0.3633 0.9120 0.1905
vn -0.3786 0.8823 -0.2799
vn -0.0134 0.9999 0.0027
vn -0.0944 0.9933 -0.0670
vn 0.3616 0.9131 -0.1886
vn -0.0148 0.9748 -0.2225
vn -0.0067 0.9724 -0.2334
vn 0.1488 0.9635 -0.2226
vn -0.0179 0.9998 -0.0036
vn 0.0730 0.9959 -0.0543
vn 0.5945 0.8002 -0.0790
vn 0.2747 0.9603 -0.0490
vn 0.0126 0.9999 -0.0001
vn -0.2135 0.9535 0.2127
vn 0.3894 0.9208 -0.0230
vn -0.3034 0.9517 -0.0464
vn -0.2448 0.9694 0.0197
vn 0.5086 0.7949 0.3310
vn 0.0303 0.9985 0.0464
vn -0.0947 0.9418 -0.3226
vn -0.1511 0.9560 -0.2514
vn 0.2052 0.7414 -0.6389
vn 0.6224 0.6722 -0.4008
vn 0.0362 0.9711 -0.2359
vn -0.0107 0.9999 -0.0134
vn -0.2043 0.9783 -0.0337
vn -0.4494 0.8923 -0.0424
vn 0.5462 0.8075 -0.2227
vn 0.1112 0.9733 -0.2008
vn 0.1994 0.9686 -0.1483
vn 0.1392 0.9769 0.1624
vn 0.1144 0.9817 0.1525
vn 0.4906 0.8713 0.0069
vn 0.4763 0.8756 -0.0801
vn 0.2122 0.9724 -0.0971
vn -0.2551 0.9449 0.2052
vn 0.3263 0.9355 -0.1358
vn 0.0473 0.9989 0.0009
vn 0.0268 0.9995 0.0141
vn -0.0256 0.9995 0.0168
vn -0.4698 0.7722 -0.4277
vn -0.0652 0.7092 -0.7019
vn 0.2977 0.9179 -0.2625
vn 0.1537 0.9530 -0.2610
vn 0.1423 0.9770 -0.1588
vn -0.0621 0.9969 -0.0477
vn 0.5311 0.8225 -0.2033
vn -0.0730 0.9916 -0.1068
vn 0.1223 0.9855 -0.1175
vn 0.0928 0.9824 -0.1619
vn -0.4603 0.8869 0.0407
vn 0.0007 1.0000 -0.0006
vn 0.1812 0.9749 -0.1292
vn 0.4411 0.8975 -0.0058
vn 0.0411 0.9600 -0.2769
vn 0.5601 0.8132 -0.1580
vn 0.2936 0.9433 -0.1550
vn 0.4724 0.8779 -0.0785
vn -0.1915 0.9795 -0.0633
vn -0.3775 0.9236 -0.0661
vn -0.2681 0.9632 -0.0210
vn 0.5094 0.7898 0.3416
vn 0.0104 0.9999 -0.0108
vn -0.3201 0.9053 -0.2791
vn 0.1725 0.9722 -0.1585
vn 0.2184 0.9553 -0.1994
vn 0.0261 0.9997 -0.0029
vn 0.1114 0.9900 -0.0871
vn -0.0144 0.9729 -0.2307
vn 0.1529 0.9782 -0.1402
vn 0.1553 0.9710 0.1819
vn -0.1472 0.9875 -0.0571
vn 0.6890 0.7246 -0.0157
vn 0.1247 0.9832 0.1335
vn -0.2213 0.9746 0.0347
vn -0.0023 1.0000 0.0020
vn 0.1862 0.9822 -0.0240
vn 0.1799 0.9753 -0.1284
vn 0.3181 0.9145 0.2501
vn 0.2834 0.7638 0.5799
vn 0.3045 0.8708 0.3860
vn -0.0093 0.9531 -0.3024
vn -0.1157 0.8788 -0.4630
vn -0.3647 0.8464 -0.3881
vn 0.0478 0.9309 -0.3620
vn 0.0678 0.9930 -0.0968
vn 0.1506 0.9678 -0.2017
vn 0.2041 0.9503 -0.2350
vn 0.0517 0.9811 -0.1863
vn -0.2729 0.9620 0.0101
vn -0.2615 0.9554 0.1375
vn 0.1396 0.9393 -0.3133
vn 0.4512 0.8822 -0.1345
vn -0.4364 0.8955 -0.0872
vn 0.4852 0.8737 -0.0347
vn -0.0141 0.9999 -0.0003
vn -0.2093 0.9730 0.0970
vn 0.0873 0.9962 0.0058
vn -0.0398 0.9990 -0.0181
vn -0.2411 0.9494 0.2011
vn 0.0092 1.0000 0.0022
vn 0.0133 0.9999 0.0012
vn -0.2401 0.9706 -0.0185
vn 0.1247 0.9862 -0.1084
vn -0.6556 0.4449 0.6101
vn -0.4268 0.9044 0.0049
vn 0.0246 0.9435 -0.3304
vn -0.1294 0.9453 -0.2996
vn 0.4740 0.8677 -0.1500
vn 0.5552 0.7754 -0.3008
vn 0.2408 0.9554 -0.1707
vn 0.0481 0.9982 -0.0365
vn -0.0097 0.9976 -0.0684
vn 0.0615 0.9828 -0.1743
vn 0.0993 0.9276 -0.3602
vn 0.0525 0.9776 -0.2036
vn -0.2412 0.9705 -0.0017
vn 0.0003 1.0000 0.0001
vn 0.4491 0.8935 0.0004
vn 0.4539 0.8903 -0.0368
vn 0.6290 0.7749 -0.0630
vn 0.2493 0.9684 0.0002
vn -0.0170 0.9998 0.0144
vn 0.0003 1.0000 0.0035
vn 0.4258 0.8846 -0.1901
vn 0.0202 0.9872 0.1581
vn -0.6166 0.7595 -0.2074
vn -0.1104 0.9883 0.1053
vn 0.1826 0.8916 0.4144
vn 0.6582 0.4791 0.5807
vn 0.1672 0.9733 -0.1574
vn -0.1009 0.9455 -0.3096
vn -0.6923 0.4648 0.5520
vn -0.4114 0.9016 0.1340
vn 0.2186 0.9536 -0.2069
vn 0.5369 0.7778 -0.3267
vn 0.2341 0.9582 -0.1647
vn -0.0011 0.9871 -0.1603
vn 0.1625 0.9764 -0.1424
vn 0.0651 0.9944 -0.0828
vn 0.2708 0.9334 -0.2354
vn 0.3034 0.8793 -0.3670
vn -0.1863 0.9710 -0.1497
vn 0.0070 1.0000 0.0051
vn -0.3928 0.9195 -0.0159
vn 0.3732 0.9216 0.1065
vn 0.5423 0.8315 0.1208
vn -0.0100 0.9997 0.0201
vn -0.1936 0.9377 0.2885
vn -0.0049 0.9999 0.0090
vn -0.1735 0.9770 0.1237
vn 0.0873 0.9912 0.0993
vn -0.2802 0.9562 -0.0851
vn 0.0131 0.9151 0.4030
vn -0.2644 0.9641 0.0255
vn 0.0472 0.9984 0.0316
vn 0.1505 0.9670 -0.2056
vn 0.0473 0.9729 -0.2261
vn 0.1835 0.9556 -0.2304
vn 0.1083 0.9775 -0.1808
vn 0.0083 0.9999 0.0077
vn 0.0745 0.9962 0.0457
vn -0.2154 0.9755 0.0451
vn -0.1938 0.9792 -0.0594
vn 0.3284 0.9392 -0.1005
vn -0.0064 0.9988 -0.0482
vn 0.1097 0.9350 -0.3374
vn -0.0092 0.9643 -0.2647
vn 0.2604 0.9422 -0.2109
vn -0.0800 0.9499 0.3023
vn -0.5955 0.7500 0.2877
vn -0.0199 0.9998 -0.0069
vn 0.0423 0.9991 0.0078
vn 0.3074 0.9487 0.0738
vn 0.1439 0.9887 0.0429
vn 0.6286 0.7770 0.0323
vn -0.3750 0.9244 0.0699
vn 0.2205 0.9754 -0.0038
vn 0.2381 0.9640 -0.1184
vn -0.2152 0.9721 0.0929
vn 0.8370 0.5448 0.0508
vn 0.1241 0.9917 0.0346
vn -0.1079 0.9901 0.0899
vn -0.0777 0.9199 -0.3844
vn 0.0158 0.9803 -0.1971
vn -0.5339 0.3814 0.7547
vn 0.1664 0.9089 -0.3825
vn 0.1704 0.9069 -0.3853
vn 0.1878 0.9084 -0.3736
vn 0.2966 0.9520 0.0761
vn 0.1095 0.9937 -0.0249
vn 0.4742 0.8790 -0.0495
vn 0.6064 0.7948 0.0262
vn 0.2202 0.9400 -0.2607
vn -0.0032 1.0000 0.0014
vn -0.0425 0.9538 -0.2974
vn -0.7651 0.6381 0.0862
vn -0.2500 0.9681 0.0182
vn -0.0986 0.9832 -0.1539
vn -0.2489 0.9640 -0.0940
vn -0.4205 0.9070 -0.0214
vn 0.7511 0.5488 0.3669
vn -0.0305 0.8026 0.5958
vn -0.0802 0.9856 0.1489
vn 0.0059 0.9999 -0.0135
vn 0.1481 0.9799 -0.1339
vn 0.0996 0.9879 -0.1192
vn 0.1271 0.9700 -0.2070
vn 0.0023 0.9999 -0.0138
vn -0.9042 0.2893 0.3144
vn 0.0045 0.9998 0.0180
vn 0.2356 0.9417 -0.2402
vn -0.5237 0.8444 -0.1128
vn 0.2276 0.9254 -0.3030
vn 0.1036 0.9704 -0.2182
vn 0.0774 0.9486 -0.3067
vn 0.0109 0.9685 -0.2489
vn 0.1566 0.9108 -0.3821
vn -0.1595 0.6631 0.7314
vn -0.1850 0.9560 0.2277
vn -0.1692 0.9655 0.1980
vn 0.4779 0.8784 -0.0043
vn -0.0978 0.9949 0.0228
vn -0.4230 0.8113 0.4036
vn 0.1593 0.9802 0.1174
vn 0.0176 0.9998 -0.0058
vn -0.0033 0.9999 0.0165
vn 0.1149 0.9862 -0.1189
vn 0.0001 0.9998 -0.0204
vn -0.0105 0.9919 -0.1267
vn 0.4444 0.8422 -0.3053
vn 0.1030 0.9307 -0.3510
vn 0.0169 0.9543 -0.2982
vn -0.2175 0.9034 -0.3697
vn 0.1989 0.8936 -0.4024
vn 0.0346 0.9724 0.2308
vn -0.0760 0.9901 0.1180
vn 0.6205 0.7816 0.0646
vn 0.6889 0.7245 0.0226
vn 0.4264 0.9037 0.0388
vn -0.0157 0.9999 0.0032
vn 0.0037 1.0000 -0.0041
vn -0.2078 0.8861 0.4144
vn -0.2261 0.9741 0.0032
vn -0.0479 0.9957 -0.0796
vn -0.2511 0.9674 0.0326
vn 0.8350 0.5185 -0.1839
vn -0.3808 0.9193 -0.0999
vn -0.0367 0.9870 -0.1567
vn -0.8829 0.2830 0.3747
vn -0.3813 0.9082 -0.1727
vn -0.1888 0.9741 0.1245
vn -0.0083 0.9909 -0.1345
vn 0.1369 0.9359 -0.3245
vn 0.5026 0.7050 -0.5004
vn 0.0592 0.9600 -0.2736
vn 0.0942 0.9527 -0.2890
vn 0.2739 0.9330 -0.2333
vn 0.1057 0.9380 -0.3302
vn -0.0699 0.9943 0.0806
vn -0.0208 0.9998 0.0064
vn 0.1354 0.9842 0.1140
vn 0.2540 0.9404 0.2262
vn 0.6129 0.7769 0.1441
vn 0.1313 0.9664 -0.2208
vn -0.1817 0.9776 -0.1064
vn 0.2369 0.9424 -0.2363
vn -0.0851 0.9932 0.0792
vn -0.4205 0.8535 0.3077
vn -0.1224 0.9813 0.1483
vn -0.4128 0.8963 0.1618
vn 0.7018 0.4068 -0.5848
vn 0.0391 0.9985 -0.0386
vn 0.0100 0.9999 -0.0040
vn 0.0013 1.0000 -0.0014
vn -0.1392 0.9696 0.2015
vn 0.0024 0.9997 0.0263
vn -0.2106 0.9691 0.1288
vn -0.6080 0.5227 0.5976
vn 0.1362 0.9845 -0.1107
vn 0.1455 0.9214 -0.3604
vn 0.1130 0.9373 -0.3298
vn 0.1943 0.9362 -0.2930
vn 0.1862 0.9240 -0.3341
vn 0.0141 0.9965 -0.0829
vn -0.0671 0.9937 0.0901
vn 0.4883 0.8241 0.2870
vn 0.3938 0.9144 0.0937
vn 0.0798 0.9778 -0.1938
vn 0.2354 0.9421 -0.2387
vn -0.3442 0.9370 0.0588
vn -0.2484 0.9490 0.1941
vn -0.4424 0.8729 0.2057
vn -0.2382 0.9599 0.1481
vn 0.5497 0.6891 -0.4723
vn 0.1818 0.8691 -0.4599
vn 0.1524 0.9681 -0.1990
vn 0.2266 0.8789 -0.4198
vn 0.0312 0.9456 -0.3237
vn -0.0206 0.9998 0.0066
vn 0.0054 1.0000 0.0045
vn 0.4669 0.8750 0.1281
vn 0.4676 0.8839 -0.0133
vn 0.6670 0.7438 0.0442
vn -0.0191 0.9998 -0.0066
vn 0.0195 0.9987 -0.0465
vn 0.2344 0.9691 -0.0773
vn -0.3183 0.9424 0.1028
vn -0.3280 0.9283 0.1749
vn -0.0988 0.9541 0.2828
vn -0.1217 0.9828 -0.1386
vn 0.1658 0.9599 -0.2262
vn 0.0203 0.9996 -0.0210
vn -0.0002 1.0000 -0.0019
vn 0.0041 1.0000 -0.0025
vn -0.3270 0.9435 0.0543
vn -0.8317 0.3168 0.4559
vn -0.4164 0.8805 0.2265
vn 0.0974 0.9854 -0.1397
vn 0.3546 0.9100 -0.2149
vn 0.3954 0.7659 -0.5070
vn 0.0898 0.9461 -0.3113
vn 0.2528 0.9451 -0.2072
vn 0.0540 0.9522 -0.3005
vn 0.1329 0.9320 -0.3371
vn 0.0033 0.9990 -0.0450
vn 0.2335 0.9397 -0.2497
vn 0.0016 1.0000 0.0055
vn 0.4344 0.8747 0.2148
vn 0.5484 0.7800 0.3015
vn 0.1281 0.9849 0.1165
vn 0.3608 0.4429 -0.8208
vn -0.1251 0.9836 0.1299
vn 0.2577 0.7962 0.5474
vn 0.1350 0.9808 -0.1404
vn -0.1953 0.8591 0.4731
vn -0.0087 0.9999 -0.0056
vn -0.8565 0.3196 0.4052
vn 0.3623 0.8452 -0.3930
vn 0.1032 0.9523 -0.2873
vn 0.0270 0.9677 -0.2506
vn 0.0727 0.9675 -0.2420
vn 0.0047 0.9903 -0.1392
vn -0.2254 0.9693 -0.0986
vn 0.0533 0.9972 -0.0523
vn 0.7279 0.6835 0.0546
vn 0.4685 0.8192 0.3306
vn 0.0685 0.9781 0.1966
vn 0.1320 0.9888 -0.0697
vn -0.2264 0.9740 -0.0094
vn 0.7014 0.4519 -0.5512
vn 0.0004 0.9998 -0.0209
vn 0.0312 0.9941 0.1041
vn -0.1880 0.3153 0.9302
vn 0.2696 0.7945 -0.5442
vn 0.1341 0.9689 -0.2077
vn 0.1408 0.9344 -0.3271
vn 0.0382 0.9602 -0.2768
vn 0.2273 0.9167 -0.3286
vn -0.0031 0.9718 -0.2359
vn -0.0097 0.9707 -0.2401
vn -0.1581 0.9780 -0.1358
vn 0.0035 0.9999 0.0120
vn 0.0002 1.0000 0.0014
vn 0.0919 0.9254 0.3676
vn -0.2095 0.9778 -0.0038
vn -0.1030 0.9916 0.0783
vn -0.3471 0.9242 0.1595
vn -0.1241 0.9849 0.1208
vn 0.3385 0.6359 -0.6935
vn -0.1744 0.9662 0.1899
vn 0.2570 0.9056 -0.3374
vn 0.0070 0.9999 -0.0076
vn 0.0055 1.0000 -0.0058
vn -0.3055 0.9503 0.0596
vn -0.3405 0.9360 0.0896
vn 0.2266 0.8862 -0.4041
vn 0.0207 0.9616 -0.2737
vn 0.0767 0.9370 -0.3408
vn 0.0084 0.9986 -0.0531
vn -0.1216 0.9834 -0.1348
vn 0.4755 0.8396 0.2628
vn 0.2366 0.9422 0.2371
vn 0.1351 0.9889 0.0620
vn 0.2532 0.9560 0.1480
vn -0.3830 0.9010 0.2038
vn -0.0042 0.9976 0.0687
vn -0.0777 0.9866 0.1433
vn -0.7114 0.3174 0.6271
vn 0.0706 0.9773 -0.1998
vn 0.0269 0.9639 -0.2650
vn 0.2436 0.7980 -0.5512
vn 0.4419 0.5630 -0.6984
vn 0.1098 0.9738 -0.1994
vn 0.1300 0.9636 -0.2338
vn 0.0940 0.9689 -0.2288
vn 0.0921 0.9800 -0.1762
vn 0.0713 0.9957 -0.0591
vn 0.0938 0.9828 -0.1594
vn -0.0006 1.0000 -0.0030
vn 0.6071 0.7946 0.0087
vn 0.4773 0.8401 0.2578
vn 0.1953 0.9801 0.0343
vn -0.1777 0.9743 0.1382
vn -0.2596 0.9611 0.0941
vn -0.3850 0.9105 0.1513
vn 0.0076 1.0000 -0.0060
vn 0.2418 0.9551 -0.1713
vn -0.1352 0.9122 0.3867
vn -0.1457 0.9255 0.3496
vn 0.3323 0.8046 -0.4922
vn 0.3681 0.6447 -0.6700
vn 0.5632 0.5308 -0.6333
vn 0.2931 0.8549 -0.4282
vn -0.0150 0.9504 -0.3106
vn 0.1533 0.9030 -0.4013
vn 0.1341 0.9759 -0.1720
vn 0.0445 0.9921 -0.1173
vn -0.0096 0.9719 -0.2353
vn -0.0341 0.9994 0.0035
vn 0.0009 1.0000 -0.0026
vn 0.4626 0.7533 0.4675
vn 0.5441 0.6950 0.4701
vn 0.1008 0.9718 0.2131
vn 0.2370 0.9399 0.2458
vn 0.1975 0.9792 0.0460
vn -0.1601 0.9730 0.1660
vn -0.1735 0.9848 -0.0058
vn 0.3445 0.9296 -0.1307
vn 0.1703 0.9853 0.0104
vn 0.2687 0.9459 0.1818
vn 0.0065 1.0000 -0.0072
vn 0.2830 0.9590 -0.0144
vn 0.0095 0.9997 0.0216
vn -0.1392 0.9118 0.3863
vn -0.2922 0.7608 0.5794
vn 0.2177 0.9132 -0.3443
vn -0.0393 0.9722 -0.2310
vn 0.0065 0.9688 -0.2477
vn 0.1315 0.9759 -0.1739
vn 0.0670 0.9836 -0.1673
vn -0.0139 0.9997 -0.0210
vn -0.0001 1.0000 -0.0051
vn -0.0322 0.9943 -0.1018
vn 0.0624 0.9913 -0.1160
vn 0.4153 0.9088 -0.0410
vn 0.3235 0.9370 0.1319
vn 0.2038 0.9765 0.0701
vn 0.0262 0.9717 0.2349
vn -0.1252 0.9845 0.1228
vn 0.8652 0.5002 -0.0342
vn 0.0502 0.9971 0.0575
vn -0.0578 0.9920 0.1119
vn 0.0034 1.0000 0.0018
vn 0.1659 0.9628 -0.2132
vn -0.1031 0.9901 0.0954
vn 0.0209 0.9964 -0.0817
vn 0.4857 0.7092 -0.5110
vn 0.2278 0.9113 -0.3430
vn 0.0394 0.9910 -0.1278
vn 0.0667 0.9277 -0.3674
vn 0.1295 0.9012 -0.4137
vn 0.2634 0.9292 -0.2594
vn 0.0631 0.9708 -0.2314
vn 0.1173 0.9911 -0.0626
vn -0.0135 0.9931 -0.1167
vn 0.0044 0.9995 -0.0302
vn -0.0908 0.9353 -0.3420
vn 0.0809 0.9776 -0.1944
vn 0.0334 0.9619 -0.2712
vn 0.1970 0.9601 0.1987
vn 0.5686 0.7946 0.2128
vn 0.4421 0.8248 0.3524
vn 0.3709 0.8014 0.4693
vn 0.1170 0.9749 0.1896
vn 0.0516 0.9854 0.1621
vn 0.0168 0.9791 0.2027
vn -0.1724 0.9624 0.2099
vn -0.4569 0.8802 0.1289
vn -0.0000 1.0000 -0.0019
vn -0.0115 0.9999 -0.0042
vn -0.0287 0.9996 -0.0036
vn 0.2384 0.9626 0.1288
vn -0.0036 1.0000 0.0047
vn 0.0111 0.9708 0.2397
vn -0.1859 0.8872 0.4223
vn -0.5682 0.5702 0.5934
vn 0.0805 0.9956 0.0488
vn -0.2140 0.9582 0.1900
vn 0.2426 0.8589 -0.4510
vn 0.5024 0.7065 -0.4985
vn 0.1940 0.9504 -0.2432
vn 0.0949 0.9288 -0.3583
vn 0.1216 0.8979 -0.4231
vn 0.2015 0.8919 -0.4049
vn 0.2285 0.8920 -0.3901
vn 0.0922 0.9954 -0.0269
vn 0.0194 0.9998 0.0071
vn -0.2946 0.9556 0.0095
vn -0.0784 0.9840 -0.1602
vn 0.2539 0.9556 -0.1498
vn 0.2144 0.9571 -0.1948
vn 0.0298 0.9634 -0.2664
vn 0.3952 0.7223 0.5675
vn 0.4298 0.7626 0.4834
vn 0.2182 0.8807 0.4203
vn -0.0225 0.9249 0.3796
vn -0.2200 0.9478 0.2308
vn -0.3305 0.8913 0.3104
vn 0.3212 0.9138 0.2487
vn 0.8735 0.4857 -0.0337
vn -0.0146 0.9997 -0.0205
vn -0.1056 0.9822 0.1553
vn 0.1494 0.9559 -0.2528
vn -0.3132 0.9472 0.0684
vn 0.1830 0.9617 -0.2040
vn 0.0467 0.9960 -0.0761
vn 0.5042 0.7249 -0.4694
vn 0.1978 0.9503 -0.2404
vn 0.0453 0.9450 -0.3240
vn 0.1465 0.9472 -0.2853
vn 0.1335 0.9523 -0.2742
vn 0.2081 0.8828 -0.4212
vn 0.0412 0.9675 -0.2496
vn -0.2050 0.9696 -0.1334
vn 0.1749 0.9811 -0.0827
vn -0.1203 0.9906 0.0654
vn 0.0170 0.9998 -0.0125
vn 0.1440 0.9866 -0.0763
vn -0.0820 0.8892 -0.4502
vn 0.0152 0.9883 -0.1516
vn 0.3255 0.9419 -0.0831
vn 0.1909 0.9611 -0.1998
vn 0.2226 0.9565 -0.1887
vn 0.4345 0.6983 0.5688
vn 0.3115 0.7604 0.5698
vn 0.0723 0.9372 0.3412
vn -0.0519 0.8714 0.4878
vn 0.2598 0.9655 0.0168
vn 0.1692 0.9845 0.0470
vn -0.1175 0.9800 0.1609
vn -0.1793 0.6428 0.7447
vn -0.4064 0.8438 0.3505
vn 0.2981 0.8373 -0.4582
vn 0.2048 0.9465 -0.2493
vn -0.0135 0.9795 -0.2012
vn -0.0238 0.9757 -0.2178
vn -0.1134 0.9898 0.0860
vn 0.0545 0.9971 0.0522
vn -0.0026 0.9986 -0.0521
vn 0.4201 0.8062 -0.4166
vn 0.2565 0.5509 -0.7941
vn 0.1455 0.6335 0.7599
vn -0.2593 0.8954 0.3619
vn -0.1111 0.9456 0.3059
vn 0.3851 0.9181 0.0936
vn -0.1000 0.9860 0.1330
vn -0.1205 0.9782 0.1690
vn -0.3665 0.8199 0.4398
vn -0.1164 0.8243 0.5541
vn 0.2831 0.9269 -0.2465
vn -0.1688 0.9786 0.1181
vn 0.0131 0.9997 -0.0200
vn 0.2052 0.9253 -0.3188
vn 0.2931 0.9187 -0.2648
vn 0.0394 0.9522 -0.3029
vn 0.1190 0.9089 -0.3997
vn 0.0897 0.9165 -0.3898
vn 0.1165 0.9038 -0.4119
vn 0.1542 0.9109 -0.3826
vn -0.0445 0.9872 0.1534
vn -0.3060 0.9060 -0.2924
vn 0.2076 0.8484 -0.4870
vn 0.2822 0.6455 -0.7097
vn -0.0804 0.4475 -0.8907
vn -0.5687 0.5815 -0.5818
vn 0.0807 0.6248 0.7766
vn 0.0798 0.8381 0.5397
vn -0.0721 0.8559 0.5120
vn -0.1288 0.9908 -0.0411
vn 0.2463 0.9691 0.0123
vn 0.8236 0.5413 -0.1694
vn 0.0247 0.9672 0.2528
vn -0.5035 0.8575 -0.1059
vn -0.1437 0.9648 -0.2204
vn 0.2216 0.9480 -0.2286
vn -0.0111 0.9999 -0.0051
vn -0.1129 0.9872 0.1124
vn -0.0386 0.9992 0.0125
vn -0.2458 0.9581 -0.1468
vn 0.1020 0.9909 -0.0876
vn 0.2311 0.9727 -0.0214
vn 0.3302 0.8952 -0.2992
vn 0.4169 0.6973 -0.5830
vn 0.0322 0.7236 -0.6895
vn 0.0045 0.7274 -0.6862
vn -0.5358 0.4699 -0.7014
vn 0.0998 0.8806 -0.4633
vn 0.0802 0.9960 -0.0399
vn 0.1196 0.9922 -0.0342
vn 0.7917 0.6100 -0.0336
vn 0.0787 0.9819 0.1721
vn 0.2411 0.9146 0.3246
vn -0.1470 0.9665 0.2105
vn -0.7824 0.6224 -0.0215
vn 0.2189 0.9752 0.0328
vn 0.1367 0.9723 0.1896
vn -0.0669 0.9583 -0.2778
vn 0.3607 0.8008 -0.4781
vn 0.3806 0.8765 -0.2947
vn 0.2251 0.9175 -0.3279
vn 0.1278 0.9384 -0.3210
vn -0.1895 0.8943 -0.4054
vn 0.1939 0.9669 -0.1660
vn -0.0130 0.9999 0.0093
vn -0.0174 0.9994 -0.0309
vn 0.0365 0.9993 -0.0058
vn 0.0213 0.9845 -0.1741
vn 0.1165 0.9877 -0.1043
vn 0.0853 0.9919 -0.0938
vn -0.1268 0.9907 -0.0492
vn 0.0053 0.9998 -0.0210
vn 0.1237 0.9770 -0.1735
vn 0.1763 0.9285 -0.3268
vn 0.3561 0.7782 -0.5173
vn -0.1140 0.8165 -0.5660
vn 0.1166 0.8968 -0.4268
vn 0.0239 0.8996 0.4360
vn -0.1475 0.9315 0.3325
vn -0.4620 0.8503 -0.2520
vn 0.2755 0.8629 -0.4237
vn 0.1382 0.8946 -0.4249
vn -0.0130 0.9996 -0.0245
vn -0.4211 0.5590 -0.7142
vn 0.6071 0.7425 -0.2831
vn 0.6020 0.6865 -0.4078
vn 0.2316 0.8460 -0.4803
vn 0.0388 0.9619 -0.2708
vn -0.0049 0.9832 -0.1824
vn -0.0091 0.6673 -0.7447
vn -0.1059 0.7044 -0.7018
vn 0.5554 0.3072 -0.7728
vn -0.1799 0.9623 0.2041
vn 0.0594 0.9978 0.0285
vn -0.0165 0.9747 0.2228
vn -0.0359 0.9953 0.0894
vn -0.3078 0.9503 0.0470
vn 0.0786 0.9911 -0.1077
vn 0.3444 0.9217 -0.1787
vn 0.2236 0.9443 -0.2417
vn 0.1223 0.9696 -0.2118
vn 0.4017 0.8196 -0.4086
vn 0.1473 0.9504 -0.2739
vn 0.2466 0.9164 -0.3152
vn 0.2136 0.8753 -0.4338
vn -0.0013 0.9975 -0.0702
vn -0.1338 0.9420 -0.3079
vn -0.0198 0.9998 0.0015
vn -0.2131 0.9735 0.0836
vn -0.1757 0.9767 0.1233
vn 0.0440 0.9981 -0.0432
vn -0.0504 0.9797 -0.1939
vn 0.1989 0.9593 -0.2005
vn -0.4806 0.5034 -0.7181
vn -0.4727 0.7352 -0.4858
vn 0.0157 0.9964 -0.0830
vn 0.3653 0.8819 -0.2979
vn 0.3627 0.8522 -0.3771
vn 0.2984 0.9228 -0.2437
vn -0.1713 0.9831 -0.0646
vn 0.2421 0.4695 -0.8491
vn 0.6624 0.3686 -0.6522
vn 0.1869 0.9200 -0.3445
vn 0.0571 0.9918 -0.1144
vn -0.4292 0.8990 -0.0872
vn 0.0586 0.9973 -0.0431
vn -0.1441 0.9847 -0.0985
vn 0.1659 0.9279 -0.3340
vn -0.0509 0.9956 -0.0781
vn 0.1302 0.8725 -0.4709
vn 0.2725 0.9109 -0.3098
vn 0.2644 0.9216 -0.2842
vn 0.1792 0.9605 -0.2129
vn -0.0859 0.9804 -0.1774
vn -0.1144 0.9855 0.1252
vn -0.2018 0.9512 0.2336
vn 0.1613 0.9755 0.1496
vn 0.0002 0.9695 -0.2452
vn 0.5377 0.7510 -0.3832
vn 0.5695 0.6266 -0.5321
vn 0.4699 0.7449 -0.4737
vn 0.4813 0.6932 -0.5364
vn 0.1176 0.9327 -0.3410
vn 0.1610 0.9816 -0.1029
vn 0.2069 0.9784 0.0013
vn 0.0109 0.9999 -0.0011
vn -0.2668 0.9385 -0.2191
vn -0.1066 0.9373 -0.3320
vn -0.1320 0.9227 -0.3622
vn 0.0016 0.9998 0.0218
vn 0.2316 0.9286 -0.2899
vn -0.0268 0.9696 -0.2430
vn -0.0991 0.7896 -0.6056
vn 0.3327 0.8567 -0.3943
vn 0.1990 0.9054 -0.3751
vn 0.1425 0.8907 -0.4316
vn -0.3402 -0.4324 -0.8351
vn 0.1230 0.9892 -0.0803
vn 0.0986 0.8422 -0.5300
vn 0.2474 0.9408 -0.2318
vn -0.4966 0.3555 -0.7919
vn -0.0033 0.9676 -0.2524
vn 0.5667 0.6980 -0.4378
vn 0.5135 0.7461 -0.4239
vn 0.1748 0.9280 -0.3290
vn -0.0020 0.9877 -0.1561
vn -0.0076 1.0000 -0.0053
vn -0.1561 0.9239 -0.3494
vn -0.0575 0.9937 -0.0962
vn 0.0500 0.9792 -0.1967
vn -0.0065 0.9726 -0.2322
vn -0.0020 0.9707 -0.2404
vn -0.0648 0.9447 -0.3215
vn -0.0840 0.9420 -0.3249
vn -0.2357 0.8722 -0.4287
vn -0.0234 0.7469 -0.6645
vn 0.0975 0.9793 -0.1773
vn 0.1019 0.9938 -0.0447
vn 0.3216 0.8640 -0.3874
vn 0.0409 0.9991 -0.0100
vn -0.4336 0.9001 -0.0434
vn -0.2396 0.9524 0.1887
vn 0.0345 0.9992 -0.0198
vn 0.0274 0.9798 0.1979
vn -0.3530 0.5668 -0.7444
vn -0.4521 0.5122 -0.7302
vn -0.4456 0.3381 -0.8289
vn -0.2207 0.4884 -0.8443
vn -0.0237 0.5840 -0.8114
vn 0.0289 0.6954 -0.7181
vn 0.3426 0.6531 -0.6753
vn 0.2742 0.6479 -0.7107
vn 0.0535 0.7408 -0.6696
vn -0.2404 0.9481 -0.2080
vn -0.0580 0.9921 0.1109
vn -0.0445 0.9888 -0.1424
vn -0.0369 0.9986 -0.0371
vn 0.0422 0.9988 -0.0260
vn -0.0808 0.9417 -0.3265
vn 0.0603 0.8251 -0.5617
vn 0.1737 0.8953 -0.4102
vn 0.3739 0.8426 -0.3877
vn 0.2268 0.8475 -0.4798
vn -0.2019 0.9597 0.1955
vn -0.7181 0.1046 -0.6881
vn -0.3873 0.4619 -0.7979
vn 0.1064 0.4439 -0.8897
vn -0.9915 -0.0902 0.0935
vn 0.3956 0.5013 -0.7695
vn 0.1391 0.7597 -0.6353
vn -0.0652 0.8039 -0.5912
vn -0.2255 0.9349 -0.2740
vn -0.1622 0.9821 -0.0960
vn -0.0225 0.9996 0.0140
vn -0.0591 0.9424 -0.3293
vn 0.0965 0.9947 -0.0343
vn -0.0701 0.8761 -0.4770
vn 0.0654 0.7780 -0.6249
vn 0.1222 0.8407 -0.5275
vn 0.0131 0.9966 -0.0813
vn 0.0319 0.9645 -0.2621
vn 0.3324 0.8117 -0.4803
vn 0.1675 0.9635 -0.2086
vn -0.1862 0.9742 0.1274
vn -0.0807 0.9892 0.1227
vn 0.0306 0.9979 -0.0575
vn -0.0127 0.9996 -0.0255
vn -0.2565 0.9031 -0.3443
vn -0.0074 0.9999 -0.0094
vn -0.1572 0.9613 -0.2262
vn 0.3930 0.0301 -0.9190
vn 0.1845 0.3562 -0.9160
vn 0.3220 0.5007 -0.8035
vn -0.2103 0.7956 -0.5681
vn -0.1502 0.9789 -0.1388
vn -0.0236 0.9965 -0.0797
vn -0.0720 0.9948 -0.0716
vn 0.0999 0.9941 0.0423
vn 0.0814 0.9963 0.0256
vn 0.0021 0.9663 -0.2576
vn 0.1104 0.9866 -0.1202
vn -0.0591 0.9680 -0.2439
vn 0.2835 0.8365 -0.4690
vn 0.0021 1.0000 0.0077
vn -0.0942 0.9870 -0.1299
vn -0.0465 0.9725 -0.2282
vn 0.0160 0.8660 -0.4998
vn -0.0088 0.3963 -0.9181
vn 0.0079 0.4682 -0.8836
vn 0.0706 0.4832 -0.8726
vn 0.3636 0.7638 -0.5333
vn 0.0058 0.9705 -0.2412
vn -0.2099 0.8784 -0.4293
vn -0.2020 0.8871 -0.4150
vn -0.1796 0.9255 -0.3334
vn -0.0354 0.9892 -0.1421
vn -0.0611 0.9963 -0.0599
vn -0.0653 0.9963 -0.0558
vn 0.1694 0.9571 -0.2352
vn -0.0090 0.9636 -0.2673
vn 0.2200 0.9144 -0.3397
vn 0.0381 0.9696 -0.2416
vn -0.1923 0.9748 0.1131
vn -0.0067 0.9997 0.0218
vn 0.0011 1.0000 -0.0008
vn -0.0043 0.9999 -0.0091
vn 0.0135 0.9701 -0.2425
vn -0.0180 0.9904 -0.1374
vn -0.1489 0.9764 -0.1563
vn -0.0024 0.9999 -0.0135
vn -0.1184 0.8979 -0.4239
vn -0.0366 0.7273 -0.6853
vn -0.0032 0.6976 -0.7165
vn 0.0914 0.8208 -0.5638
vn 0.2005 0.8228 -0.5317
vn 0.2792 0.9327 -0.2281
vn 0.0070 0.9990 -0.0445
vn -0.1677 0.8380 -0.5192
vn -0.1572 0.8010 -0.5776
vn -0.1815 0.7911 -0.5842
vn -0.1317 0.8376 -0.5302
vn -0.0331 0.8535 -0.5200
vn -0.0127 0.8745 -0.4849
vn -0.1887 0.8769 -0.4421
vn 0.0715 0.8779 -0.4734
vn 0.1054 0.9828 -0.1517
vn 0.2727 0.7520 -0.6002
vn 0.4207 0.7713 -0.4777
vn 0.0442 -0.2594 -0.9648
vn 0.0325 0.9975 0.0629
vn -0.2016 0.9753 0.0907
vn 0.1707 0.9758 -0.1367
vn -0.0017 1.0000 0.0014
vn -0.0025 0.9383 -0.3458
vn -0.0124 0.9045 -0.4263
vn 0.1057 0.9495 -0.2956
vn -0.0369 0.9696 -0.2420
vn 0.0920 0.9880 -0.1243
vn -0.0048 0.9681 -0.2507
vn -0.0101 0.9731 -0.2302
vn -0.1833 0.7274 -0.6612
vn -0.0350 0.6785 -0.7338
vn 0.0100 0.7237 -0.6901
vn 0.0628 0.7710 -0.6338
vn -0.1148 0.8331 -0.5410
vn -0.0507 0.9546 -0.2936
vn 0.0031 0.9521 -0.3056
vn 0.0920 0.7500 -0.6550
vn 0.0954 0.7504 -0.6541
vn 0.1749 0.8109 -0.5585
vn -0.0175 0.9996 -0.0212
vn -0.2047 0.9761 -0.0734
vn 0.0144 0.9997 -0.0181
vn -0.0218 0.9995 -0.0217
vn 0.0208 0.9955 -0.0928
vn 0.0889 0.9954 0.0348
vn 0.0708 0.9859 -0.1518
vn -0.0971 0.8519 -0.5146
vn -0.0657 0.6362 -0.7687
vn -0.0900 0.6381 -0.7646
vn -0.0917 0.8206 -0.5641
vn -0.1933 0.7918 -0.5795
vn -0.0114 0.7718 -0.6358
vn 0.1556 0.7259 -0.6700
vn 0.1520 0.7223 -0.6747
vn 0.1952 0.8856 -0.4214
vn 0.0090 0.9996 -0.0259
vn 0.0341 0.9994 -0.0026
vn -0.0288 0.9875 0.1547
vn -0.1829 0.9497 0.2543
vn -0.0170 0.9991 0.0380
vn 0.0174 0.4384 -0.8986
vn -0.0493 0.9885 -0.1427
vn 0.0564 0.9949 -0.0835
vn 0.0787 0.9872 -0.1389
vn 0.0933 0.9776 -0.1885
vn 0.1624 0.9865 -0.0211
vn 0.0192 0.9992 -0.0356
vn 0.1006 0.9881 -0.1164
vn -0.1098 0.9247 -0.3645
vn -0.0594 0.7372 -0.6731
vn -0.1345 0.7008 -0.7006
vn -0.0636 0.8480 -0.5262
vn -0.1073 0.7630 -0.6375
vn -0.0988 0.7823 -0.6150
vn 0.0731 0.7171 -0.6931
vn 0.1097 0.7128 -0.6927
vn 0.0246 0.9036 -0.4276
vn 0.0735 0.9002 -0.4292
vn 0.1757 0.9251 -0.3365
vn 0.2610 0.9226 -0.2841
vn -0.0040 0.9999 0.0163
vn -0.0122 0.9994 -0.0323
vn 0.1233 -0.9635 0.2376
vn 0.0014 1.0000 -0.0007
vn 0.0104 0.9998 -0.0196
vn 0.0137 0.9999 -0.0065
vn 0.3747 0.9263 -0.0398
vn 0.0743 0.9967 0.0328
vn -0.0373 0.9869 -0.1566
vn -0.1250 0.9747 -0.1853
vn 0.0613 0.8083 -0.5855
vn 0.1388 0.8888 -0.4368
vn 0.0350 0.9451 -0.3250
vn -0.1110 0.9935 0.0244
vn -0.0139 0.9993 0.0361
vn 0.0310 0.9926 0.1177
vn -0.0007 1.0000 -0.0020
vn -0.0266 0.9996 0.0122
vn 0.3345 0.9418 0.0347
vn 0.0105 0.9998 -0.0163
vn -0.0413 0.9949 0.0919
vn -0.1514 0.9039 -0.3999
vn 0.0028 0.8939 -0.4484
vn -0.0186 0.9606 -0.2772
vn 0.3548 0.9168 -0.1833
vn 0.0023 0.9738 -0.2272
vn 0.1003 0.9853 -0.1386
vn -0.2962 0.9537 0.0532
vn -0.2021 0.9533 -0.2243
vn -0.0177 0.9996 0.0241
vn 0.0011 1.0000 0.0017
vn 0.4730 0.8798 0.0464
vn 0.1551 0.9820 0.1076
vn 0.0476 0.9983 0.0336
vn -0.0533 0.9986 0.0021
vn 0.0055 1.0000 0.0016
vn -0.0141 0.9979 -0.0628
vn 0.0008 0.9769 -0.2135
vn -0.1673 0.9042 -0.3931
vn 0.0324 0.9280 -0.3711
vn 0.0956 0.9861 -0.1362
vn 0.0526 0.9986 -0.0099
vn 0.0300 0.9995 -0.0094
vn 0.0055 1.0000 -0.0000
vn 0.0103 0.9995 0.0291
vn -0.1255 0.9888 0.0802
vn -0.0678 0.9929 0.0981
vn 0.0036 1.0000 -0.0027
vn 0.0219 0.9744 0.2238
vn 0.0032 1.0000 0.0011
vn 0.0064 0.9565 0.2915
vn -0.0031 1.0000 -0.0015
vn -0.0391 0.9970 -0.0662
vn 0.0060 0.9728 -0.2316
vn 0.0484 0.9986 0.0192
vn -0.1074 0.9839 0.1431
vn -0.0907 0.9822 0.1647
vn 0.0129 0.9997 0.0188
vn -0.0729 0.9801 0.1845
vn -0.0105 0.9673 0.2536
vn -0.0075 0.9667 0.2559
vn 0.0098 1.0000 0.0008
vn -0.0053 1.0000 -0.0022
vn 0.0037 1.0000 -0.0058
vn 0.0041 0.9991 0.0430
vn -0.0114 0.9998 0.0170
vn 0.0843 0.9762 0.1998
vn 0.0877 0.9925 -0.0856
vn 0.0424 0.9976 -0.0556
vn -0.0012 0.9997 -0.0262
vn -0.0498 0.9509 0.3055
vn -0.0768 0.9438 0.3216
vn -0.0291 0.9687 0.2466
vn -0.0209 0.9825 0.1852
vn 0.0281 0.9992 -0.0296
vn 0.1448 0.9758 -0.1638
vn 0.0719 0.9969 0.0323
vn 0.1409 0.9498 0.2794
vn 0.0006 1.0000 0.0068
vn -0.0225 0.9838 0.1781
vn 0.1719 0.9836 -0.0544
vn 0.0522 0.9695 0.2396
vn -0.1462 0.9804 0.1319
vn 0.1838 0.9704 0.1564
vn -0.1448 0.8213 0.5518
vn -0.1415 0.9066 0.3975
vn -0.0306 0.9490 0.3137
vn -0.0617 0.8841 0.4632
vn 0.0072 0.9729 0.2309
vn -0.0906 0.9842 0.1524
vn -0.0077 0.9711 0.2384
vn 0.0192 0.9866 0.1618
vn 0.1418 0.9333 0.3298
vn 0.2525 0.8658 0.4320
vn 0.1622 0.9423 0.2930
vn 0.0056 0.9995 0.0313
vn 0.0107 0.9998 0.0188
vn -0.0004 1.0000 0.0023
vn -0.0965 0.9083 0.4070
vn 0.0696 0.9833 0.1679
vn -0.0985 0.8581 0.5039
vn -0.1186 0.8133 0.5696
vn -0.0738 0.9921 0.1013
vn 0.4996 0.8382 0.2188
vn 0.0060 0.9999 0.0140
vn 0.0011 0.9713 0.2378
vn -0.1963 0.9799 -0.0367
vn -0.0310 0.9992 0.0260
vn 0.0310 0.9663 0.2556
vn -0.1170 0.9262 0.3584
vn -0.1407 0.8856 0.4426
vn 0.2336 0.8687 0.4367
vn 0.2300 0.8734 0.4292
vn 0.1478 0.9140 0.3778
vn -0.0090 0.8842 0.4670
vn 0.0080 0.7974 0.6034
vn 0.0683 0.9009 0.4286
vn 0.3428 0.8219 0.4548
vn 0.3422 0.8222 0.4548
vn 0.2249 0.9488 0.2218
vn -0.0607 0.9958 0.0689
vn 0.0092 0.9640 0.2657
vn 0.0765 0.8884 0.4526
vn -0.1624 0.9751 0.1513
vn -0.0810 0.9297 0.3593
vn -0.0848 0.8158 0.5721
vn -0.0025 1.0000 -0.0032
vn 0.0494 0.8364 0.5459
vn -0.0574 0.7620 0.6450
vn -0.1716 0.6375 0.7511
vn 0.0591 0.9026 0.4264
vn 0.2454 0.9138 0.3237
vn 0.2305 0.9471 0.2234
vn -0.0508 0.9819 0.1827
vn -0.0597 0.9357 0.3476
vn -0.1044 0.9219 0.3731
vn -0.2496 0.6139 0.7489
vn -0.0120 0.6872 0.7264
vn 0.0767 0.9023 0.4242
vn -0.1714 0.6925 0.7007
vn 0.1692 0.8472 0.5036
vn 0.1217 0.9893 0.0799
vn 0.1559 0.9771 0.1445
vn 0.1295 0.9036 0.4083
vn 0.0693 0.9345 0.3490
vn 0.2650 0.7782 0.5694
vn -0.0841 0.6787 0.7296
vn 0.0027 0.8980 0.4401
vn 0.2867 0.8782 0.3828
vn 0.2372 0.9354 0.2623
vn 0.0847 0.9299 0.3580
vn -0.0786 0.9383 0.3366
vn -0.1681 0.7354 0.6564
vn 0.1771 0.6721 0.7190
vn 0.2377 0.7528 0.6139
vn -0.0092 0.8840 0.4675
vn -0.0988 0.7877 0.6081
vn -0.1070 0.8976 0.4277
vn -0.0456 0.9000 0.4335
vn 0.0677 0.7394 0.6698
vn -0.0519 0.7943 0.6053
vn 0.2048 0.8020 0.5612
vn -0.0104 0.8652 0.5014
vn 0.1797 0.8695 0.4602
vn 0.0896 0.8595 0.5033
vn 0.0103 0.9703 0.2416
vn 0.0611 0.8177 0.5725
vn -0.0931 0.6801 0.7272
vn 0.0615 0.9246 0.3760
vn 0.1506 0.9245 0.3502
vn 0.2881 0.8789 0.3801
vn 0.4133 0.8224 0.3910
vn 0.0021 0.9885 0.1511
vn 0.0187 0.9536 0.3006
vn -0.1821 0.7441 0.6428
vn -0.2581 0.7047 0.6609
vn 0.0215 0.8197 0.5724
vn 0.1318 0.7109 0.6908
vn 0.0453 0.8716 0.4882
vn -0.0205 0.8096 0.5866
vn 0.0073 0.7812 0.6243
vn -0.0624 0.7224 0.6886
vn -0.1367 0.7781 0.6131
vn -0.0724 0.9590 0.2741
vn -0.0481 0.9005 0.4321
vn 0.0155 0.8896 0.4564
vn 0.0160 0.8360 0.5485
vn -0.1799 0.7711 0.6108
vn -0.1917 0.8758 0.4430
vn -0.1134 0.8935 0.4344
vn 0.4326 0.7643 0.4782
vn 0.1829 0.9018 0.3916
vn 0.1997 0.7832 0.5888
vn 0.1348 0.7502 0.6473
vn -0.0110 0.7247 0.6890
vn -0.1192 0.8652 0.4871
vn -0.1552 0.8469 0.5086
vn -0.0085 0.9642 0.2650
vn -0.1871 0.9566 0.2236
vn 0.1325 0.9825 0.1312
vn 0.0091 0.9704 0.2412
vn -0.0384 0.9627 0.2678
vn 0.0030 0.9710 0.2391
vn 0.2015 0.9628 0.1800
vn 0.1310 0.9815 0.1400
vn 0.0703 0.9880 0.1372
vn 0.2347 0.9365 0.2607
vn 0.2089 0.8765 0.4337
vn 0.3221 0.7295 0.6034
vn 0.2272 0.7783 0.5854
vn -0.0999 0.7356 0.6700
vn -0.1441 0.9705 0.1931
vn 0.0621 0.9980 0.0082
vn 0.1378 0.9127 0.3846
vn -0.1025 0.7402 0.6645
vn -0.0845 0.9354 0.3434
vn 0.0010 0.9696 0.2447
vn -0.1001 0.9451 0.3112
vn -0.0093 0.9687 0.2479
vn -0.1753 0.9444 0.2782
vn 0.0016 0.9998 0.0185
vn 0.2001 0.8917 0.4060
vn 0.2202 0.8770 0.4270
vn 0.0747 0.9847 0.1575
vn -0.0898 0.9273 0.3633
vn 0.0015 0.9704 0.2416
vn 0.0013 0.9762 0.2170
vn -0.1351 0.9740 0.1819
vn -0.1259 0.9762 0.1768
vn 0.1477 0.9582 0.2451
vn 0.0426 0.6651 0.7456
vn -0.0076 0.7297 0.6837
vn -0.1276 0.9803 0.1506
vn -0.0340 0.9501 0.3101
vn -0.2489 0.9314 0.2658
vn 0.0173 0.9797 0.1999
vn -0.2008 0.9594 0.1980
vn -0.0342 0.9993 0.0156
vn -0.0380 0.9951 0.0915
vn -0.0766 0.9921 0.0996
vn 0.0116 0.9668 0.2555
vn -0.0403 0.9582 0.2833
vn 0.2145 0.9627 0.1647
vn 0.0102 0.9995 0.0288
vn 0.0987 0.9481 0.3022
vn 0.0510 0.8414 0.5380
vn 0.1321 0.9135 0.3848
vn -0.1436 0.9700 0.1960
vn -0.0411 0.9965 0.0729
vn -0.0025 1.0000 0.0085
vn 0.0179 0.9997 0.0187
vn -0.0274 0.9962 0.0824
vn -0.1231 0.9890 0.0817
vn -0.0112 0.9990 0.0437
vn -0.0200 0.9996 0.0189
vn -0.0247 0.9942 0.1046
vn -0.1164 0.9716 0.2058
vn -0.0765 0.9925 0.0957
vn 0.0661 0.9939 0.0881
vn 0.0767 0.9853 0.1525
vn 0.1676 0.9448 0.2817
vn 0.0004 0.9743 0.2254
vn 0.0010 0.9741 0.2262
vn 0.0058 0.9792 0.2030
vn 0.2520 0.9309 0.2645
vn 0.1840 0.9718 0.1472
vn -0.0660 0.9266 0.3701
vn 0.0050 0.9695 0.2448
vn -0.1905 0.9657 0.1762
vn -0.0217 0.9937 0.1097
vn -0.1536 0.9640 0.2171
vn -0.0095 0.9982 0.0600
vn -0.0017 1.0000 -0.0030
vn -0.1191 0.9785 0.1681
vn -0.0046 0.9699 0.2435
vn 0.0546 0.9959 0.0719
vn 0.0947 0.9806 0.1714
vn 0.1996 0.8797 0.4316
vn 0.0007 1.0000 0.0064
vn 0.0030 0.9998 0.0173
vn 0.0965 0.9850 0.1433
vn 0.0923 0.9809 0.1709
vn 0.2047 0.9765 0.0681
vn -0.0529 0.9907 0.1256
vn -0.0015 1.0000 0.0029
vn 0.0039 0.9998 0.0189
vn -0.1292 0.9816 0.1405
vn -0.1358 0.9863 0.0938
vn -0.1454 0.9839 0.1042
vn -0.1255 0.9833 0.1316
vn 0.1602 0.9775 0.1373
vn 0.0033 1.0000 0.0050
vn 0.0973 0.9853 0.1401
vn 0.2697 0.8290 0.4900
vn -0.0002 1.0000 0.0052
vn 0.1064 0.9942 0.0163
vn -0.0770 0.8531 0.5161
vn 0.0623 0.9945 0.0843
vn 0.1653 0.9856 0.0360
vn -0.0000 0.9701 0.2425
vn 0.0835 0.9650 0.2487
vn -0.0224 0.9997 0.0009
vn -0.0046 0.9983 0.0574
vn -0.0549 0.9960 0.0702
vn -0.0163 0.9999 0.0052
vn -0.0504 0.9980 -0.0381
vn -0.0200 0.9992 0.0345
vn -0.0361 0.9993 0.0118
vn -0.1357 0.6176 0.7747
vn -0.0012 0.9788 0.2048
vn 0.0010 1.0000 -0.0004
vn 0.0010 1.0000 0.0071
vn 0.0357 0.9743 0.2223
vn 0.3691 0.8281 0.4220
vn 0.1432 0.9830 0.1146
vn 0.0541 0.9934 0.1013
vn 0.0081 0.9999 0.0117
vn 0.1891 0.9764 0.1042
vn 0.2106 0.9665 0.1466
vn 0.0310 0.9876 0.1538
vn -0.0986 0.9836 0.1511
vn -0.0558 0.9954 0.0780
vn -0.0093 0.9996 0.0284
vn 0.0008 1.0000 -0.0001
vn 0.2761 0.9072 0.3173
vn 0.0064 1.0000 0.0017
vn -0.0037 0.9999 0.0115
vn 0.2327 0.9427 0.2393
vn 0.0026 1.0000 -0.0022
vn -0.0298 0.9991 0.0317
vn 0.1063 0.9894 0.0991
vn 0.0684 0.9961 0.0553
vn -0.0531 0.9841 0.1693
vn -0.0691 0.9259 0.3713
vn 0.0155 0.9940 0.1085
vn -0.0033 0.9733 0.2296
vn 0.0158 0.9729 0.2305
vn 0.1624 0.9614 0.2220
vn -0.0259 0.9856 0.1673
vn 0.2263 0.9700 0.0888
vn 0.1337 0.9768 0.1674
vn 0.1266 0.9813 0.1449
vn 0.0323 0.9945 0.0995
vn 0.0365 0.9993 -0.0122
vn 0.0071 0.9762 0.2169
vn 0.0018 0.9780 0.2087
vn -0.0275 0.9863 0.1627
vn -0.1018 0.9861 0.1310
vn -0.0033 0.9999 0.0104
vn -0.0363 0.9870 0.1567
vn -0.1124 0.9746 0.1935
vn -0.0008 1.0000 0.0051
vn -0.0038 1.0000 0.0056
vn 0.1020 0.8911 0.4422
vn 0.1610 0.9866 0.0253
vn 0.1960 0.9494 0.2456
vn -0.0132 0.9999 -0.0083
vn -0.2049 0.9787 0.0161
vn 0.0112 0.9999 -0.0125
vn 0.0329 0.9947 0.0969
vn 0.1953 0.9694 0.1488
vn -0.0599 0.9646 0.2568
vn 0.0244 0.9829 0.1827
vn 0.1245 0.9727 0.1960
vn 0.0337 0.9917 0.1244
vn 0.3360 0.9338 0.1226
vn -0.0446 0.9915 0.1220
vn -0.0894 0.9948 0.0495
vn 0.0049 0.9673 0.2538
vn 0.0744 0.9951 -0.0650
vn 0.0137 0.9904 0.1378
vn -0.0994 0.9799 0.1730
vn -0.1350 0.9769 0.1656
vn -0.0629 0.9939 0.0910
vn 0.8048 0.4239 -0.4155
vn 0.1190 0.9834 0.1367
vn 0.0752 0.9625 0.2607
vn 0.0006 1.0000 0.0049
vn 0.0765 0.9783 0.1927
vn 0.0122 0.9920 0.1258
vn -0.0043 0.9999 0.0097
vn 0.0024 1.0000 0.0021
vn 0.0417 0.9990 0.0175
vn -0.0168 0.9999 -0.0034
vn -0.0059 1.0000 -0.0002
vn -0.0007 1.0000 0.0026
vn 0.0775 0.9968 -0.0215
vn -0.1646 0.9735 0.1587
vn 0.0095 1.0000 -0.0029
vn 0.0366 0.9900 0.1361
vn 0.0386 0.9903 0.1332
vn -0.0697 0.9720 0.2246
vn -0.0161 0.9893 0.1452
vn 0.0007 0.9999 0.0102
vn -0.0209 0.9915 0.1284
vn -0.0943 0.9564 0.2764
vn -0.5677 0.2836 0.7729
vn -0.0023 1.0000 0.0018
vn -0.1599 0.9793 0.1243
vn -0.0131 0.9999 -0.0110
vn -0.1212 0.9669 0.2244
vn -0.0649 0.9847 0.1618
vn 0.0002 1.0000 0.0002
vn 0.0035 1.0000 0.0036
vn 0.2476 0.9637 0.1001
vn 0.0250 0.9997 -0.0057
vn -0.0023 0.9997 0.0234
vn 0.2149 0.7054 -0.6755
vn 0.1553 0.9802 0.1232
vn 0.1102 0.9909 0.0769
vn 0.0159 0.9874 0.1576
vn -0.1063 0.9886 0.1070
vn 0.3803 0.8873 -0.2610
vn 0.0259 0.9896 0.1414
vn -0.0487 0.9885 0.1432
vn -0.0427 0.9933 0.1071
vn 0.2288 0.9675 0.1073
vn -0.0031 0.9998 0.0198
vn -0.0987 0.9866 0.1300
vn -0.0510 0.9847 0.1666
vn 0.1638 0.9799 0.1135
vn 0.0199 0.9918 0.1265
vn -0.0105 0.9992 -0.0376
vn 0.0403 0.9939 0.1030
vn 0.0164 0.9796 0.2003
vn 0.0023 1.0000 0.0041
vn -0.0038 1.0000 0.0005
vn -0.0998 0.9689 0.2265
vn 0.0603 0.9764 0.2076
vn 0.1524 0.9804 0.1244
vn 0.0256 0.9996 -0.0082
vn -0.1030 0.9747 0.1985
vn 0.1553 0.9483 0.2767
vn 0.0218 0.9877 0.1546
vn 0.1511 0.9733 0.1730
vn -0.1940 0.9704 0.1435
vn 0.0012 1.0000 0.0005
vn -0.0062 0.9738 0.2275
vn -0.0028 1.0000 0.0051
vn -0.1283 0.9746 0.1835
vn 0.0019 1.0000 -0.0026
vn 0.0332 0.9994 -0.0110
vn 0.1060 0.9832 -0.1487
vn 0.1459 0.9881 0.0493
vn -0.0016 1.0000 -0.0018
vn 0.0063 0.9998 -0.0191
vn -0.0613 0.9900 -0.1267
vn -0.0000 1.0000 0.0009
vn -0.0896 0.9905 0.1047
vn 0.1596 0.9835 0.0856
vn 0.0021 1.0000 0.0001
vn 0.0010 1.0000 0.0018
vn 0.5044 0.8634 -0.0118
vn 0.0020 1.0000 0.0032
vn -0.0018 1.0000 -0.0006
vn -0.2235 0.9669 0.1234
vn 0.0021 1.0000 0.0003
vn 0.0002 1.0000 0.0005
vn 0.0261 0.9994 0.0222
vn 0.1554 0.9865 0.0516
vn -0.0013 1.0000 0.0006
vn -0.0000 1.0000 0.0087
vn 0.1430 0.9842 0.1040
vn -0.0056 0.9802 0.1977
vn 0.0894 0.9960 0.0016
vn -0.1304 0.9774 0.1667
vn -0.0008 1.0000 -0.0028
vn 0.1441 0.9771 -0.1564
vn -0.0005 1.0000 0.0048
vn -0.2191 0.9757 -0.0021
vn 0.2058 0.9642 0.1673
vn 0.0714 0.9974 0.0074
vn 0.0025 1.0000 0.0024
vn -0.0141 0.9999 -0.0051
vn -0.0000 1.0000 -0.0004
vn -0.0006 1.0000 0.0036
vn -0.1939 0.9776 0.0821
vn -0.0418 0.9895 0.1386
vn -0.0015 1.0000 0.0073
vn -0.0309 0.9820 0.1864
vn -0.0389 0.9862 0.1610
vn -0.0997 0.9717 0.2140
vn 0.0001 1.0000 -0.0019
vn -0.2311 0.9315 0.2810
vn -0.0113 0.9774 0.2113
vn -0.2148 0.9603 0.1778
vn 0.0139 0.9759 0.2178
vn -0.2110 0.8821 0.4213
vn -0.2145 0.9366 0.2770
vn 0.0909 0.9693 -0.2285
vn 0.1802 0.8630 0.4720
vn -0.2237 0.9565 0.1872
vn 0.8497 0.2703 -0.4526
vn -0.0003 0.9574 -0.2888
vn 0.0280 0.9955 -0.0905
vn 0.1177 0.9670 -0.2258
vn -0.2449 0.9688 -0.0373
vn -0.1508 0.9804 -0.1271
vn -0.1029 0.8284 -0.5506
vn -0.1054 0.9412 -0.3210
vn 0.1198 0.9783 -0.1691
vn -0.1017 0.8688 0.4847
vn 0.0102 0.9775 0.2109
vn 0.1696 0.9425 -0.2882
vn 0.0397 0.9179 -0.3948
vn 0.2131 0.9355 -0.2819
vn -0.0428 0.9939 0.1020
vn 0.1224 0.9925 -0.0018
vn 0.3941 0.8213 -0.4125
vn -0.1714 0.9800 0.1013
vn 0.0106 0.9978 -0.0649
vn 0.2267 0.9448 -0.2366
vn 0.1353 0.9793 -0.1504
vn -0.1039 0.9926 -0.0625
vn 0.2357 0.9414 -0.2413
vn 0.0849 0.9775 -0.1933
vn -0.0784 0.9951 -0.0608
vn -0.0934 0.9902 -0.1037
vn -0.0484 0.9983 0.0309
vn 0.1345 0.9812 0.1384
vn 0.1587 0.9851 -0.0666
vn 0.2091 0.9666 -0.1479
vn 0.0272 0.9888 0.1465
vn 0.0106 0.9884 0.1515
vn 0.0006 0.9724 0.2333
vn -0.0015 0.9717 0.2362
vn -0.0004 0.9715 0.2370
vn -0.0021 0.9685 0.2491
vn 0.0110 0.9879 0.1545
vn 0.1210 0.9909 -0.0588
vn 0.1092 0.9798 0.1675
vn 0.0759 0.9968 -0.0243
vn 0.0953 0.9849 0.1447
vn 0.1824 0.8809 0.4368
vn 0.0596 0.9944 -0.0874
vn -0.3324 0.5477 -0.7678
vn -0.3947 0.5413 -0.7425
vn -0.4164 0.6151 -0.6695
vn -0.0529 0.9466 -0.3179
vn -0.1786 0.9572 0.2277
vn 0.2039 0.9784 0.0347
vn -0.1102 0.9687 -0.2223
vn -0.0063 0.9964 -0.0848
vn -0.0120 0.9928 -0.1193
vn -0.0132 0.9999 0.0005
vn 0.2190 0.9757 0.0009
vn 0.0008 1.0000 -0.0000
vn -0.3509 0.9115 0.2147
vn -0.2417 0.9703 0.0064
vn -0.2296 0.9504 0.2097
vn -0.2453 0.9694 0.0124
vn -0.1068 0.9813 0.1603
vn -0.3016 0.5106 -0.8052
vn 0.0579 0.9954 0.0759
vn 0.0109 0.9992 0.0390
vn 0.2110 0.9512 -0.2253
vn 0.0025 1.0000 0.0042
vn 0.0052 0.9998 -0.0168
vn 0.6243 0.4775 -0.6182
vn 0.0836 0.9760 -0.2009
vn 0.0036 0.9999 -0.0138
vn -0.0825 0.9641 -0.2524
vn -0.4406 0.3298 -0.8350
vn 0.3923 0.8970 0.2038
vn 0.2224 0.8116 -0.5402
vn 0.1123 0.5589 -0.8216
vn 0.2193 0.9578 0.1859
vn -0.0143 0.9994 -0.0328
vn -0.0203 0.9796 0.2000
vn 0.2807 0.9579 -0.0599
vn 0.1842 0.9261 0.3293
vn -0.0048 1.0000 0.0063
vn -0.1712 0.9700 0.1724
vn -0.2923 0.9557 0.0338
vn -0.0004 1.0000 0.0013
vn -0.3696 0.8780 0.3042
vn 0.2130 0.9040 -0.3707
vn -0.1034 0.9898 0.0977
vn 0.0793 0.9763 -0.2013
vn 0.0112 0.9832 -0.1820
vn 0.0886 0.9932 -0.0753
vn -0.0474 0.9863 -0.1581
vn 0.1540 0.8174 -0.5551
vn 0.4649 0.3691 -0.8047
vn 0.0115 0.9998 -0.0130
vn 0.0333 0.9845 -0.1723
vn -0.1502 0.9794 -0.1350
vn 0.0618 0.3109 -0.9484
vn -0.3585 0.3365 -0.8708
vn 0.0585 0.3896 -0.9191
vn 0.2784 0.3626 -0.8894
vn -0.0436 0.2507 -0.9671
vn -0.2095 0.2832 -0.9359
vn -0.1140 0.9781 -0.1740
vn -0.0547 0.2357 -0.9703
vn -0.2611 0.6546 -0.7094
vn -0.0573 0.9970 -0.0524
vn 0.0621 0.9948 0.0812
vn -0.0971 0.9935 0.0596
vn 0.0045 0.9996 -0.0268
vn -0.2125 0.9771 0.0012
vn -0.2311 0.9685 0.0929
vn 0.0151 0.9656 -0.2596
vn -0.0150 0.9997 0.0210
vn 0.2147 0.9013 -0.3762
vn 0.1547 0.5988 -0.7858
vn 0.0204 0.9885 -0.1500
vn 0.0667 0.9409 -0.3322
vn 0.1363 0.8988 -0.4165
vn 0.0079 0.8718 -0.4899
vn 0.1206 0.7812 -0.6125
vn 0.0977 0.9844 -0.1461
vn 0.2816 0.4568 -0.8438
vn 0.3298 0.9108 -0.2481
vn 0.1042 0.9938 0.0382
vn 0.0154 0.9992 -0.0358
vn 0.0302 0.7380 -0.6741
vn -0.2485 0.9314 -0.2661
vn -0.1205 0.9302 -0.3467
vn -0.5069 0.6482 -0.5682
vn 0.0263 0.8303 -0.5567
vn -0.1285 0.7077 -0.6948
vn -0.3131 0.3748 -0.8726
vn -0.3874 0.7563 -0.5272
vn -0.4491 0.2798 -0.8486
vn 0.0763 0.9927 -0.0937
vn 0.0092 1.0000 -0.0027
vn 0.2371 0.9558 -0.1736
vn 0.0290 0.9918 0.1244
vn 0.0832 0.9812 -0.1741
vn 0.2331 0.9725 0.0047
vn 0.0036 1.0000 0.0005
vn -0.1801 0.9662 0.1846
vn 0.1867 0.9599 0.2092
vn 0.0035 1.0000 0.0066
vn -0.2422 0.9698 0.0300
vn -0.2964 0.9415 0.1606
vn -0.1399 0.9901 0.0100
vn 0.0592 0.8129 -0.5794
vn -0.0066 0.9865 -0.1634
vn 0.0897 0.7704 -0.6312
vn 0.1173 0.8923 -0.4360
vn 0.2163 0.8711 -0.4408
vn -0.0891 0.9949 0.0473
vn 0.1639 0.9685 -0.1875
vn 0.4129 0.8313 -0.3722
vn -0.0992 0.9731 -0.2078
vn 0.0362 0.9509 -0.3073
vn 0.1946 0.8872 -0.4183
vn 0.0043 0.9997 -0.0249
vn -0.0006 1.0000 0.0020
vn -0.4815 0.2971 -0.8246
vn -0.5751 0.2863 -0.7663
vn -0.2227 0.9627 0.1537
vn 0.0031 0.9988 0.0484
vn 0.2790 0.9390 0.2009
vn 0.1561 0.9877 -0.0094
vn 0.2191 0.9739 -0.0600
vn 0.2424 0.9702 0.0023
vn -0.0130 0.9999 0.0002
vn 0.1709 0.9851 0.0179
vn 0.2155 0.9691 -0.1199
vn -0.2428 0.9699 -0.0193
vn -0.0005 1.0000 -0.0004
vn -0.0066 1.0000 0.0034
vn -0.2152 0.9766 -0.0011
vn 0.4592 0.8429 -0.2805
vn 0.0589 0.7714 -0.6336
vn 0.0104 0.8109 -0.5851
vn 0.0018 0.8078 -0.5895
vn 0.2074 0.9163 -0.3427
vn 0.1156 0.9636 -0.2409
vn 0.0769 0.9745 -0.2107
vn -0.1911 0.9780 0.0837
vn -0.0056 0.9993 -0.0362
vn 0.0831 0.9894 0.1191
vn -0.6678 0.3223 -0.6709
vn 0.0639 0.8709 0.4873
vn 0.4185 0.8918 0.1719
vn -0.5978 0.2721 -0.7541
vn 0.1430 0.9873 -0.0695
vn 0.3182 0.9360 0.1503
vn 0.1753 0.9810 -0.0830
vn 0.2261 0.9741 -0.0070
vn 0.1771 0.9764 -0.1233
vn 0.2492 0.9326 0.2612
vn -0.2372 0.9705 0.0429
vn -0.0399 0.9988 0.0269
vn 0.4574 0.6581 -0.5981
vn 0.0296 0.9871 -0.1571
vn -0.0015 0.9661 -0.2583
vn 0.2383 0.9432 -0.2315
vn 0.2381 0.9014 -0.3616
vn 0.0652 0.9741 -0.2167
vn 0.1606 0.9354 -0.3151
vn -0.0508 0.9335 -0.3548
vn -0.1352 0.9265 -0.3511
vn -0.0991 0.9084 -0.4063
vn 0.1047 0.9872 -0.1205
vn -0.0012 1.0000 -0.0017
vn -0.0097 0.9999 -0.0031
vn -0.5099 0.6371 -0.5780
vn 0.0119 0.9999 0.0084
vn 0.2019 0.9648 -0.1683
vn -0.0079 0.9975 -0.0703
vn 0.2484 0.9685 -0.0149
vn 0.0009 1.0000 -0.0020
vn -0.2901 0.9446 0.1534
vn -0.0033 1.0000 -0.0000
vn -0.0097 0.9999 -0.0046
vn -0.0514 0.9985 -0.0210
vn 0.0005 1.0000 -0.0061
vn -0.1731 0.9586 -0.2259
vn -0.0042 0.9879 -0.1549
vn 0.3949 0.7754 -0.4928
vn 0.0277 0.8970 -0.4411
vn -0.0919 0.9839 -0.1531
vn -0.0762 0.9856 -0.1510
vn -0.0037 0.9669 -0.2550
vn 0.2417 0.8682 -0.4334
vn 0.0456 0.9930 -0.1093
vn -0.2896 0.9202 -0.2634
vn -0.4615 0.7884 -0.4068
vn 0.0490 0.9927 0.1098
vn 0.0476 0.9929 0.1094
vn 0.0321 0.9981 -0.0517
vn 0.2484 0.9507 -0.1855
vn 0.0871 0.9941 -0.0644
vn -0.7740 0.2975 -0.5589
vn 0.1314 0.9764 -0.1713
vn 0.0454 0.9984 -0.0337
vn 0.1870 0.9726 -0.1379
vn 0.0027 1.0000 -0.0019
vn 0.1861 0.9711 -0.1495
vn 0.5708 0.5887 -0.5723
vn -0.2422 0.9702 0.0001
vn -0.1386 0.9899 -0.0292
vn 0.0770 0.9730 -0.2174
vn 0.1097 0.9215 -0.3726
vn -0.0876 0.9522 -0.2926
vn 0.0751 0.8374 -0.5414
vn 0.2991 0.8763 -0.3776
vn 0.2300 0.9721 -0.0468
vn 0.2054 0.9735 -0.1008
vn 0.0736 0.9818 -0.1748
vn 0.1080 0.9732 -0.2030
vn -0.0114 0.9918 -0.1274
vn 0.1069 0.9805 -0.1649
vn -0.5704 0.8195 -0.0551
vn 0.0184 0.9806 -0.1950
vn 0.0023 0.9823 -0.1873
vn -0.3336 0.9075 -0.2552
vn -0.9359 0.2282 -0.2685
vn 0.1738 0.9848 0.0056
vn 0.3857 0.9053 -0.1779
vn 0.0235 0.9997 -0.0109
vn -0.0320 0.9822 -0.1850
vn 0.2090 0.9775 -0.0296
vn 0.0104 0.9999 -0.0066
vn 0.2699 0.9350 -0.2300
vn -0.0942 0.9888 -0.1161
vn -0.0708 0.9915 -0.1094
vn 0.1282 0.9760 -0.1762
vn -0.0820 0.8683 -0.4891
vn -0.2188 0.9498 -0.2236
vn 0.0775 0.9501 -0.3022
vn 0.0015 0.9702 -0.2423
vn -0.1509 0.9725 -0.1772
vn -0.0309 0.9858 -0.1652
vn 0.2101 0.9496 -0.2325
vn 0.1455 0.9727 -0.1808
vn -0.0150 0.9999 0.0062
vn -0.0371 0.9792 -0.1996
vn 0.0398 0.9989 0.0263
vn 0.0155 0.9536 -0.3007
vn -0.0005 0.9693 -0.2460
vn -0.0164 0.9999 0.0019
vn -0.0084 0.9999 -0.0104
vn 0.1863 0.9760 0.1131
vn -0.2570 0.9631 -0.0804
vn -0.8845 0.4427 -0.1472
vn 0.1244 0.9636 -0.2365
vn 0.0889 0.9836 -0.1569
vn 0.1494 0.9876 -0.0473
vn -0.0568 0.9984 0.0057
vn -0.1634 0.9718 -0.1700
vn 0.1766 0.8852 -0.4304
vn 0.5365 0.6350 -0.5559
vn -0.0279 0.9978 -0.0608
vn -0.0406 0.9910 -0.1276
vn 0.1234 0.8508 -0.5108
vn 0.1748 0.9844 -0.0194
vn -0.0038 0.9722 -0.2341
vn 0.0697 0.9943 -0.0810
vn -0.9392 0.2831 -0.1944
vn -0.3633 0.9197 -0.1490
vn 0.0591 0.9973 0.0428
vn 0.2901 0.9569 0.0099
vn 0.0406 0.9985 -0.0363
vn 0.0818 0.9934 -0.0802
vn 0.2739 0.9612 -0.0341
vn 0.2037 0.9441 -0.2591
vn -0.0202 0.9991 -0.0373
vn -0.0410 0.9704 -0.2378
vn 0.0405 0.9959 -0.0804
vn 0.2631 0.9625 -0.0654
vn 0.0155 0.9759 -0.2177
vn 0.1634 0.9859 -0.0361
vn 0.1609 0.9749 0.1540
vn 0.1410 0.9794 -0.1445
vn 0.1489 0.9751 -0.1644
vn 0.2318 0.9728 -0.0022
vn 0.0584 0.9983 0.0014
vn 0.4860 0.8506 -0.2005
vn 0.8141 0.5079 -0.2814
vn 0.0006 1.0000 -0.0007
vn 0.1250 0.9725 -0.1967
vn 0.3682 0.8819 -0.2944
vn 0.3606 0.8845 -0.2959
vn 0.2194 0.9536 -0.2060
vn 0.1508 0.9874 -0.0476
vn 0.3363 0.9364 0.1000
vn 0.0081 0.9998 0.0204
vn 0.1102 0.9793 -0.1699
vn 0.0142 0.9948 -0.1013
vn 0.0149 0.9999 0.0061
vn 0.1449 0.9882 0.0489
vn -0.0135 0.9998 -0.0161
vn -0.1327 0.9820 -0.1342
vn -0.1000 0.9916 -0.0826
vn -0.0310 0.9968 0.0743
vn 0.1179 0.9859 0.1191
vn 0.0421 0.9818 -0.1850
vn -0.2230 0.9538 -0.2012
vn 0.0045 1.0000 0.0076
vn -0.3082 0.9513 -0.0045
vn 0.0239 0.9997 -0.0095
vn 0.0683 0.9949 -0.0741
vn 0.0523 0.9985 -0.0129
vn 0.2034 0.9650 -0.1658
vn 0.1823 0.9690 -0.1668
vn 0.3749 0.9015 -0.2162
vn -0.1179 0.9925 0.0315
vn 0.0588 0.9922 -0.1103
vn 0.5437 0.6302 -0.5543
vn 0.0414 0.9957 -0.0824
vn 0.0383 0.9991 0.0199
vn 0.0168 0.9987 -0.0478
vn 0.1233 0.9636 -0.2373
vn 0.0123 0.9998 -0.0137
vn 0.0173 0.9980 -0.0615
vn -0.0374 0.9974 0.0619
vn -0.2010 0.9796 0.0076
vn -0.9549 0.2820 -0.0930
vn 0.0296 0.9976 -0.0624
vn 0.3972 0.9167 -0.0434
vn 0.2614 0.9346 -0.2413
vn 0.2024 0.9689 -0.1426
vn 0.2333 0.9427 -0.2385
vn 0.3849 0.8977 -0.2146
vn 0.1364 0.9866 -0.0892
vn -0.0414 0.9974 0.0588
vn 0.4104 0.9074 0.0905
vn 0.0762 0.9936 -0.0829
vn 0.1738 0.9835 -0.0512
vn 0.0265 0.9973 0.0689
vn -0.1517 0.9878 -0.0339
vn 0.2307 0.9707 -0.0667
vn -0.0028 0.9674 -0.2531
vn 0.0015 0.9688 -0.2479
vn -0.2287 0.9734 -0.0155
vn 0.4105 0.9066 -0.0981
vn -0.0885 0.9956 -0.0305
vn 0.1178 0.9924 -0.0352
vn -0.8537 0.5108 0.1014
vn -0.6798 0.7127 -0.1731
vn 0.1952 0.9715 -0.1348
vn 0.2196 0.9683 -0.1188
vn 0.1623 0.9865 -0.0233
vn 0.0029 1.0000 0.0005
vn 0.2720 0.9609 -0.0516
vn 0.4005 0.9013 -0.1650
vn 0.1421 0.9787 -0.1478
vn 0.0012 1.0000 0.0003
vn 0.7501 0.6142 -0.2449
vn 0.0681 0.9974 0.0214
vn -0.0232 0.9886 -0.1489
vn 0.0193 0.9996 0.0210
vn 0.1196 0.9754 -0.1854
vn 0.1607 0.9483 -0.2735
vn 0.0140 0.9953 -0.0957
vn -0.1289 0.9664 -0.2225
vn 0.0096 0.9966 -0.0823
vn -0.2014 0.9795 0.0073
vn 0.0555 0.9979 0.0344
vn -0.2256 0.9742 0.0069
vn 0.0982 0.9894 -0.1068
vn 0.0014 1.0000 0.0002
vn 0.0170 0.9996 -0.0233
vn 0.1172 0.9863 -0.1164
vn 0.4002 0.8995 -0.1751
vn 0.1368 0.9902 -0.0280
vn 0.0404 0.9978 0.0520
vn 0.8063 0.5882 -0.0622
vn -0.0147 0.9881 -0.1531
vn -0.0271 0.9848 -0.1717
vn -0.1774 0.9692 -0.1706
vn 0.1024 0.9882 -0.1143
vn 0.0180 0.9733 -0.2289
vn -0.0010 1.0000 0.0021
vn 0.0018 1.0000 -0.0025
vn 0.0763 0.9884 -0.1316
vn 0.2388 0.9428 -0.2327
vn -0.0543 0.9834 -0.1732
vn 0.2001 0.9508 -0.2366
vn 0.0514 0.9729 -0.2256
vn -0.1961 0.9526 -0.2328
vn 0.1954 0.9807 0.0027
vn -0.0274 0.9995 0.0127
vn 0.2045 0.9706 -0.1273
vn -0.9334 0.3563 0.0413
vn 0.1203 0.9913 -0.0534
vn 0.1380 0.9825 -0.1254
vn -0.1291 0.9914 -0.0202
vn 0.3490 0.9255 -0.1469
vn 0.2059 0.9712 -0.1199
vn 0.0319 0.9991 -0.0273
vn -0.9131 0.4060 0.0369
vn 0.1711 0.9692 -0.1770
vn -0.0984 0.9845 -0.1452
vn -0.0966 0.9848 -0.1447
vn 0.4532 0.8905 -0.0406
vn -0.5376 0.8423 0.0392
vn 0.1279 0.9887 0.0777
vn 0.1131 0.9566 -0.2686
vn 0.2209 0.9618 -0.1615
vn 0.0113 0.9998 0.0192
vn -0.0056 0.9999 -0.0109
vn -0.0024 1.0000 -0.0000
vn 0.3886 0.9212 -0.0202
vn 0.2361 0.9715 0.0223
vn 0.0061 1.0000 0.0060
vn 0.0473 0.9677 -0.2475
vn -0.1834 0.9828 0.0202
vn -0.0069 0.9997 0.0214
vn 0.2013 0.9378 -0.2829
vn 0.0549 0.9900 -0.1297
vn 0.0376 0.9700 -0.2401
vn 0.1035 0.9646 -0.2427
vn 0.1554 0.9875 -0.0250
vn 0.0370 0.9993 -0.0105
vn 0.0029 0.9998 -0.0188
vn 0.2255 0.9401 -0.2555
vn 0.2330 0.9238 -0.3039
vn 0.2618 0.9300 -0.2579
vn -0.0335 0.9715 -0.2347
vn -0.1086 0.9851 -0.1335
vn -0.2072 0.9510 -0.2294
vn 0.0024 1.0000 0.0016
vn -0.0067 0.9959 -0.0897
vn -0.0772 0.9970 0.0040
vn 0.3796 0.9213 -0.0839
vn 0.4557 0.8521 -0.2574
vn 0.2435 0.9697 -0.0187
vn 0.1359 0.9902 0.0321
vn 0.1249 0.9887 -0.0826
vn 0.0426 0.9890 0.1419
vn -0.1798 0.9836 -0.0160
vn -0.6314 0.7655 -0.1239
vn -0.4006 0.8950 -0.1960
vn 0.0007 1.0000 -0.0008
vn 0.8012 0.5904 -0.0979
vn 0.1155 0.9890 -0.0920
vn 0.0176 0.9992 0.0352
vn 0.2299 0.9480 -0.2200
vn 0.0010 0.9666 -0.2563
vn -0.1287 0.9552 -0.2665
vn -0.2103 0.9567 -0.2011
vn 0.2163 0.9744 0.0616
vn -0.0095 1.0000 -0.0008
vn -0.0345 0.9992 -0.0204
vn 0.2366 0.9627 -0.1313
vn 0.3644 0.9307 -0.0306
vn 0.3967 0.9006 -0.1778
vn 0.0008 1.0000 -0.0007
vn 0.0010 1.0000 -0.0005
vn 0.2182 0.9595 -0.1782
vn 0.0383 0.9898 -0.1369
vn -0.1398 0.9900 -0.0183
vn 0.1893 0.9817 0.0223
vn -0.0299 0.9970 -0.0709
vn -0.2895 0.9314 -0.2206
vn 0.0508 0.9872 -0.1513
vn -0.1908 0.9518 -0.2402
vn 0.0529 0.9796 -0.1936
vn 0.0114 0.9671 -0.2542
vn 0.0970 0.9945 -0.0401
vn -0.1536 0.9721 -0.1771
vn 0.8319 0.5417 0.1206
vn -0.1312 0.9833 -0.1261
vn 0.0867 0.9952 -0.0455
vn -0.0003 1.0000 0.0010
vn 0.1316 0.9858 -0.1043
vn 0.1002 0.9919 -0.0781
vn 0.2441 0.9698 -0.0025
vn 0.0049 1.0000 -0.0068
vn -0.1554 0.9769 -0.1466
vn 0.0006 1.0000 -0.0006
vn 0.5275 0.8332 0.1662
vn 0.1727 0.9556 -0.2386
vn 0.2924 0.9539 0.0676
vn 0.0331 0.9716 -0.2342
vn 0.2505 0.9516 -0.1782
vn -0.1521 0.9470 -0.2830
vn -0.0090 0.9999 -0.0147
vn 0.1094 0.9880 -0.1094
vn 0.0477 0.9913 -0.1227
vn -0.8086 0.5199 -0.2755
vn -0.0889 0.9884 -0.1231
vn -0.2094 0.9593 -0.1895
vn -0.3140 0.9399 -0.1342
vn -0.0963 0.9913 -0.0897
vn -0.0012 1.0000 0.0004
vn -0.8997 0.3676 -0.2355
vn 0.2017 0.9790 0.0289
vn -0.0506 0.9985 0.0224
vn 0.2623 0.9646 -0.0274
vn 0.0248 0.9885 -0.1492
vn 0.4071 0.8881 -0.2133
vn 0.1219 0.9858 -0.1155
vn -0.0561 0.9914 -0.1178
vn -0.0347 0.9910 -0.1297
vn 0.0988 0.9810 -0.1671
vn 0.0271 0.9683 -0.2484
vn 0.2234 0.9458 -0.2358
vn 0.2014 0.9521 -0.2301
vn 0.1225 0.9619 -0.2442
vn 0.0626 0.9948 -0.0808
vn -0.1256 0.9785 -0.1639
vn 0.2040 0.9408 -0.2705
vn -0.1010 0.9889 -0.1091
vn -0.5006 0.8145 -0.2932
vn 0.0731 0.9925 0.0981
vn 0.1126 0.9801 -0.1633
vn -0.4878 0.8685 -0.0880
vn 0.4761 0.8772 -0.0623
vn 0.0253 0.9992 -0.0294
vn 0.0051 0.9695 -0.2452
vn 0.2251 0.9474 -0.2275
vn -0.2454 0.9694 0.0096
vn -0.0030 1.0000 -0.0009
vn 0.1547 0.9876 0.0260
vn 0.0580 0.9875 0.1467
vn 0.3929 0.9184 -0.0472
vn 0.0349 0.9603 -0.2768
vn 0.2311 0.8866 -0.4006
vn 0.1811 0.9602 -0.2126
vn -0.0328 0.9947 -0.0978
vn 0.1677 0.9621 -0.2152
vn 0.1482 0.9805 -0.1294
vn 0.1666 0.9859 -0.0136
vn 0.0277 0.9915 -0.1268
vn -0.1241 0.9841 -0.1271
vn -0.0987 0.9937 -0.0540
vn -0.2202 0.9529 -0.2083
vn 0.4462 0.8888 -0.1044
vn -0.2305 0.9731 0.0012
vn -0.4629 0.7595 -0.4570
vn 0.2515 0.9619 -0.1075
vn 0.0453 0.9883 -0.1456
vn 0.0162 0.9968 -0.0783
vn -0.0012 0.9922 -0.1245
vn 0.1043 0.9852 -0.1357
vn -0.0269 0.9995 -0.0140
vn -0.3269 0.9058 -0.2695
vn 0.5199 0.8526 0.0517
vn -0.0639 0.9978 0.0154
vn -0.2638 0.9645 -0.0135
vn 0.7015 0.5993 0.3857
vn 0.0344 0.9924 -0.1185
vn 0.2129 0.9764 0.0376
vn -0.1719 0.9821 -0.0765
vn 0.0090 0.9989 -0.0464
vn 0.1514 0.9742 -0.1671
vn 0.1308 0.9846 -0.1157
vn -0.4362 0.8943 -0.0999
vn -0.1872 0.9778 -0.0937
vn -0.0033 1.0000 -0.0073
vn 0.0049 1.0000 0.0025
vn -0.0444 0.9975 -0.0545
vn -0.1012 0.9947 0.0173
vn -0.7208 0.3229 -0.6133
vn 0.2312 0.9700 -0.0759
vn 0.0369 0.9949 -0.0941
vn 0.0791 0.9823 -0.1699
vn 0.0287 0.9905 -0.1348
vn -0.1950 0.9789 -0.0609
vn 0.7783 0.5392 0.3217
vn 0.1761 0.9825 0.0615
vn 0.2304 0.9652 -0.1241
vn -0.0171 0.9671 -0.2538
vn 0.4160 0.8916 -0.1787
vn 0.1193 0.9202 -0.3730
vn -0.0712 0.9852 -0.1561
vn 0.0428 0.9991 -0.0022
vn 0.1013 0.9831 -0.1527
vn 0.0391 0.9992 0.0094
vn 0.1138 0.9923 0.0485
vn 0.2065 0.9784 -0.0018
vn -0.0545 0.9974 0.0474
vn 0.0645 0.9945 0.0824
vn -0.0362 0.9979 0.0529
vn -0.1457 0.9887 -0.0341
vn -0.0203 0.9998 -0.0077
vn 0.0858 0.9959 -0.0289
vn 0.1157 0.9745 -0.1922
vn 0.4041 0.9111 -0.0810
vn -0.1864 0.9774 -0.0998
vn 0.2381 0.9712 0.0062
vn -0.0739 0.9972 0.0055
vn 0.3133 0.9452 -0.0913
vn 0.4271 0.8783 -0.2147
vn 0.1560 0.9731 -0.1695
vn 0.0008 0.9974 -0.0715
vn 0.0114 0.9791 -0.2031
vn -0.2640 0.9642 -0.0235
vn -0.0018 1.0000 0.0058
vn -0.2003 0.9531 -0.2270
vn 0.1367 0.9815 -0.1338
vn 0.1288 0.9810 -0.1454
vn 0.0704 0.9948 0.0732
vn -0.0099 0.9995 0.0303
vn -0.0394 0.9992 -0.0045
vn -0.1336 0.9830 -0.1263
vn -0.2171 0.9671 -0.1324
vn -0.0387 0.9806 -0.1923
vn -0.1969 0.9759 -0.0937
vn 0.0674 0.9959 0.0600
vn -0.3655 0.9203 -0.1395
vn 0.4504 0.8630 -0.2287
vn -0.5636 0.8033 -0.1922
vn 0.1237 0.9921 0.0192
vn 0.2152 0.9583 -0.1881
vn 0.1472 0.9718 -0.1844
vn 0.0590 0.9850 -0.1621
vn 0.1601 0.9868 0.0252
vn 0.2386 0.9665 -0.0944
vn 0.2241 0.9745 0.0110
vn 0.7529 0.4239 0.5035
vn 0.0531 0.9963 -0.0669
vn -0.1683 0.9737 -0.1539
vn 0.1430 0.9735 -0.1785
vn -0.0011 0.9986 -0.0528
vn 0.2145 0.9511 -0.2223
vn 0.0151 0.9945 0.1039
vn 0.1421 0.9898 0.0105
vn -0.0031 1.0000 -0.0054
vn 0.2530 0.9430 0.2163
vn -0.0136 0.9986 0.0506
vn 0.2294 0.9565 0.1800
vn 0.0902 0.9812 0.1704
vn -0.1134 0.9935 -0.0136
vn -0.0670 0.9947 0.0779
vn -0.2258 0.9741 -0.0058
vn -0.8160 0.3656 -0.4477
vn 0.1566 0.9851 0.0708
vn -0.0111 0.9999 -0.0063
vn 0.2169 0.9759 -0.0230
vn 0.3074 0.9494 0.0638
vn -0.8059 0.3460 -0.4804
vn -0.0039 0.9826 -0.1854
vn 0.3016 0.9407 -0.1555
vn 0.1881 0.9805 -0.0569
vn 0.7839 0.3930 0.4808
vn -0.1475 0.9882 0.0407
vn -0.2878 0.9465 -0.1463
vn -0.2155 0.9755 -0.0442
vn 0.0603 0.9966 0.0569
vn 0.1252 0.9740 -0.1886
vn 0.1253 0.8726 -0.4722
vn 0.0432 0.9919 -0.1193
vn 0.0994 0.9921 -0.0768
vn 0.3290 0.8897 0.3166
vn -0.0069 0.9896 0.1439
vn -0.0032 0.9610 0.2765
vn -0.9330 0.3248 -0.1551
vn 0.1969 0.9804 -0.0032
vn 0.3524 0.9226 0.1572
vn 0.2562 0.9643 -0.0675
vn 0.0844 0.9875 -0.1331
vn -0.2053 0.9768 -0.0601
vn -0.0257 0.9996 -0.0106
vn -0.0082 0.9912 0.1318
vn 0.0726 0.9743 -0.2133
vn -0.0888 0.9830 -0.1608
vn -0.0021 0.9978 0.0667
vn 0.0730 0.9730 0.2188
vn 0.0149 0.9700 0.2428
vn -0.1299 0.9827 -0.1320
vn -0.1345 0.9863 0.0952
vn -0.0137 0.9994 -0.0319
vn -0.1061 0.9924 -0.0618
vn 0.2883 0.9552 -0.0674
vn 0.0248 0.9992 0.0316
vn 0.0221 0.9995 -0.0216
vn -0.8933 0.2762 -0.3544
vn 0.2582 0.9657 -0.0286
vn 0.4917 0.8485 -0.1958
vn -0.0851 0.9799 -0.1803
vn 0.0093 0.9964 -0.0844
vn 0.1115 0.9716 -0.2087
vn -0.2061 0.9780 -0.0333
vn 0.3341 0.9388 -0.0836
vn 0.1211 0.9755 -0.1836
vn 0.1619 0.9860 -0.0391
vn -0.1468 0.9890 0.0184
vn -0.1839 0.9814 0.0556
vn 0.1373 0.9715 -0.1931
vn -0.0137 0.9999 0.0081
vn 0.1382 0.9902 0.0217
vn 0.1843 0.9828 0.0131
vn 0.7734 0.2520 0.5817
vn 0.0112 0.9701 -0.2424
vn 0.0083 0.9973 0.0728
vn 0.1350 0.9609 -0.2420
vn 0.0027 0.9693 -0.2460
vn 0.2881 0.9549 -0.0715
vn 0.1406 0.9673 0.2110
vn 0.0079 0.9642 0.2650
vn -0.0508 0.9720 0.2293
vn -0.1813 0.9383 0.2945
vn 0.0622 0.9856 0.1572
vn -0.1513 0.9834 0.1003
vn -0.1586 0.9755 -0.1524
vn -0.0887 0.9949 -0.0486
vn -0.0024 1.0000 -0.0030
vn -0.2329 0.9717 -0.0406
vn -0.1472 0.9698 -0.1943
vn -0.9236 0.3551 -0.1442
vn -0.1883 0.9750 -0.1181
vn 0.0353 0.9993 0.0135
vn 0.1121 0.9881 -0.1052
vn -0.0140 0.9998 0.0115
vn 0.0560 0.9326 0.3564
vn -0.0589 0.8906 -0.4510
vn -0.0004 1.0000 -0.0007
vn 0.1379 0.9704 0.1983
vn 0.1328 0.9908 0.0258
vn 0.0021 1.0000 0.0057
vn 0.6944 0.3022 0.6531
vn -0.1824 0.8745 -0.4495
vn -0.0848 0.9963 -0.0130
vn 0.0262 0.9646 -0.2624
vn 0.0146 0.9998 0.0109
vn -0.1140 0.9857 0.1238
vn -0.0465 0.9951 0.0877
vn 0.1590 0.9634 0.2158
vn 0.5684 0.7056 0.4232
vn -0.0575 0.9859 -0.1569
vn -0.0029 1.0000 -0.0028
vn -0.2736 0.9436 -0.1865
vn -0.9253 0.3630 0.1097
vn 0.4247 0.8936 -0.1449
vn 0.2367 0.9682 -0.0811
vn 0.0182 0.9998 -0.0047
vn -0.2972 0.9363 -0.1870
vn 0.1196 0.9896 -0.0796
vn 0.3903 0.9066 -0.1602
vn -0.0857 0.9674 -0.2384
vn -0.0057 0.9613 -0.2754
vn -0.2128 0.9695 -0.1213
vn -0.0290 0.9993 -0.0256
vn 0.3220 0.8953 0.3078
vn 0.5886 0.5210 0.6182
vn 0.0559 0.9939 0.0949
vn 0.0120 0.9903 0.1386
vn -0.0725 0.9656 -0.2499
vn -0.0045 0.9723 -0.2335
vn 0.2404 0.9686 -0.0636
vn -0.0004 1.0000 0.0029
vn -0.1910 0.9812 0.0285
vn -0.0222 0.9868 0.1605
vn 0.0765 0.9754 -0.2066
vn -0.1309 0.9897 -0.0581
vn -0.0106 0.9999 0.0122
vn -0.0421 0.9846 -0.1700
vn -0.1234 0.9593 -0.2539
vn -0.2161 0.9760 -0.0275
vn -0.3580 0.9158 0.1818
vn 0.2875 0.9538 0.0874
vn 0.0358 0.9994 0.0015
vn -0.1252 0.9890 -0.0788
vn 0.1383 0.9744 -0.1770
vn -0.0011 1.0000 -0.0026
vn 0.1358 0.9845 0.1108
vn 0.2245 0.7870 0.5747
vn 0.1879 0.9718 0.1425
vn 0.0805 0.9823 0.1689
vn 0.5935 0.3156 0.7403
vn 0.0288 0.9964 0.0804
vn -0.0151 0.9975 -0.0692
vn -0.0444 0.9920 0.1182
vn -0.6933 0.6716 0.2615
vn -0.2217 0.9308 0.2907
vn 0.1277 0.9706 0.2041
vn 0.0062 1.0000 -0.0028
vn -0.0007 0.9999 0.0124
vn -0.0122 0.9999 -0.0108
vn -0.0016 1.0000 -0.0049
vn -0.9313 0.2935 0.2155
vn 0.3106 0.9500 0.0319
vn 0.3861 0.9103 0.1493
vn 0.3795 0.7651 0.5202
vn 0.0904 0.9507 -0.2967
vn 0.3510 0.9354 -0.0416
vn 0.2362 0.9508 0.2007
vn 0.0942 0.9659 0.2413
vn 0.2176 0.6934 0.6869
vn 0.1143 0.8017 0.5867
vn -0.0050 0.9150 0.4034
vn 0.0292 0.9754 0.2183
vn -0.2862 0.9552 -0.0747
vn 0.0104 0.9998 -0.0163
vn -0.1368 0.9906 -0.0030
vn 0.0083 0.9997 0.0231
vn 0.0988 0.9811 0.1666
vn 0.0239 0.9855 0.1680
vn -0.0004 0.9918 -0.1275
vn 0.0005 1.0000 -0.0033
vn -0.0916 0.9851 -0.1454
vn -0.2170 0.9754 0.0394
vn 0.2528 0.9674 0.0140
vn 0.0979 0.7766 0.6224
vn 0.1705 0.9730 0.1555
vn 0.2370 0.9408 0.2422
vn 0.0264 0.9991 0.0329
vn 0.4840 0.3686 0.7936
vn 0.2295 0.3863 0.8933
vn 0.0321 0.5850 0.8104
vn -0.0422 0.4746 0.8792
vn 0.0498 0.4156 0.9082
vn 0.0307 0.3950 0.9182
vn 0.0168 0.9987 0.0473
vn -0.0534 0.9490 0.3106
vn -0.1234 0.9006 0.4168
vn 0.2921 0.9513 -0.0986
vn 0.0324 0.9973 0.0660
vn 0.1298 0.9879 -0.0845
vn -0.0800 0.9767 0.1990
vn -0.0021 1.0000 -0.0011
vn -0.9477 0.3017 0.1038
vn 0.2986 0.9541 0.0230
vn -0.0496 0.9976 -0.0484
vn 0.2247 0.9622 0.1537
vn 0.0199 0.9998 -0.0011
vn 0.2478 0.9617 -0.1172
vn 0.1721 0.9637 0.2039
vn 0.0001 1.0000 0.0086
vn 0.1911 0.9638 0.1859
vn 0.0066 0.6809 0.7323
vn 0.1968 0.9803 -0.0162
vn -0.0001 1.0000 0.0021
vn 0.3030 0.5473 0.7802
vn -0.0417 0.4471 0.8935
vn 0.2519 0.5551 0.7927
vn 0.3148 0.5869 0.7460
vn 0.0498 0.4568 0.8882
vn 0.6132 0.7627 0.2056
vn 0.1228 0.6411 0.7576
vn -0.7385 0.6112 0.2848
vn -0.0085 0.9830 -0.1832
vn -0.3102 0.6146 0.7252
vn 0.0532 0.4477 0.8926
vn -0.0774 0.7625 0.6423
vn 0.5206 0.4582 0.7204
vn 0.0423 0.9033 0.4270
vn 0.0701 0.9968 -0.0380
vn 0.0586 0.9880 0.1429
vn -0.0013 0.9659 0.2589
vn -0.1820 0.9674 -0.1761
vn 0.0061 0.9997 0.0227
vn -0.6840 0.7286 -0.0358
vn 0.0001 0.9998 0.0194
vn -0.0912 0.9844 -0.1507
vn -0.0376 0.5006 0.8649
vn -0.2118 0.9711 0.1102
vn 0.2935 0.8977 -0.3285
vn 0.0158 0.9997 0.0172
vn -0.1641 0.9824 0.0891
vn 0.0247 0.9804 0.1953
vn 0.0847 0.9850 0.1506
vn 0.2231 0.9611 -0.1627
vn 0.1110 0.9680 -0.2249
vn 0.2100 0.8222 -0.5291
vn 0.3987 0.5680 -0.7200
vn 0.6439 0.7526 -0.1375
vn -0.4403 0.8972 -0.0352
vn 0.0257 0.9619 0.2720
vn 0.6524 0.3866 0.6519
vn 0.0516 0.9956 0.0781
vn 0.1472 0.4139 0.8983
vn 0.0031 1.0000 0.0077
vn 0.0015 1.0000 0.0029
vn -0.0019 0.9999 0.0119
vn -0.2068 0.9781 0.0229
vn 0.1748 0.9712 -0.1620
vn -0.9680 0.2466 -0.0460
vn 0.3371 0.9362 -0.0995
vn 0.2463 0.9463 -0.2093
vn 0.2016 0.9511 -0.2342
vn 0.0813 0.9964 -0.0232
vn 0.3850 0.8491 0.3617
vn 0.0388 0.9941 -0.1016
vn -0.2082 0.9721 0.1083
vn 0.1907 0.9676 -0.1652
vn 0.1954 0.9623 -0.1892
vn -0.0649 0.9963 -0.0557
vn 0.1993 0.9471 0.2516
vn -0.2099 0.9578 -0.1962
vn 0.2340 0.8321 -0.5029
vn 0.1816 0.8991 -0.3983
vn 0.1253 0.7984 -0.5890
vn 0.4431 0.8934 -0.0739
vn 0.1859 0.8470 -0.4981
vn 0.0234 0.8829 -0.4690
vn 0.1103 0.9938 0.0126
vn 0.1376 0.9904 0.0115
vn 0.6090 0.7730 -0.1778
vn -0.5077 0.8458 0.1641
vn -0.5169 0.8164 -0.2574
vn -0.0689 0.9956 -0.0636
vn -0.1651 0.9748 0.1502
vn 0.5471 0.6062 0.5772
vn -0.0320 0.9880 -0.1514
vn 0.1113 0.9769 0.1823
vn -0.0030 1.0000 0.0090
vn 0.0365 0.9993 0.0055
vn 0.2366 0.9716 0.0023
vn 0.0972 0.9952 -0.0142
vn 0.0485 0.9962 -0.0721
vn 0.2219 0.9750 0.0098
vn 0.0867 0.9962 0.0029
vn 0.2248 0.8588 -0.4603
vn 0.1524 0.9592 -0.2379
vn -0.0012 1.0000 -0.0011
vn -0.2059 0.9731 0.1028
vn -0.0002 1.0000 0.0003
vn -0.0034 1.0000 -0.0052
vn 0.1241 0.9713 -0.2028
vn 0.1403 0.9647 -0.2229
vn 0.1037 0.6562 -0.7474
vn 0.1415 0.9817 0.1277
vn 0.0326 0.8565 -0.5151
vn 0.2352 0.8628 -0.4476
vn 0.6329 0.6970 -0.3370
vn 0.1434 0.9873 0.0683
vn -0.2772 0.9567 -0.0890
vn -0.0061 1.0000 -0.0045
vn -0.1434 0.9759 -0.1645
vn -0.9643 0.2400 -0.1121
vn -0.5129 0.8168 -0.2642
vn 0.1836 0.9790 0.0886
vn 0.3872 0.9205 -0.0517
vn 0.0671 0.9975 -0.0231
vn 0.1110 0.9909 -0.0764
vn 0.1257 0.9886 -0.0829
vn 0.2267 0.9740 0.0059
vn 0.1946 0.9727 -0.1266
vn -0.1063 0.9776 0.1819
vn -0.2128 0.9713 0.1063
vn 0.1822 0.9679 -0.1730
vn -0.0471 0.9981 -0.0392
vn -0.1473 0.9796 -0.1369
vn 0.1065 0.9517 -0.2878
vn -0.0554 0.9984 -0.0132
vn 0.2527 0.5506 -0.7956
vn -0.2676 0.9230 -0.2764
vn 0.4195 0.4786 -0.7714
vn 0.2044 0.4187 0.8848
vn -0.0089 0.8996 -0.4366
vn 0.0457 0.9961 0.0756
vn 0.6555 0.3958 0.6432
vn -0.0682 0.9968 -0.0427
vn -0.1289 0.9816 -0.1407
vn 0.0259 0.9997 -0.0001
vn 0.1968 0.9670 -0.1619
vn -0.6475 0.7558 0.0969
vn -0.2008 0.9717 0.1245
vn -0.2320 0.9727 0.0008
vn 0.0052 1.0000 0.0048
vn -0.3183 0.8527 0.4142
vn -0.0305 0.9826 0.1835
vn 0.0418 0.9989 -0.0222
vn 0.0575 0.9862 -0.1552
vn 0.1813 0.4886 -0.8535
vn 0.3672 0.5118 -0.7767
vn 0.3158 0.9356 0.1577
vn 0.2561 0.4099 -0.8754
vn -0.0249 0.8451 -0.5340
vn 0.0798 0.7836 -0.6161
vn 0.0145 0.7892 -0.6140
vn 0.0502 0.8166 -0.5751
vn 0.3412 0.7682 -0.5417
vn -0.4864 0.8099 0.3278
vn -0.2463 0.9685 0.0382
vn -0.4204 0.8939 -0.1554
vn 0.9166 0.3995 0.0135
vn -0.0000 0.9986 0.0522
vn 0.0692 0.9934 -0.0910
vn -0.0098 0.9999 -0.0054
vn -0.0037 1.0000 -0.0002
vn 0.0005 1.0000 -0.0006
vn 0.2845 0.9113 -0.2976
vn 0.1840 0.9781 0.0974
vn -0.0282 0.9993 -0.0254
vn -0.1332 0.9902 0.0417
vn -0.1829 0.9688 0.1674
vn 0.0251 0.6284 -0.7775
vn 0.1327 0.9854 -0.1071
vn 0.0425 0.9984 -0.0379
vn 0.1935 0.9727 -0.1282
vn -0.2594 0.9658 -0.0058
vn -0.2168 0.9762 0.0008
vn -0.1658 0.9855 0.0358
vn 0.2546 0.9669 -0.0166
vn 0.2533 0.9322 -0.2584
vn 0.7276 0.5029 -0.4665
vn 0.1339 0.7126 -0.6886
vn 0.1756 0.9439 -0.2796
vn 0.0546 0.9515 -0.3027
vn 0.0356 0.7586 -0.6506
vn 0.1805 0.5910 -0.7862
vn -0.0576 0.6800 -0.7310
vn -0.4217 0.8856 0.1947
vn 0.1396 0.6792 -0.7206
vn -0.2226 0.9608 -0.1654
vn -0.2309 0.9522 -0.2002
vn -0.0848 0.9949 -0.0554
vn -0.5529 0.8332 0.0118
vn -0.1662 0.9594 -0.2279
vn 0.0712 0.9880 -0.1371
vn -0.0253 0.9699 -0.2422
vn -0.0480 0.9736 -0.2231
vn -0.0428 0.9989 0.0192
vn -0.9659 0.2457 0.0822
vn 0.5057 0.8623 -0.0274
vn 0.1278 0.9808 -0.1476
vn 0.0011 1.0000 -0.0009
vn 0.2620 0.9564 -0.1292
vn 0.1735 0.9795 -0.1024
vn -0.2363 0.9717 0.0059
vn 0.2129 0.9766 -0.0293
vn -0.2292 0.9734 0.0018
vn 0.5174 0.7941 -0.3190
vn 0.7443 0.4736 -0.4708
vn 0.0174 0.9904 -0.1369
vn 0.1234 0.9168 -0.3799
vn 0.0458 0.8932 -0.4473
vn 0.2033 0.9080 -0.3663
vn 0.1863 0.7822 -0.5946
vn 0.2414 0.7512 -0.6143
vn -0.2064 0.9556 -0.2104
vn 0.9047 0.4201 0.0704
vn 0.1070 0.9770 -0.1847
vn 0.1310 0.8934 -0.4298
vn -0.0909 0.8268 -0.5551
vn -0.0863 0.9914 -0.0982
vn -0.2520 0.9536 -0.1648
vn -0.0057 0.9999 -0.0102
vn -0.3007 0.9423 -0.1468
vn 0.0312 0.9960 -0.0840
vn -0.9410 0.2677 0.2071
vn 0.1440 0.9771 -0.1569
vn -0.2427 0.9701 0.0042
vn -0.7331 0.4479 0.5118
vn 0.3578 0.9253 -0.1259
vn 0.2346 0.9721 -0.0077
vn 0.1127 0.9926 -0.0463
vn 0.2321 0.9665 -0.1098
vn 0.0411 0.9982 -0.0425
vn 0.0489 0.9984 -0.0300
vn 0.0997 0.9834 -0.1514
vn -0.2162 0.9759 -0.0292
vn -0.1157 0.9837 -0.1373
vn 0.4662 0.6987 -0.5427
vn -0.0048 1.0000 -0.0045
vn 0.6347 0.4280 -0.6433
vn 0.3344 0.7809 -0.5276
vn 0.3344 0.6285 -0.7022
vn 0.0062 0.7079 -0.7063
vn 0.2004 0.6563 -0.7274
vn 0.6702 0.6665 0.3265
vn 0.1327 0.9545 0.2671
vn 0.1406 0.9003 0.4119
vn -0.0972 0.9356 0.3393
vn -0.0443 0.9609 0.2734
vn -0.2812 0.8918 0.3544
vn -0.3644 0.9312 0.0120
vn -0.0762 0.9954 -0.0575
vn -0.1563 0.9866 -0.0478
vn -0.1354 0.9833 0.1218
vn 0.7101 0.4104 0.5721
vn 0.0158 0.8925 -0.4508
vn -0.1303 0.9914 0.0125
vn -0.0465 0.9904 -0.1303
vn -0.5685 0.6637 0.4862
vn -0.7116 0.6088 -0.3508
vn 0.0931 0.9837 -0.1540
vn 0.0599 0.9950 -0.0800
vn 0.2505 0.9364 -0.2459
vn 0.2020 0.9773 -0.0637
vn 0.2285 0.9521 -0.2030
vn -0.1808 0.9827 0.0391
vn 0.0024 1.0000 -0.0006
vn 0.2761 0.9261 -0.2572
vn 0.1486 0.9858 -0.0787
vn -0.0409 0.9921 0.1186
vn 0.0166 0.9733 -0.2291
vn 0.1823 0.7580 -0.6262
vn 0.8086 0.3186 -0.4946
vn -0.0321 0.6125 -0.7899
vn -0.4958 0.8683 -0.0146
vn -0.2570 0.9562 -0.1402
vn 0.2017 0.9775 0.0613
vn 0.1546 0.9040 0.3985
vn -0.0569 0.9976 0.0400
vn -0.1540 0.9797 0.1282
vn 0.1471 0.9658 -0.2133
vn 0.9182 0.3818 0.1053
vn 0.1200 0.9553 -0.2701
vn 0.0416 0.9817 -0.1858
vn 0.0803 0.9948 -0.0620
vn -0.7672 0.3939 0.5061
vn -0.4714 0.8671 -0.1612
vn -0.5737 0.5976 0.5602
vn 0.0830 0.9726 -0.2171
vn 0.4127 0.9079 -0.0739
vn 0.2531 0.9350 -0.2484
vn -0.0124 0.9885 -0.1504
vn -0.0966 0.9672 -0.2351
vn 0.2113 0.9623 -0.1711
vn 0.0378 0.9972 -0.0639
vn -0.1279 0.9918 -0.0068
vn -0.0229 0.9997 0.0005
vn -0.2593 0.9352 -0.2412
vn 0.0452 0.9989 0.0086
vn 0.1573 0.9876 0.0027
vn 0.2578 0.9661 -0.0137
vn 0.8490 0.4627 -0.2551
vn 0.6109 0.4521 -0.6499
vn -0.1564 0.9779 -0.1385
vn 0.5092 0.8560 -0.0893
vn 0.5841 0.8036 -0.1144
vn 0.2224 0.8518 -0.4742
vn 0.0085 0.9544 -0.2983
vn 0.3908 0.9147 -0.1028
vn -0.0291 0.9579 -0.2855
vn -0.4516 0.6586 -0.6019
vn -0.1169 0.9466 -0.3003
vn -0.4928 0.7368 -0.4629
vn 0.1517 0.9748 0.1634
vn 0.7807 0.4093 -0.4722
vn -0.0714 0.9716 -0.2256
vn -0.7819 0.6086 0.1352
vn -0.0692 0.9217 -0.3818
vn -0.1190 0.9926 -0.0255
vn 0.2165 0.9438 -0.2498
vn -0.0421 0.9990 -0.0165
vn 0.2323 0.9439 -0.2346
vn -0.2741 0.9611 -0.0332
vn -0.0584 0.9983 -0.0060
vn -0.3066 0.9490 -0.0729
vn -0.1129 0.9856 -0.1259
vn 0.2173 0.8681 0.4462
vn 0.0393 0.9992 -0.0125
vn 0.7694 0.6312 -0.0980
vn 0.5566 0.8197 -0.1352
vn -0.0368 0.9988 0.0337
vn 0.0294 0.9883 0.1496
vn 0.2512 0.9500 -0.1854
vn -0.2842 0.7145 -0.6393
vn -0.1639 0.7843 -0.5983
vn -0.1994 0.8533 -0.4817
vn -0.1218 0.9703 -0.2090
vn -0.1987 0.9800 0.0089
vn -0.3607 0.9300 -0.0713
vn -0.1885 0.9662 0.1760
vn 0.7064 0.6503 0.2795
vn -0.2247 0.9744 -0.0058
vn -0.2158 0.9764 -0.0061
vn -0.2406 0.9703 0.0250
vn 0.8093 0.4189 0.4119
vn 0.1928 0.9786 -0.0724
vn 0.0294 0.9981 -0.0544
vn 0.0807 0.9967 -0.0017
vn 0.0753 0.9917 -0.1046
vn -0.1386 0.9758 -0.1690
vn -0.9587 0.2528 0.1300
vn -0.4447 0.8936 -0.0604
vn -0.1137 0.9877 -0.1077
vn 0.0065 0.9739 -0.2270
vn -0.2656 0.8832 -0.3866
vn 0.1613 0.9638 -0.2124
vn 0.3714 -0.2173 -0.9027
vn 0.5756 0.6292 -0.5223
vn 0.0026 1.0000 -0.0017
vn 0.1038 0.9933 -0.0508
vn 0.2844 0.9231 -0.2589
vn 0.7645 0.4791 -0.4313
vn 0.2975 0.9532 -0.0536
vn -0.0883 0.9949 -0.0484
vn 0.4129 0.8608 0.2975
vn 0.2420 0.9541 0.1764
vn 0.4643 0.8668 -0.1820
vn 0.0935 0.9944 -0.0491
vn 0.0262 0.9994 0.0218
vn -0.2012 0.9326 -0.2998
vn -0.1259 0.9762 -0.1765
vn -0.3157 0.9096 -0.2701
vn -0.0011 0.8965 -0.4430
vn -0.4584 0.8887 -0.0041
vn -0.3206 0.9276 0.1919
vn -0.0230 0.9883 0.1511
vn 0.3039 0.9505 -0.0649
vn -0.0304 0.9716 -0.2345
vn -0.2612 0.9355 -0.2380
vn -0.9376 0.2728 -0.2156
vn -0.0862 0.9866 -0.1385
vn 0.0143 0.9792 -0.2024
vn -0.0352 0.9994 -0.0074
vn 0.1602 0.9770 -0.1404
vn 0.2645 0.9343 -0.2390
vn -0.1474 0.9779 -0.1481
vn 0.2313 0.9436 -0.2369
vn -0.0075 0.9564 -0.2920
vn -0.3423 0.8801 -0.3291
vn -0.0416 0.9854 -0.1650
vn 0.2319 0.9637 -0.1324
vn 0.4216 0.8802 -0.2180
vn 0.2479 0.9672 -0.0549
vn 0.4188 0.8307 -0.3667
vn 0.8180 0.4801 -0.3169
vn 0.2474 0.9309 -0.2686
vn 0.3389 0.9010 -0.2708
vn 0.2599 0.9385 -0.2274
vn -0.0132 0.9701 0.2423
vn 0.0036 0.9740 0.2264
vn -0.3123 0.7266 -0.6120
vn -0.1323 0.9724 -0.1924
vn -0.3322 0.9310 -0.1512
vn -0.0960 0.9954 -0.0073
vn -0.2074 0.9782 0.0103
vn 0.7953 0.3977 -0.4576
vn 0.2023 0.9528 -0.2263
vn 0.0166 0.9757 -0.2184
vn -0.6845 0.4079 0.6042
vn 0.0098 0.9876 -0.1566
vn 0.2363 0.9424 -0.2367
vn -0.3595 0.9223 -0.1419
vn -0.0127 0.9998 -0.0141
vn -0.3720 0.8034 0.4649
vn 0.5608 0.7621 -0.3236
vn -0.4231 0.8948 0.1424
vn 0.2037 0.9727 -0.1113
vn 0.2702 0.9281 -0.2562
vn 0.2091 0.9451 -0.2509
vn 0.2277 0.9459 -0.2314
vn 0.0426 0.9965 -0.0724
vn 0.1143 0.9818 -0.1515
vn -0.0969 0.9946 -0.0361
vn -0.2476 0.9689 -0.0019
vn 0.4776 0.6264 -0.6161
vn 0.1968 0.9772 -0.0798
vn 0.0377 0.9918 -0.1219
vn 0.2156 0.8757 -0.4321
vn -0.1406 0.9822 -0.1245
vn -0.0381 0.9977 0.0559
vn 0.1400 0.9288 0.3431
vn -0.3509 0.9248 -0.1470
vn 0.0139 0.9962 -0.0861
vn -0.1788 0.9839 0.0024
vn -0.3315 0.9434 -0.0119
vn -0.2957 0.9498 0.1018
vn -0.6792 0.4608 0.5712
vn -0.1374 0.9607 0.2412
vn 0.2206 0.9478 -0.2302
vn -0.1556 0.9787 0.1342
vn 0.1986 0.9748 -0.1011
vn 0.5394 0.7896 -0.2925
vn 0.4164 0.9087 -0.0290
vn -0.0271 0.9973 -0.0683
vn 0.0581 0.9779 -0.2010
vn -0.0107 0.9789 -0.2041
vn 0.3074 0.9018 -0.3038
vn 0.2200 0.8580 -0.4642
vn 0.2207 0.9724 -0.0758
vn 0.0305 0.9963 -0.0809
vn -0.1115 0.9561 -0.2709
vn 0.2710 0.9159 -0.2962
vn 0.4820 0.5843 -0.6529
vn 0.3809 0.9079 -0.1750
vn 0.3277 0.8879 -0.3229
vn 0.1958 0.8831 -0.4263
vn 0.1626 0.9866 -0.0157
vn -0.0742 0.9870 0.1424
vn -0.1258 0.9790 0.1603
vn 0.3934 0.9119 -0.1172
vn -0.1490 0.9587 -0.2422
vn -0.0072 0.9999 -0.0109
vn -0.2513 0.8568 -0.4503
vn -0.3803 0.7817 -0.4942
vn -0.0687 0.9959 -0.0582
vn -0.2684 0.9336 -0.2373
vn -0.0094 0.9748 -0.2230
vn -0.1216 0.9787 -0.1654
vn -0.1113 0.9615 -0.2514
vn -0.3561 0.8817 0.3096
vn 0.1269 0.9873 -0.0956
vn 0.9184 0.3043 -0.2528
vn 0.1521 0.9587 -0.2405
vn 0.2347 0.9438 -0.2329
vn -0.4957 0.3611 0.7898
vn 0.0137 0.9750 -0.2217
vn 0.4452 0.8932 0.0640
vn 0.3960 0.8581 -0.3270
vn -0.2187 0.9421 -0.2544
vn -0.1174 0.9863 -0.1161
vn 0.1298 0.9891 -0.0700
vn -0.5223 0.8374 -0.1611
vn -0.0355 0.9977 0.0574
vn 0.2484 0.9665 -0.0651
vn 0.2658 0.9601 -0.0865
vn 0.3051 0.8403 -0.4481
vn 0.4862 0.8714 0.0658
vn 0.3808 0.9067 -0.1813
vn 0.7259 0.6400 -0.2520
vn 0.1435 0.9384 -0.3144
vn 0.2759 0.8902 -0.3624
vn -0.0497 0.9887 -0.1414
vn -0.5107 0.7759 -0.3702
vn 0.2668 0.9439 -0.1946
vn 0.3116 0.9314 -0.1881
vn -0.3300 0.9415 0.0680
vn -0.2184 0.9167 0.3347
vn -0.4667 0.8320 0.2999
vn 0.3342 0.8594 -0.3871
vn -0.1656 0.9859 -0.0232
vn 0.7034 0.3226 -0.6334
vn 0.0086 0.9997 -0.0217
vn 0.2352 0.9446 -0.2288
vn -0.5293 0.8478 -0.0334
vn -0.0615 0.9981 -0.0084
vn 0.5247 0.7969 -0.2993
vn 0.0142 0.9998 0.0116
vn 0.0004 0.9990 -0.0440
vn -0.3733 0.8989 0.2292
vn 0.0212 0.9730 -0.2297
vn 0.1122 0.9578 -0.2645
vn 0.2776 0.9464 -0.1650
vn -0.0043 0.9692 -0.2464
vn 0.1312 0.9846 -0.1154
vn 0.1255 0.9919 0.0178
vn -0.5809 0.8098 -0.0820
vn 0.1636 0.9806 -0.1081
vn 0.1454 0.9850 -0.0932
vn 0.4282 0.9029 -0.0374
vn 0.4004 0.8693 -0.2898
vn -0.3499 0.8729 -0.3401
vn -0.4309 0.9024 -0.0075
vn -0.1676 0.9581 0.2322
vn -0.2851 0.8733 0.3950
vn -0.1861 0.9747 -0.1236
vn -0.1920 0.9398 -0.2827
vn 0.7047 0.4538 -0.5454
vn -0.5472 0.8150 -0.1907
vn 0.0786 0.9744 -0.2105
vn 0.0182 0.9917 -0.1272
vn 0.2121 0.9692 -0.1249
vn -0.9748 0.2230 0.0089
vn -0.0277 0.9907 -0.1335
vn 0.5078 0.7891 -0.3456
vn 0.2543 0.9585 -0.1292
vn -0.0159 0.9981 -0.0593
vn 0.1889 0.9514 -0.2434
vn -0.0160 0.9997 -0.0174
vn 0.1552 0.9405 -0.3022
vn 0.1773 0.9362 -0.3035
vn -0.3777 0.9157 -0.1372
vn -0.2214 0.9745 -0.0376
vn -0.0361 0.9842 0.1735
vn 0.2240 0.9537 -0.2004
vn 0.2735 0.9619 0.0025
vn 0.1911 0.9790 -0.0712
vn 0.4170 0.8866 -0.2000
vn 0.2234 0.9463 -0.2338
vn -0.2601 0.6660 -0.6991
vn 0.2291 0.9678 -0.1045
vn 0.3479 0.8107 0.4709
vn -0.2401 0.9323 -0.2705
vn -0.3035 0.9019 -0.3075
vn 0.2057 0.4061 -0.8904
vn 0.2890 0.3301 -0.8986
vn -0.3374 0.9285 -0.1548
vn 0.0165 0.9770 -0.2124
vn 0.2194 0.9490 -0.2265
vn -0.0231 0.9874 -0.1565
vn 0.1212 0.9806 -0.1542
vn 0.5496 0.8112 -0.2000
vn 0.1200 0.9650 -0.2331
vn 0.2157 0.9448 -0.2468
vn 0.0012 0.9941 0.1081
vn 0.1615 0.9483 -0.2732
vn -0.0250 0.9997 -0.0044
vn 0.1818 0.9822 -0.0471
vn 0.1439 0.9792 -0.1431
vn 0.3412 0.9154 -0.2138
vn 0.2568 0.9404 -0.2231
vn 0.1245 0.9829 -0.1357
vn 0.4930 0.8199 -0.2912
vn 0.2263 0.9489 -0.2197
vn 0.6458 0.7492 -0.1473
vn 0.4552 0.8737 -0.1715
vn 0.2215 0.9481 -0.2283
vn -0.2344 0.9712 0.0422
vn 0.1820 0.9519 0.2463
vn -0.2176 0.9488 0.2289
vn 0.3092 0.9498 -0.0485
vn 0.0413 0.8497 -0.5256
vn -0.0002 0.9999 -0.0155
vn -0.4100 0.8161 -0.4073
vn -0.5000 0.7282 -0.4687
vn -0.1955 0.9272 -0.3194
vn -0.1050 0.9507 -0.2918
vn 0.3887 0.4384 -0.8104
vn 0.1088 0.9799 -0.1674
vn -0.9714 0.2291 -0.0619
vn 0.0746 0.9908 -0.1130
vn -0.3930 0.9037 0.1699
vn -0.1050 0.9173 -0.3842
vn -0.3214 0.9065 -0.2738
vn -0.1993 0.9681 -0.1518
vn -0.4560 0.8885 -0.0514
vn 0.2971 0.9317 -0.2092
vn 0.1777 0.9587 -0.2219
vn -0.0142 0.9749 -0.2221
vn 0.0045 0.9768 -0.2142
vn 0.0422 0.9670 -0.2511
vn 0.2282 0.9622 -0.1485
vn 0.2072 0.9691 -0.1338
vn -0.6609 0.7505 0.0062
vn 0.3798 0.9249 -0.0163
vn 0.4625 0.8772 -0.1288
vn 0.5194 0.8013 -0.2967
vn 0.7481 0.6610 -0.0596
vn 0.3043 0.9360 -0.1767
vn 0.0014 1.0000 0.0039
vn -0.0111 0.9998 0.0141
vn 0.1691 0.9807 -0.0981
vn 0.0525 0.9972 -0.0534
vn -0.2129 0.9718 -0.1013
vn 0.4819 0.8104 0.3331
vn 0.0041 1.0000 -0.0004
vn 0.3011 0.6258 -0.7195
vn 0.0256 0.9983 0.0519
vn 0.0856 0.9353 -0.3435
vn 0.2060 0.9565 -0.2068
vn 0.2002 0.9699 -0.1386
vn 0.1763 0.9622 -0.2078
vn 0.0717 0.9938 -0.0854
vn -0.4653 0.8776 -0.1150
vn -0.3127 0.9497 0.0141
vn 0.3833 0.8927 -0.2372
vn 0.3612 0.9199 -0.1526
vn -0.0001 0.9983 -0.0589
vn 0.0928 0.9944 -0.0514
vn -0.0047 0.9925 -0.1225
vn -0.2794 0.9358 0.2149
vn 0.2231 0.9693 0.1032
vn 0.1757 0.9844 -0.0122
vn -0.4964 0.8627 -0.0963
vn -0.3244 0.9458 -0.0158
vn -0.1480 0.9864 -0.0717
vn 0.0077 1.0000 0.0002
vn 0.0945 0.9955 0.0030
vn 0.4414 0.8973 -0.0035
vn -0.9637 0.2660 -0.0239
vn 0.6280 0.7182 -0.2996
vn 0.5938 0.8009 -0.0766
vn 0.3014 0.9348 -0.1879
vn 0.1369 0.9868 -0.0869
vn -0.1753 0.9681 0.1793
vn 0.4512 0.8863 -0.1043
vn -0.2358 0.9718 0.0094
vn 0.1509 0.9875 -0.0461
vn -0.4022 0.7900 -0.4628
vn -0.0070 0.6871 -0.7265
vn 0.0021 0.8269 -0.5623
vn 0.0600 0.9929 -0.1023
vn 0.0145 0.9725 -0.2325
vn 0.0936 0.9787 -0.1827
vn 0.1075 0.9850 -0.1353
vn -0.2419 0.9411 -0.2362
vn -0.5083 0.8589 -0.0618
vn -0.1158 0.9890 -0.0922
vn -0.5081 0.8588 0.0657
vn 0.1085 0.9891 -0.0998
vn 0.2256 0.9123 -0.3418
vn 0.3923 0.8792 -0.2705
vn 0.1630 0.9727 -0.1654
vn 0.0473 0.9964 -0.0700
vn -0.2152 0.9702 0.1114
vn 0.1914 0.9561 -0.2220
vn 0.0507 0.9780 -0.2022
vn 0.2163 0.9549 -0.2034
vn -0.2133 0.9768 -0.0189
vn -0.0075 1.0000 0.0027
vn 0.6249 0.7659 -0.1515
vn 0.1511 0.9854 -0.0789
vn 0.0656 0.9977 0.0175
vn -0.0031 1.0000 0.0010
vn 0.0208 0.9985 -0.0504
vn 0.0614 0.9958 -0.0685
vn 0.1709 0.9688 -0.1795
vn -0.3047 0.9438 -0.1278
vn -0.0159 0.9999 -0.0066
vn -0.1991 0.6447 -0.7381
vn -0.1748 0.7735 -0.6092
vn 0.2688 0.9494 -0.1625
vn 0.0338 0.9712 -0.2359
vn 0.1840 0.9609 -0.2069
vn 0.0689 0.9822 -0.1745
vn 0.0730 0.9936 -0.0858
vn -0.4308 0.9019 0.0310
vn -0.0902 0.9838 -0.1546
vn 0.2895 0.9394 -0.1837
vn 0.0692 0.9722 -0.2239
vn 0.0375 0.9993 -0.0059
vn -0.0705 0.9902 -0.1206
vn 0.5930 0.8051 -0.0124
vn 0.1958 0.9483 -0.2500
vn 0.1395 0.9765 0.1641
vn -0.0890 0.9892 0.1166
vn -0.4063 0.9072 -0.1095
vn 0.5145 0.8574 -0.0149
vn 0.1015 0.9931 -0.0586
vn 0.4973 0.8674 -0.0190
vn 0.6278 0.7753 -0.0692
vn 0.3889 0.9136 0.1189
vn 0.0859 0.9723 -0.2175
vn 0.4327 0.9007 -0.0386
vn -0.2354 0.9484 0.2122
vn -0.0399 0.9128 0.4065
vn -0.1433 0.8879 -0.4372
vn -0.1965 0.8124 -0.5491
vn -0.0068 0.9976 -0.0685
vn 0.0787 0.9782 -0.1920
vn -0.0764 0.9942 -0.0755
vn -0.4942 0.8450 -0.2044
vn -0.9625 0.2634 0.0644
vn -0.5546 0.8295 -0.0658
vn 0.1695 0.9569 -0.2357
vn -0.1279 0.9457 -0.2989
vn 0.5417 0.7794 -0.3147
vn 0.1570 0.9569 -0.2442
vn 0.3065 0.8936 -0.3279
vn 0.0375 0.9381 -0.3442
vn -0.0031 0.9696 -0.2446
vn 0.2152 0.9537 -0.2100
vn 0.0252 0.9676 -0.2511
vn -0.0525 0.9965 0.0649
vn -0.2175 0.9220 0.3204
vn -0.1863 0.9819 -0.0353
vn -0.1643 0.9855 -0.0421
vn 0.4058 0.9139 -0.0090
vn 0.1125 0.9934 0.0244
vn 0.1023 0.7588 0.6433
vn -0.1518 0.9884 -0.0008
vn -0.1779 0.9788 0.1015
vn -0.2150 0.9459 -0.2429
vn -0.4690 0.7982 -0.3780
vn -0.3644 0.9076 0.2086
vn 0.2590 0.5682 0.7811
vn -0.1869 0.9743 -0.1259
vn 0.1304 0.9713 -0.1989
vn -0.0080 0.9705 -0.2410
vn -0.0000 0.9701 -0.2425
vn -0.0277 0.9964 0.0803
vn 0.0308 0.9934 -0.1103
vn 0.1888 0.9568 -0.2211
vn -0.8380 0.3244 0.4388
vn 0.0638 0.9975 0.0306
vn 0.2194 0.9512 -0.2168
vn 0.2257 0.8797 -0.4185
vn 0.2476 0.9679 -0.0435
vn 0.1303 0.9863 -0.1011
vn 0.0264 0.9636 -0.2661
vn 0.3616 0.8859 -0.2905
vn -0.0127 0.9999 -0.0048
vn 0.1952 0.9734 -0.1196
vn 0.0038 1.0000 0.0028
vn 0.0137 0.9999 -0.0002
vn 0.3697 0.9157 0.1577
vn -0.5225 0.8310 -0.1906
vn 0.3467 0.9380 -0.0022
vn 0.1252 0.9844 -0.1234
vn 0.2057 0.9565 -0.2070
vn -0.0119 0.9651 0.2616
vn -0.9389 0.2639 0.2208
vn -0.2413 0.9490 0.2029
vn 0.3180 0.9054 0.2811
vn -0.2333 0.9471 0.2205
vn 0.3388 0.5918 0.7315
vn 0.3801 0.8228 0.4224
vn 0.1236 0.9835 -0.1319
vn 0.1083 0.9776 -0.1807
vn 0.0785 0.9780 -0.1932
vn -0.4844 0.8473 0.2178
vn 0.2015 0.9428 -0.2656
vn 0.0483 0.9759 0.2126
vn 0.2206 0.9491 -0.2249
vn -0.0691 0.9974 -0.0193
vn 0.0506 0.9853 -0.1631
vn -0.0402 0.9612 -0.2730
vn -0.2198 0.9746 -0.0421
vn -0.1058 0.9482 -0.2995
vn -0.0434 0.9128 -0.4062
vn 0.2505 0.8315 -0.4958
vn -0.0690 0.9974 -0.0188
vn -0.2307 0.9723 0.0386
vn 0.6529 0.7461 -0.1304
vn 0.6519 0.7540 0.0804
vn -0.3972 0.8187 0.4147
vn 0.2054 0.9567 -0.2064
vn 0.2411 0.9703 0.0220
vn -0.3005 0.9513 -0.0685
vn -0.0066 1.0000 -0.0044
vn 0.0151 0.9920 -0.1257
vn -0.7645 0.6407 -0.0717
vn -0.1917 0.9770 -0.0937
vn 0.8252 0.5643 0.0242
vn 0.0246 0.9801 0.1970
vn -0.0735 0.9788 0.1911
vn -0.0407 0.9991 0.0119
vn 0.1353 0.9697 -0.2036
vn -0.0055 0.9753 -0.2209
vn 0.0692 0.9683 -0.2401
vn -0.2095 0.9775 -0.0232
vn -0.2110 0.9679 0.1364
vn -0.4756 0.8680 0.1430
vn -0.9601 0.2542 0.1168
vn 0.2653 0.9284 -0.2601
vn -0.0087 0.9998 -0.0164
vn -0.0291 0.9906 -0.1339
vn 0.1927 0.9811 0.0180
vn 0.2190 0.9489 -0.2271
vn 0.0311 0.9757 -0.2171
vn 0.1086 0.9858 -0.1278
vn 0.2514 0.8700 -0.4242
vn 0.0070 0.9993 -0.0368
vn 0.0782 0.9573 -0.2782
vn 0.2329 0.9443 -0.2327
vn -0.2374 0.9411 0.2410
vn -0.1372 0.9755 0.1717
vn -0.2115 0.9773 0.0072
vn 0.1385 0.9878 -0.0713
vn 0.5456 0.8377 0.0243
vn 0.2533 0.9674 -0.0039
vn -0.0027 1.0000 0.0024
vn 0.2826 0.9570 0.0656
vn 0.1284 0.9901 -0.0562
vn 0.2693 0.9566 -0.1110
vn -0.2725 0.9622 0.0002
vn 0.2898 0.9532 0.0860
vn 0.6981 0.7063 0.1171
vn 0.1011 0.9889 -0.1088
vn -0.0143 0.9996 -0.0249
vn 0.1358 0.9646 -0.2259
vn 0.4270 0.8402 -0.3344
vn -0.3927 0.8967 0.2043
vn -0.8343 0.2597 0.4862
vn 0.4330 0.7975 -0.4201
vn 0.1315 0.9692 -0.2081
vn -0.0715 0.9500 -0.3040
vn 0.1690 0.9480 -0.2697
vn 0.1576 0.9870 0.0300
vn 0.2078 0.9441 -0.2558
vn 0.3227 0.8878 -0.3281
vn -0.0767 0.9507 0.3004
vn -0.2237 0.9746 0.0048
vn -0.2035 0.9658 0.1607
vn 0.2286 0.9735 0.0008
vn 0.4248 0.8801 0.2122
vn 0.5786 0.8156 0.0045
vn 0.6800 0.7331 -0.0097
vn -0.1293 0.9916 0.0054
vn 0.0551 0.9923 0.1106
vn -0.4744 0.8225 0.3139
vn -0.2204 0.9665 -0.1318
vn -0.3253 0.9319 0.1606
vn 0.7683 0.5338 0.3532
vn 0.1567 0.9676 -0.1981
vn -0.0073 0.9998 -0.0173
vn -0.2050 0.9786 0.0153
vn 0.0654 0.9953 0.0715
vn -0.0285 0.9633 -0.2668
vn 0.4784 0.8383 -0.2615
vn 0.4842 0.8664 -0.1216
vn 0.2180 0.9273 -0.3043
vn 0.1591 0.9510 -0.2650
vn 0.2015 0.8972 -0.3929
vn -0.2437 0.9323 0.2673
vn -0.1633 0.9848 0.0588
vn 0.2362 0.9648 -0.1155
vn 0.6129 0.7902 -0.0014
vn -0.0089 0.9999 0.0144
vn 0.0054 1.0000 -0.0081
vn 0.0573 0.9897 -0.1315
vn 0.0034 0.9984 -0.0562
vn -0.0569 0.9706 0.2340
vn -0.2049 0.8800 0.4284
vn 0.8950 0.4410 0.0666
vn -0.2328 0.9419 0.2421
vn 0.0842 0.9900 -0.1133
vn -0.4290 0.8940 0.1297
vn -0.3224 0.9431 0.0812
vn -0.8351 0.2943 0.4648
vn 0.4563 0.8579 -0.2363
vn -0.0424 0.9241 -0.3797
vn 0.2103 0.9291 -0.3042
vn 0.2115 0.9384 -0.2732
vn -0.0825 0.9850 0.1517
vn 0.1350 0.9044 -0.4048
vn -0.0006 0.9105 -0.4135
vn 0.1446 0.9282 -0.3428
vn 0.2319 0.8997 -0.3698
vn 0.2510 0.9231 -0.2913
vn 0.0023 0.9694 0.2455
vn -0.1301 0.9695 0.2078
vn 0.0001 1.0000 -0.0050
vn 0.1831 0.9761 0.1167
vn 0.3744 0.8878 0.2676
vn 0.2722 0.9351 0.2271
vn 0.4486 0.8926 -0.0439
vn 0.6671 0.7383 0.0993
vn 0.1446 0.9887 -0.0389
vn 0.1819 0.9659 -0.1843
vn 0.1740 0.9722 -0.1567
vn -0.2861 0.9578 0.0272
vn -0.2426 0.9701 -0.0058
vn 0.0996 0.9943 -0.0390
vn 0.6355 0.7073 -0.3096
vn 0.0608 0.9526 0.2982
vn 0.0714 0.9885 -0.1335
vn -0.0001 0.9969 -0.0792
vn 0.0934 0.9198 -0.3810
vn -0.9014 0.4207 -0.1027
vn -0.2232 0.9744 0.0275
vn 0.1798 0.9446 -0.2746
vn 0.4181 0.9076 0.0383
vn 0.2291 0.9280 -0.2937
vn 0.2355 0.9429 -0.2356
vn 0.2225 0.9471 -0.2313
vn -0.0288 0.9577 -0.2863
vn 0.1009 0.8959 -0.4326
vn 0.0333 0.8972 -0.4404
vn 0.1911 0.9578 -0.2147
vn 0.0331 0.9813 -0.1898
vn -0.1832 0.9551 0.2326
vn -0.1267 0.9822 0.1390
vn 0.5769 0.8094 0.1101
vn 0.4687 0.8771 0.1051
vn 0.3770 0.9249 0.0501
vn 0.0973 0.9884 -0.1164
vn 0.0577 0.9892 -0.1345
vn -0.0414 0.9938 0.1036
vn -0.3069 0.9348 0.1789
vn -0.1226 0.9920 0.0287
vn -0.3570 0.9215 0.1530
vn -0.0525 0.9932 -0.1043
vn 0.6940 0.4111 -0.5910
vn 0.3295 0.9323 -0.1489
vn -0.8290 0.2725 0.4884
vn 0.0022 0.9998 0.0190
vn 0.3254 0.9143 0.2411
vn -0.0277 0.9995 0.0164
vn -0.6882 0.4957 0.5298
vn 0.3256 0.9102 -0.2560
vn 0.3754 0.8887 -0.2631
vn 0.2086 0.9492 -0.2357
vn 0.1939 0.9257 -0.3247
vn 0.0568 0.9918 -0.1143
vn -0.1273 0.9846 0.1199
vn 0.0689 0.9229 -0.3788
vn 0.4024 0.9000 0.1676
vn -0.2337 0.9523 0.1963
vn -0.0690 0.9944 0.0804
vn 0.6543 0.7438 0.1366
vn 0.4596 0.8592 0.2246
vn -0.0360 0.9981 0.0503
vn -0.2944 0.9548 0.0418
vn 0.0697 0.9975 0.0143
vn -0.2374 0.9648 0.1126
vn -0.1844 0.9664 0.1792
vn 0.8270 0.5452 -0.1369
vn -0.0952 0.9930 0.0705
vn -0.0524 0.9939 -0.0973
vn 0.6109 0.6764 -0.4114
vn 0.1946 0.9692 -0.1511
vn 0.1445 0.9713 -0.1888
vn -0.7752 0.3505 0.5256
vn 0.0016 1.0000 -0.0005
vn 0.2095 0.9504 -0.2298
vn 0.3031 0.9199 -0.2489
vn 0.3846 0.7630 -0.5195
vn 0.1268 0.9167 -0.3789
vn 0.1948 0.8626 -0.4669
vn 0.0925 0.9190 -0.3833
vn 0.0668 0.9944 0.0815
vn -0.2149 0.9715 -0.0999
vn 0.0015 1.0000 -0.0003
vn -0.0547 0.9832 -0.1741
vn 0.1268 0.9874 0.0948
vn 0.6887 0.7251 0.0053
vn 0.4889 0.8308 0.2661
vn 0.6293 0.7769 0.0180
vn 0.1346 0.9833 0.1226
vn 0.0729 0.9944 -0.0771
vn -0.0872 0.9930 0.0799
vn -0.0871 0.9941 0.0649
vn -0.3597 0.8627 0.3556
vn 0.5322 0.7743 -0.3424
vn 0.6429 0.5625 -0.5198
vn -0.4996 0.8562 0.1314
vn -0.0012 1.0000 -0.0045
vn -0.0020 1.0000 0.0012
vn 0.4447 0.8322 -0.3312
vn 0.0354 0.9886 -0.1462
vn 0.1276 0.9554 -0.2663
vn 0.2568 0.9385 -0.2306
vn 0.5039 0.7067 -0.4967
vn 0.1629 0.9107 -0.3795
vn 0.0672 0.9842 -0.1641
vn 0.2470 0.9190 -0.3073
vn 0.0559 0.9984 0.0002
vn 0.2953 0.8856 -0.3585
vn -0.0101 0.9526 -0.3040
vn -0.0918 0.9882 -0.1229
vn 0.1586 0.9740 0.1616
vn -0.0045 0.9999 -0.0100
vn -0.0071 0.9999 -0.0082
vn 0.0070 0.9999 -0.0121
vn -0.4327 0.8322 -0.3468
vn 0.2417 0.9703 -0.0086
vn 0.4527 0.8916 -0.0044
vn 0.0462 0.9967 0.0672
vn 0.3285 0.9302 0.1636
vn 0.0066 0.9998 -0.0178
vn 0.2225 0.9745 -0.0284
vn -0.1871 0.9400 0.2853
vn 0.2122 0.9691 -0.1260
vn -0.0639 0.9963 -0.0582
vn -0.0947 0.9908 -0.0967
vn -0.1531 0.9841 0.0901
vn -0.3142 0.9372 0.1517
vn 0.1165 0.9779 -0.1735
vn -0.1012 0.9869 0.1253
vn 0.3212 0.5695 -0.7567
vn 0.2456 0.9644 0.0983
vn 0.1748 0.9695 -0.1719
vn 0.0119 0.9999 -0.0123
vn 0.2465 0.9443 -0.2180
vn -0.6865 0.4386 0.5800
vn -0.5410 0.8034 0.2489
vn 0.0390 0.9743 -0.2219
vn 0.1179 0.9930 0.0033
vn 0.2447 0.9492 -0.1979
vn 0.2230 0.8783 -0.4228
vn -0.0142 0.9970 -0.0755
vn 0.0118 0.9985 -0.0533
vn 0.1665 0.9705 -0.1742
vn 0.0749 0.9816 0.1754
vn -0.0074 0.9999 -0.0091
vn -0.2191 0.9708 -0.0975
vn 0.0017 1.0000 0.0045
vn 0.2682 0.9523 0.1454
vn 0.4649 0.8759 0.1293
vn 0.6209 0.6704 0.4062
vn -0.0488 0.9987 -0.0163
vn -0.1925 0.9753 -0.1078
vn -0.0561 0.9981 -0.0237
vn -0.3400 0.9343 0.1074
vn -0.0160 0.5679 -0.8229
vn 0.3001 0.8250 -0.4788
vn 0.0771 0.9642 -0.2537
vn 0.0750 0.9943 -0.0757
vn 0.1479 0.9784 -0.1443
vn 0.2423 0.9696 -0.0352
vn 0.0019 1.0000 -0.0022
vn -0.4554 0.8880 0.0638
vn -0.1893 0.9777 0.0906
vn 0.1546 0.9824 0.1049
vn 0.5800 0.6021 -0.5487
vn 0.4201 0.7108 -0.5642
vn 0.0657 0.9735 -0.2191
vn 0.0847 0.9335 -0.3484
vn 0.2441 0.9391 -0.2419
vn 0.2109 0.9164 -0.3402
vn 0.2722 0.8845 -0.3789
vn 0.2544 0.9408 -0.2240
vn 0.0423 0.9772 -0.2080
vn 0.5852 0.7811 0.2176
vn -0.0220 0.9954 -0.0935
vn -0.1582 0.9668 -0.2007
vn -0.1971 0.9600 -0.1989
vn 0.3767 0.9205 0.1037
vn 0.4322 0.8750 0.2181
vn 0.0436 0.9975 0.0557
vn 0.1119 0.9934 0.0242
vn 0.5085 0.8377 0.1991
vn 0.0742 0.9914 0.1078
vn 0.4747 0.8328 0.2847
vn -0.1576 0.9868 0.0363
vn 0.1113 0.9934 0.0261
vn -0.1127 0.9920 0.0567
vn -0.6316 0.2913 0.7185
vn -0.2298 0.9732 0.0074
vn -0.3142 0.9204 0.2327
vn 0.6740 0.3979 -0.6224
vn -0.0335 0.7752 -0.6309
vn -0.0235 0.9997 -0.0022
vn 0.0038 0.9999 0.0122
vn -0.0777 0.9896 0.1214
vn -0.4479 0.5885 0.6731
vn -0.1275 0.9206 0.3691
vn -0.5344 0.8188 0.2098
vn 0.0242 0.9694 -0.2443
vn 0.2373 0.8881 -0.3936
vn -0.0019 0.9970 -0.0770
vn 0.0835 0.9926 -0.0884
vn -0.0492 0.9627 -0.2659
vn -0.0035 1.0000 -0.0009
vn -0.0117 0.9999 -0.0026
vn 0.0040 1.0000 0.0058
vn 0.3814 0.9216 0.0714
vn 0.6586 0.7204 0.2173
vn 0.5664 0.7862 0.2472
vn 0.4905 0.8164 0.3046
vn 0.2670 0.9341 0.2372
vn 0.1050 0.9868 0.1234
vn 0.1588 0.9677 0.1957
vn -0.2366 0.9524 0.1922
vn 0.2503 0.9643 -0.0870
vn -0.2537 0.9561 -0.1466
vn -0.1335 0.9633 0.2327
vn -0.0043 0.9628 -0.2703
vn -0.2246 0.9738 -0.0340
vn 0.0306 0.9642 -0.2632
vn 0.1863 0.9312 -0.3134
vn 0.0001 1.0000 0.0045
vn 0.2151 0.9514 -0.2202
vn 0.2410 0.9419 -0.2341
vn 0.2354 0.9425 -0.2371
vn -0.1003 0.9939 0.0454
vn -0.1099 0.9930 -0.0439
vn 0.1247 0.9765 0.1757
vn 0.4400 0.8978 -0.0166
vn 0.4271 0.8241 0.3720
vn 0.5028 0.7465 0.4358
vn 0.0795 0.9955 0.0514
vn 0.1322 0.9887 0.0711
vn -0.1874 0.9758 0.1126
vn 0.0620 0.9871 -0.1476
vn 0.8854 0.4620 -0.0516
vn -0.0856 0.9811 0.1733
vn 0.2147 0.9387 0.2699
vn -0.2962 0.3183 0.9005
vn -0.5133 0.4370 0.7386
vn -0.2423 0.9398 0.2408
vn -0.3635 0.9290 0.0693
vn -0.0339 0.9896 -0.1396
vn 0.1043 0.9071 -0.4079
vn 0.1495 0.8791 -0.4525
vn 0.2796 0.8987 -0.3378
vn 0.3184 0.8705 -0.3753
vn 0.2551 0.9393 -0.2293
vn 0.0193 0.9887 -0.1484
vn 0.0010 0.9741 -0.2261
vn -0.1026 0.9850 -0.1384
vn 0.0021 1.0000 -0.0097
vn 0.0754 0.9946 -0.0711
vn -0.1545 0.9688 -0.1937
vn 0.1507 0.9766 -0.1535
vn 0.0122 0.9999 0.0006
vn 0.1138 0.9926 0.0430
vn 0.5246 0.7407 0.4198
vn 0.3360 0.9193 0.2050
vn 0.4121 0.8631 0.2920
vn 0.4090 0.7610 0.5035
vn -0.3170 0.9343 0.1632
vn -0.1096 0.9793 0.1702
vn -0.6492 0.4291 0.6281
vn -0.5046 0.8205 0.2687
vn 0.0327 0.9992 -0.0237
vn 0.4362 0.8674 -0.2397
vn -0.0062 1.0000 0.0056
vn 0.0106 0.9997 0.0217
vn -0.1786 0.9523 0.2474
vn -0.6074 0.3664 0.7048
vn -0.3353 0.9367 0.1011
vn 0.0010 0.9985 0.0552
vn 0.0423 0.9812 -0.1882
vn 0.1752 0.8501 -0.4966
vn 0.0275 0.9061 -0.4222
vn -0.0734 0.9692 -0.2351
vn 0.0994 0.9948 0.0244
vn 0.1690 0.8669 -0.4689
vn 0.0556 0.9587 -0.2789
vn 0.1183 0.9808 -0.1552
vn -0.4275 0.4057 0.8079
vn 0.0019 0.9999 -0.0110
vn -0.0135 0.9976 -0.0673
vn -0.0522 0.9943 -0.0934
vn 0.1751 0.9736 -0.1462
vn -0.1593 0.9683 -0.1925
vn 0.0858 0.9846 -0.1524
vn 0.0687 0.9855 -0.1550
vn 0.0703 0.9851 -0.1568
vn 0.3720 0.8532 0.3657
vn 0.1419 0.9777 0.1551
vn 0.7546 0.6062 -0.2512
vn -0.2824 0.9037 0.3220
vn 0.2789 0.9235 0.2633
vn 0.0079 0.9608 0.2773
vn -0.2756 0.8000 0.5330
vn -0.5019 0.5018 0.7045
vn 0.3284 0.8891 -0.3189
vn -0.2443 0.9548 -0.1695
vn 0.3272 0.8109 -0.4851
vn 0.5641 0.5562 -0.6103
vn 0.2384 0.9176 -0.3182
vn -0.3090 0.4973 0.8107
vn 0.1276 0.9845 -0.1206
vn -0.0125 0.9930 -0.1171
vn 0.0169 0.9798 -0.1994
vn -0.0059 1.0000 0.0006
vn -0.0450 0.9988 0.0188
vn -0.1374 0.9873 -0.0793
vn 0.0053 0.9732 -0.2299
vn 0.6174 0.7092 0.3404
vn 0.3691 0.8051 0.4644
vn 0.4495 0.8023 0.3928
vn 0.4308 0.7624 0.4828
vn 0.3020 0.8780 0.3713
vn -0.2399 0.9407 0.2401
vn 0.7046 0.4955 -0.5079
vn 0.0461 0.9981 0.0407
vn 0.0831 0.9857 0.1468
vn -0.0920 0.8811 0.4639
vn -0.4474 0.4179 0.7907
vn -0.2919 0.9503 0.1083
vn 0.0893 0.9934 -0.0721
vn 0.3251 0.8417 -0.4312
vn 0.3946 0.8144 -0.4255
vn 0.0387 0.9725 -0.2295
vn 0.0480 0.9768 -0.2086
vn -0.2455 0.9263 -0.2859
vn 0.0016 0.9792 -0.2029
vn -0.0904 0.9816 -0.1683
vn -0.0116 0.9987 0.0487
vn -0.0609 0.9960 -0.0655
vn -0.0997 0.9373 0.3341
vn 0.0524 0.9891 -0.1372
vn 0.6056 0.7928 -0.0688
vn 0.4572 0.8316 0.3153
vn 0.0682 0.9695 0.2355
vn 0.1484 0.9624 0.2274
vn 0.2834 0.8168 0.5025
vn -0.0730 0.9724 0.2216
vn -0.2048 0.8198 0.5348
vn -0.3905 0.8593 0.3303
vn -0.2898 0.9210 0.2603
vn 0.1832 0.9742 -0.1319
vn 0.2635 0.9645 0.0192
vn -0.0020 1.0000 -0.0069
vn -0.0718 0.9744 0.2129
vn 0.0265 0.9725 -0.2313
vn -0.1709 0.6376 0.7511
vn -0.4440 0.4147 0.7943
vn -0.0443 0.9650 -0.2583
vn 0.0604 0.9947 -0.0834
vn 0.2963 0.9208 -0.2538
vn -0.0193 0.9998 -0.0096
vn 0.1303 0.9141 -0.3840
vn 0.0043 0.9998 -0.0191
vn 0.1739 0.9748 -0.1398
vn -0.1321 0.9801 0.1479
vn -0.0024 1.0000 -0.0027
vn -0.1228 0.9917 0.0379
vn -0.1960 0.9780 -0.0713
vn 0.1667 0.9801 -0.1078
vn 0.3237 0.8714 -0.3686
vn 0.5757 0.8176 -0.0115
vn 0.2476 0.9684 0.0293
vn 0.1194 0.9808 0.1541
vn 0.3813 0.7148 0.5862
vn 0.4163 0.7305 0.5413
vn 0.2201 0.8826 0.4153
vn 0.0189 0.8872 0.4611
vn -0.0310 0.9742 0.2234
vn -0.1723 0.8933 0.4152
vn -0.2542 0.8907 0.3769
vn -0.2902 0.9299 0.2258
vn 0.8503 0.5262 0.0099
vn -0.0196 0.9998 -0.0042
vn -0.0883 0.9834 0.1586
vn -0.2539 0.6610 0.7061
vn -0.0663 0.6510 0.7562
vn 0.0802 0.9930 -0.0868
vn -0.2280 0.9519 0.2046
vn 0.4319 0.7436 -0.5105
vn 0.4383 0.7502 -0.4951
vn 0.0879 0.9410 -0.3267
vn 0.0779 0.9374 -0.3394
vn 0.0843 0.9812 -0.1739
vn -0.0814 0.9956 -0.0461
vn 0.2896 0.9524 -0.0956
vn -0.0115 0.9999 -0.0048
vn -0.2698 0.9512 -0.1498
vn -0.0638 0.9979 -0.0151
vn 0.2989 0.9441 -0.1393
vn -0.0890 0.6442 -0.7596
vn -0.0943 0.9359 -0.3394
vn 0.2097 0.8028 -0.5582
vn 0.3997 0.8751 -0.2729
vn 0.2205 0.6077 -0.7630
vn 0.0452 0.9864 0.1582
vn -0.1579 0.9083 -0.3874
vn 0.5170 0.8037 0.2947
vn 0.2511 0.5928 0.7652
vn 0.0360 0.7184 0.6947
vn -0.0535 0.6501 0.7580
vn -0.0824 0.8654 0.4943
vn 0.3846 0.9183 0.0936
vn -0.1120 0.9879 0.1070
vn -0.3237 0.9109 0.2559
vn 0.2403 0.8690 -0.4325
vn -0.4711 0.8389 0.2726
vn -0.3482 0.8408 0.4144
vn 0.2178 0.9756 0.0287
vn 0.0150 0.9997 -0.0199
vn 0.2103 0.9497 -0.2320
vn 0.4648 0.7686 -0.4395
vn 0.3734 0.8944 -0.2464
vn 0.2056 0.9420 -0.2654
vn 0.0897 0.9148 -0.3939
vn 0.1177 0.9087 -0.4005
vn 0.0907 0.9091 -0.4065
vn -0.1723 0.9685 0.1798
vn -0.0275 0.9930 -0.1147
vn -0.2267 0.9728 -0.0473
vn 0.2334 0.9655 0.1154
vn 0.0939 0.9911 -0.0943
vn -0.0356 0.9990 0.0264
vn -0.2171 0.9753 -0.0396
vn -0.1532 0.9882 -0.0093
vn -0.0185 0.9998 -0.0084
vn 0.0029 0.9999 -0.0131
vn -0.1479 0.9774 -0.1510
vn 0.1349 0.9789 -0.1535
vn 0.2823 0.9306 -0.2329
vn 0.3515 0.6896 -0.6332
vn 0.4135 0.6942 -0.5892
vn -0.0243 0.9328 -0.3595
vn 0.4190 0.6519 -0.6320
vn -0.0425 0.4546 -0.8897
vn 0.2479 0.7636 0.5962
vn -0.2683 0.9604 0.0749
vn 0.0907 0.6380 0.7647
vn -0.0325 0.7407 0.6711
vn -0.0303 0.9986 -0.0427
vn -0.0845 0.9964 0.0003
vn 0.6862 0.7018 -0.1911
vn 0.2526 0.9356 0.2467
vn -0.2467 0.9690 0.0119
vn -0.1640 0.6915 -0.7036
vn 0.2727 0.9189 -0.2852
vn 0.3949 0.8820 -0.2571
vn 0.2128 0.9499 -0.2289
vn 0.2144 0.9515 -0.2206
vn -0.0013 0.9663 -0.2573
vn 0.1737 0.9343 -0.3114
vn 0.2030 0.9358 -0.2881
vn -0.0285 0.9672 -0.2523
vn -0.2169 0.9658 0.1424
vn 0.0319 0.9985 -0.0452
vn -0.0260 0.9441 -0.3285
vn 0.2233 0.7722 -0.5948
vn -0.3205 0.3164 -0.8929
vn 0.0738 0.3879 -0.9187
vn -0.1394 0.9107 0.3889
vn 0.0398 0.9534 -0.2990
vn -0.0180 0.9570 -0.2896
vn 0.0530 0.9981 0.0301
vn 0.2623 0.9650 -0.0005
vn 0.3745 0.9015 0.2168
vn 0.0642 0.9769 0.2037
vn -0.0083 0.9722 0.2341
vn 0.0633 0.9591 0.2760
vn 0.2431 0.9266 -0.2868
vn -0.4821 0.8656 -0.1352
vn 0.0877 0.9943 -0.0613
vn 0.3855 0.9203 0.0663
vn -0.0594 0.9585 -0.2788
vn 0.3226 0.8201 -0.4727
vn 0.1205 0.9677 -0.2214
vn 0.1081 0.9445 -0.3103
vn 0.1849 0.9186 -0.3491
vn -0.2487 0.9229 -0.2940
vn -0.1760 0.9722 0.1545
vn -0.1882 0.9596 0.2093
vn 0.2348 0.9257 -0.2966
vn 0.1211 0.9842 -0.1295
vn 0.0065 0.9997 -0.0216
vn -0.3067 0.8316 -0.4630
vn 0.3986 0.8018 -0.4452
vn 0.3749 0.8621 -0.3411
vn 0.5552 0.6470 -0.5227
vn 0.2815 0.8745 -0.3950
vn 0.4266 0.8072 -0.4080
vn -0.1122 0.4022 -0.9087
vn 0.3799 0.8249 -0.4186
vn -0.0404 0.8092 -0.5861
vn -0.4050 0.3778 -0.8326
vn 0.4270 0.5741 -0.6986
vn -0.0304 0.4737 -0.8801
vn -0.0167 0.9705 -0.2405
vn 0.0537 0.9983 0.0245
vn -0.2773 0.8392 0.4679
vn -0.0687 0.4606 -0.8850
vn 0.2929 0.6630 -0.6889
vn -0.1986 0.9175 0.3445
vn 0.0728 0.9506 -0.3018
vn -0.0520 0.9605 0.2733
vn 0.3458 0.9237 -0.1649
vn 0.1850 0.7995 -0.5714
vn 0.4220 0.8220 -0.3824
vn 0.1784 0.9213 -0.3456
vn 0.2124 0.9270 -0.3090
vn 0.0830 0.9536 -0.2895
vn -0.1283 0.9847 -0.1181
vn -0.0807 0.9946 -0.0647
vn 0.1196 0.9763 -0.1805
vn -0.3395 0.7840 -0.5197
vn -0.1288 0.9836 -0.1264
vn -0.0256 0.9992 -0.0299
vn 0.2147 0.9766 -0.0086
vn 0.0209 0.9825 -0.1853
vn 0.0239 0.9858 -0.1660
vn -0.2009 0.9735 -0.1088
vn 0.4686 0.8494 -0.2427
vn 0.2120 0.7732 -0.5977
vn 0.2767 0.9350 -0.2219
vn -0.2261 0.9670 -0.1177
vn -0.2813 0.8133 -0.5093
vn -0.1814 0.5989 -0.7800
vn -0.4105 0.5135 -0.7535
vn -0.5574 0.8064 0.1977
vn -0.0187 0.4036 -0.9147
vn 0.6909 0.3845 -0.6122
vn -0.0409 0.9866 0.1581
vn -0.0280 0.9846 0.1724
vn -0.2207 0.9606 0.1689
vn 0.0952 0.9886 0.1170
vn 0.1771 0.9584 0.2240
vn -0.1180 0.9659 0.2304
vn -0.0452 0.9917 0.1205
vn -0.5158 0.8566 -0.0154
vn 0.2954 0.8559 -0.4245
vn 0.1675 0.9603 -0.2231
vn 0.3798 0.8993 -0.2169
vn 0.1988 0.8752 -0.4409
vn -0.1184 0.9893 0.0849
vn 0.2029 0.9584 -0.2006
vn 0.0801 0.9091 -0.4088
vn 0.0192 0.9918 -0.1265
vn 0.1274 0.9739 -0.1877
vn -0.1561 0.9865 -0.0492
vn 0.0123 0.9946 -0.1032
vn 0.0574 0.9265 -0.3718
vn -0.0160 0.9998 -0.0145
vn 0.4732 0.6676 -0.5748
vn -0.4230 0.3848 -0.8204
vn -0.1666 0.9634 -0.2100
vn 0.0170 0.9959 -0.0894
vn 0.1298 0.9785 -0.1604
vn 0.6702 0.6475 -0.3626
vn 0.4956 0.8094 -0.3150
vn -0.2092 0.3858 -0.8986
vn -0.0391 0.9978 -0.0533
vn -0.1452 0.9381 -0.3145
vn -0.4504 0.5527 -0.7012
vn 0.2157 0.9134 -0.3453
vn -0.0230 0.9953 0.0939
vn -0.0062 0.9956 -0.0931
vn 0.0044 0.9883 -0.1521
vn -0.4236 0.8942 0.1445
vn 0.3310 0.8332 -0.4430
vn 0.2040 0.8789 -0.4311
vn 0.3706 0.8898 -0.2663
vn 0.1166 0.9608 -0.2515
vn 0.2305 0.9635 -0.1361
vn -0.1812 0.9820 0.0527
vn 0.0023 0.9998 0.0219
vn -0.4890 0.5813 -0.6503
vn 0.1698 0.9658 -0.1961
vn 0.0040 0.9998 -0.0218
vn 0.0618 0.9897 0.1290
vn -0.4125 0.3747 -0.8303
vn 0.0101 0.9682 -0.2499
vn 0.2232 0.8772 -0.4252
vn 0.1648 0.8796 -0.4463
vn 0.0019 0.9956 -0.0940
vn -0.1848 0.9647 -0.1876
vn 0.2948 0.8734 -0.3876
vn 0.2645 0.9614 -0.0757
vn -0.0059 0.9846 -0.1747
vn -0.0195 0.9883 -0.1510
vn -0.2119 0.9171 -0.3377
vn -0.1423 0.9790 0.1457
vn -0.0212 0.9694 -0.2445
vn -0.3546 0.9260 -0.1294
vn -0.0855 0.9667 -0.2412
vn -0.1084 0.9331 -0.3430
vn -0.1189 0.9869 -0.1086
vn -0.0318 0.9873 -0.1555
vn -0.0253 0.8295 -0.5579
vn -0.0437 0.9986 0.0296
vn 0.2020 0.7778 -0.5952
vn 0.2111 0.7750 -0.5957
vn 0.1957 0.7647 -0.6140
vn 0.2645 0.9247 -0.2738
vn 0.1914 0.9038 -0.3827
vn 0.1181 0.9411 -0.3169
vn 0.0205 0.9722 -0.2332
vn -0.1122 0.9396 -0.3233
vn -0.0145 0.9987 -0.0494
vn -0.1928 0.9523 0.2364
vn -0.2585 0.8317 -0.4914
vn -0.0108 0.9802 -0.1979
vn 0.0115 0.8880 -0.4597
vn 0.2279 0.8804 -0.4159
vn 0.5090 0.7681 -0.3886
vn -0.0300 0.9282 -0.3710
vn 0.1824 0.9297 -0.3200
vn -0.0226 0.9986 -0.0470
vn -0.1783 0.9223 -0.3429
vn -0.1274 0.9805 -0.1497
vn 0.0416 0.9589 -0.2808
vn -0.1411 0.8996 -0.4132
vn -0.0286 0.9995 -0.0113
vn 0.0809 0.9337 -0.3488
vn -0.0728 0.8856 -0.4586
vn 0.1310 0.9654 -0.2256
vn -0.0861 0.9665 -0.2418
vn 0.2309 0.7577 -0.6104
vn 0.3449 0.8968 -0.2771
vn 0.2327 0.9382 -0.2562
vn -0.0115 0.9994 -0.0323
vn -0.2378 0.9713 -0.0053
vn -0.0985 0.9951 0.0022
vn -0.0513 0.9982 0.0308
vn 0.1378 0.9804 -0.1405
vn 0.1723 0.6151 -0.7694
vn -0.4745 0.3431 -0.8107
vn -0.2937 0.5055 -0.8113
vn -0.0002 0.6258 -0.7800
vn -0.0897 0.9385 -0.3334
vn 0.0327 0.6992 -0.7141
vn 0.3386 0.5960 -0.7281
vn 0.5172 0.6326 -0.5765
vn 0.3483 0.6319 -0.6924
vn 0.0392 0.9436 -0.3288
vn -0.0267 0.9943 0.1032
vn 0.0474 0.9637 -0.2629
vn 0.0408 0.9894 -0.1391
vn -0.1475 0.9527 -0.2656
vn -0.0303 0.9139 -0.4047
vn 0.0981 0.8309 -0.5477
vn 0.1359 0.8182 -0.5586
vn -0.2083 0.8226 -0.5291
vn 0.3454 0.8621 -0.3708
vn 0.2919 0.9042 -0.3118
vn 0.1791 0.9327 -0.3130
vn 0.0199 0.9893 -0.1443
vn -0.0039 0.9596 -0.2815
vn -0.0001 1.0000 -0.0048
vn 0.0029 1.0000 0.0087
vn -0.2062 0.8599 -0.4670
vn 0.2531 0.4993 -0.8287
vn -0.4061 0.3153 -0.8577
vn 0.0258 0.4075 -0.9129
vn 0.0555 0.4121 -0.9094
vn -0.0807 0.9309 -0.3561
vn 0.4156 0.5679 -0.7104
vn 0.3044 0.6034 -0.7371
vn 0.0561 0.7712 -0.6341
vn -0.0929 0.7937 -0.6011
vn -0.0473 0.9980 -0.0420
vn -0.1054 0.9838 -0.1452
vn -0.0370 0.9991 0.0188
vn -0.0450 0.9110 -0.4101
vn -0.0457 0.9894 -0.1377
vn -0.0431 0.9898 -0.1361
vn -0.0003 0.9714 -0.2375
vn -0.0191 0.9995 0.0251
vn 0.0012 0.9009 -0.4339
vn 0.2200 0.9182 -0.3293
vn 0.3103 0.9018 -0.3009
vn 0.3192 0.8413 -0.4363
vn 0.0405 0.9532 -0.2996
vn 0.0051 1.0000 -0.0042
vn -0.1625 0.9550 0.2481
vn -0.1171 0.9643 0.2375
vn 0.0948 0.9936 -0.0609
vn -0.1707 0.9832 -0.0653
vn -0.1589 0.9752 -0.1541
vn -0.1925 0.3035 -0.9332
vn 0.0222 0.9997 -0.0056
vn -0.0151 0.9998 -0.0165
vn -0.0018 0.9999 -0.0123
vn -0.2682 0.7341 -0.6238
vn -0.3449 0.4892 -0.8011
vn -0.0355 0.9979 -0.0541
vn -0.0133 0.3371 -0.9414
vn 0.0126 0.3812 -0.9244
vn 0.0677 0.4799 -0.8747
vn 0.2796 0.7486 -0.6011
vn 0.0174 0.8932 -0.4493
vn 0.2367 0.8777 -0.4166
vn -0.0008 0.8981 -0.4397
vn -0.2687 0.7463 -0.6089
vn -0.0122 0.9996 -0.0259
vn -0.0953 0.9846 -0.1464
vn -0.0451 0.9898 -0.1352
vn 0.3064 0.9268 -0.2173
vn 0.0006 0.9682 -0.2503
vn -0.0015 0.9687 -0.2483
vn -0.0304 0.9516 -0.3058
vn 0.1386 0.9801 -0.1423
vn 0.2935 0.8223 -0.4875
vn 0.3702 0.7508 -0.5470
vn 0.2524 0.8080 -0.5324
vn -0.1005 0.9918 -0.0789
vn 0.0290 0.9911 -0.1300
vn -0.1120 0.9840 -0.1386
vn -0.0520 0.9928 -0.1075
vn -0.2841 0.9298 -0.2340
vn 0.0910 0.9754 -0.2009
vn -0.0118 0.9884 -0.1516
vn -0.1942 0.4551 -0.8690
vn 0.1446 0.9744 -0.1720
vn -0.2448 0.8415 -0.4815
vn -0.4325 0.5616 -0.7053
vn 0.0253 0.9962 -0.0837
vn 0.1901 0.7850 -0.5896
vn 0.0040 0.9681 -0.2507
vn -0.1212 0.9376 -0.3259
vn -0.0715 0.9846 -0.1596
vn -0.0084 0.9646 -0.2636
vn -0.0858 0.9872 -0.1348
vn -0.1317 0.9913 -0.0017
vn 0.0109 0.9633 -0.2682
vn 0.1680 0.9162 -0.3638
vn 0.0719 0.9726 -0.2212
vn -0.0185 0.9997 0.0138
vn -0.6554 0.7552 0.0042
vn -0.1033 0.9946 0.0023
vn -0.0268 0.9010 -0.4329
vn 0.0029 1.0000 -0.0078
vn 0.1015 0.9805 -0.1686
vn 0.0002 0.9997 0.0238
vn -0.1091 0.9918 -0.0664
vn -0.1937 0.8167 -0.5435
vn -0.0237 0.7484 -0.6628
vn 0.1636 0.9696 -0.1818
vn -0.0196 0.9900 0.1398
vn -0.3856 0.7634 -0.5182
vn -0.2670 0.7248 -0.6351
vn -0.0877 0.8435 -0.5300
vn 0.0318 0.9497 -0.3115
vn -0.1856 0.8802 -0.4368
vn -0.0112 0.9631 -0.2690
vn -0.0587 0.9978 -0.0295
vn 0.0074 0.9543 -0.2989
vn 0.1739 0.8774 -0.4471
vn -0.0033 0.8912 -0.4536
vn 0.1028 0.7570 -0.6453
vn 0.2373 0.7554 -0.6108
vn 0.2130 0.9020 -0.3755
vn -0.1116 0.9937 -0.0127
vn -0.1810 0.9695 0.1652
vn 0.0356 0.9990 -0.0274
vn -0.2534 0.9607 0.1131
vn 0.0067 0.9999 0.0106
vn -0.0409 0.9796 -0.1968
vn -0.1127 0.9886 0.0999
vn -0.0171 0.9999 0.0002
vn 0.1209 0.8729 -0.4728
vn 0.0541 0.9407 -0.3349
vn -0.0209 0.9071 -0.4203
vn 0.1125 0.9731 -0.2012
vn -0.0145 0.9965 -0.0821
vn -0.1150 0.9787 -0.1700
vn 0.3118 0.9104 -0.2719
vn -0.0979 0.9661 -0.2389
vn 0.1949 0.6958 -0.6913
vn -0.0500 0.9547 -0.2932
vn 0.0329 0.9991 0.0284
vn 0.2393 0.8203 -0.5194
vn 0.1786 0.7328 -0.6566
vn 0.2411 0.9014 -0.3596
vn 0.0089 0.9996 -0.0260
vn -0.0822 0.9936 -0.0769
vn -0.1088 0.9941 0.0027
vn -0.0375 0.9993 0.0051
vn 0.0034 1.0000 0.0027
vn 0.1986 0.9514 -0.2352
vn -0.0511 0.9985 -0.0208
vn -0.0464 0.9956 -0.0815
vn 0.0831 0.9965 0.0118
vn -0.0002 1.0000 -0.0008
vn 0.0006 1.0000 -0.0008
vn -0.1435 0.9547 -0.2606
vn -0.0055 0.6504 -0.7596
vn 0.0879 0.9912 -0.0994
vn -0.0183 0.9998 -0.0124
vn -0.0003 1.0000 -0.0025
vn 0.1445 0.9248 -0.3518
vn 0.1341 0.9131 -0.3851
vn -0.1909 0.8696 -0.4553
vn -0.1533 0.8251 -0.5439
vn -0.0679 0.6352 -0.7694
vn -0.1781 0.6885 -0.7030
vn -0.1221 0.9921 0.0285
vn -0.0479 0.8083 -0.5869
vn -0.1455 0.8003 -0.5816
vn -0.0671 0.7797 -0.6225
vn -0.0989 0.7822 -0.6151
vn 0.1172 0.8914 -0.4379
vn 0.1645 0.7217 -0.6724
vn 0.0212 0.8690 -0.4944
vn -0.2950 0.9555 0.0074
vn 0.0011 0.9970 -0.0778
vn -0.1591 0.9871 0.0182
vn -0.1567 0.9873 0.0264
vn 0.2804 0.9347 -0.2182
vn 0.0412 0.9973 -0.0613
vn -0.1341 0.9592 0.2491
vn 0.1348 0.9890 -0.0604
vn 0.0356 0.9978 0.0557
vn 0.0007 1.0000 -0.0009
vn -0.1020 0.9775 -0.1846
vn 0.2333 0.9505 -0.2053
vn -0.0342 0.9933 -0.1104
vn -0.0166 0.9998 0.0099
vn 0.0101 0.9987 -0.0504
vn -0.1904 0.8879 -0.4188
vn 0.0114 0.9116 -0.4109
vn -0.0340 0.8394 -0.5424
vn -0.1160 0.7852 -0.6083
vn -0.0385 0.8353 -0.5484
vn -0.0334 0.8632 -0.5038
vn 0.0468 0.7055 -0.7072
vn 0.1001 0.9359 -0.3376
vn 0.0416 0.9763 -0.2126
vn 0.0078 0.9998 0.0168
vn -0.0997 0.9909 0.0902
vn -0.1172 0.9898 0.0809
vn -0.1947 0.9622 0.1904
vn -0.0134 0.9984 0.0547
vn -0.0090 0.9991 0.0405
vn -0.0008 0.9537 0.3006
vn -0.0462 0.9862 0.1588
vn 0.1494 0.9805 0.1275
vn -0.0827 0.9806 -0.1776
vn 0.1394 0.9901 0.0183
vn 0.0449 0.9974 -0.0567
vn -0.0542 0.9977 -0.0411
vn -0.0165 0.9746 -0.2232
vn 0.0465 0.9634 -0.2641
vn -0.1069 0.8182 -0.5649
vn 0.0511 0.8003 -0.5974
vn 0.0926 0.8993 -0.4273
vn -0.0914 0.9739 0.2080
vn 0.1150 0.9825 -0.1467
vn -0.0026 0.9995 0.0315
vn -0.0749 0.9969 0.0224
vn -0.0806 0.9958 0.0440
vn 0.0070 0.9971 0.0761
vn -0.1973 0.9752 -0.0998
vn 0.0036 1.0000 0.0022
vn 0.1709 0.9843 -0.0436
vn -0.0200 0.9997 0.0115
vn 0.1756 0.9841 -0.0256
vn 0.0094 1.0000 -0.0003
vn 0.0692 0.9945 0.0786
vn -0.1531 0.9648 0.2138
vn 0.0078 0.9792 0.2028
vn 0.0160 0.9995 0.0256
vn -0.0279 0.9534 -0.3004
vn -0.0791 0.9203 -0.3832
vn -0.0452 0.9099 -0.4124
vn -0.0924 0.8491 -0.5201
vn 0.1083 0.9431 -0.3144
vn -0.0134 0.9999 -0.0045
vn -0.0091 1.0000 0.0001
vn -0.2133 0.9676 0.1352
vn -0.1887 0.9819 0.0147
vn -0.1961 0.9793 0.0512
vn -0.0045 0.9937 0.1123
vn -0.0068 0.9997 0.0232
vn -0.0099 0.9996 0.0248
vn 0.0028 0.9995 0.0324
vn -0.1206 0.9907 0.0625
vn -0.0007 1.0000 0.0005
vn 0.1155 0.9867 0.1144
vn 0.1159 0.9914 -0.0614
vn 0.0033 1.0000 -0.0036
vn -0.0098 0.9995 0.0294
vn 0.0414 0.9981 0.0459
vn -0.1496 0.9250 0.3493
vn -0.2499 0.9461 0.2061
vn -0.0288 0.9966 -0.0775
vn 0.2284 -0.9625 -0.1463
vn 0.1949 0.9806 0.0200
vn 0.0025 0.9762 -0.2169
vn -0.1849 0.8447 -0.5023
vn -0.0412 0.8893 -0.4555
vn -0.0089 0.9999 -0.0062
vn 0.1527 0.9845 -0.0861
vn -0.0096 0.9939 0.1100
vn 0.0416 0.9988 -0.0272
vn -0.2234 0.9744 0.0265
vn -0.0037 1.0000 0.0050
vn -0.2207 0.9641 0.1475
vn -0.2142 0.9746 0.0645
vn -0.0367 0.9843 0.1724
vn 0.0296 0.9929 0.1152
vn 0.0129 0.9944 0.1050
vn -0.0373 0.9937 0.1061
vn 0.0281 0.9844 0.1737
vn -0.1073 0.9863 0.1251
vn 0.1800 0.9667 0.1819
vn 0.0028 1.0000 0.0009
vn 0.0007 1.0000 -0.0070
vn -0.0033 0.9663 0.2574
vn 0.2213 0.9582 0.1812
vn -0.1582 0.9872 0.0197
vn 0.1623 0.9758 0.1468
vn -0.0164 0.9998 0.0091
vn 0.0025 1.0000 -0.0083
vn -0.1154 0.9565 -0.2680
vn 0.0829 0.9810 -0.1756
vn 0.0191 0.9998 -0.0017
vn -0.0599 0.9980 0.0181
vn -0.0414 0.9991 -0.0080
vn 0.0057 1.0000 0.0074
vn -0.0805 0.9898 0.1180
vn -0.2745 0.9236 0.2676
vn 0.0138 0.9780 0.2080
vn -0.0027 0.9680 0.2510
vn -0.0536 0.9865 0.1546
vn -0.1032 0.9806 0.1664
vn 0.0444 0.9928 0.1116
vn 0.0207 0.9831 0.1818
vn 0.0004 1.0000 0.0003
vn -0.1076 0.9713 0.2124
vn -0.0075 0.9878 0.1556
vn 0.1882 0.9652 0.1817
vn 0.0564 0.9615 0.2691
vn 0.0099 0.9600 0.2798
vn 0.1442 0.9349 0.3244
vn 0.1944 0.9619 0.1925
vn 0.0003 1.0000 0.0063
vn -0.1989 0.9677 0.1547
vn 0.1554 0.9830 0.0977
vn 0.0593 0.9714 0.2300
vn 0.2271 0.9448 0.2362
vn -0.0812 0.9910 -0.1065
vn 0.0090 0.9718 -0.2356
vn -0.1476 0.9700 -0.1934
vn -0.1699 0.9664 -0.1930
vn -0.0278 0.9995 -0.0160
vn -0.0812 0.9347 0.3461
vn -0.1581 0.9226 0.3520
vn -0.2588 0.9460 0.1952
vn 0.0237 0.9993 0.0294
vn 0.0234 0.9990 0.0378
vn -0.0038 1.0000 0.0076
vn 0.2255 0.9656 -0.1294
vn -0.0975 0.9906 0.0963
vn 0.0084 0.9997 0.0242
vn 0.0422 0.9986 -0.0312
vn -0.0250 0.9964 0.0816
vn -0.0904 0.9763 0.1965
vn -0.1204 0.8549 0.5046
vn -0.0534 0.8786 0.4746
vn 0.2366 0.9387 0.2506
vn -0.1751 0.9842 0.0276
vn 0.0060 0.9892 -0.1465
vn 0.0100 0.9744 0.2246
vn 0.0918 0.9921 0.0857
vn 0.0108 0.9748 0.2228
vn 0.0547 0.9833 0.1734
vn 0.1824 0.9708 0.1558
vn 0.0186 0.9994 -0.0307
vn -0.1570 0.9728 -0.1704
vn -0.1724 0.9646 0.1997
vn -0.0020 0.9720 0.2348
vn -0.0776 0.9946 0.0688
vn 0.0327 0.9938 0.1063
vn -0.0165 0.9695 0.2447
vn 0.0185 0.9730 0.2299
vn 0.0032 0.9692 0.2464
vn 0.1833 0.9157 0.3576
vn -0.1225 0.9397 0.3193
vn -0.1014 0.9338 0.3431
vn -0.1551 0.9664 0.2051
vn 0.0552 0.9118 0.4070
vn 0.1217 0.9422 0.3122
vn 0.1267 0.8483 0.5141
vn 0.0179 0.9587 0.2838
vn 0.0047 0.9995 0.0311
vn -0.0028 1.0000 0.0033
vn 0.0159 0.9986 0.0507
vn 0.2358 0.9400 0.2467
vn 0.0529 0.9970 0.0563
vn -0.0003 0.9707 0.2404
vn -0.0186 0.9801 0.1977
vn 0.0083 1.0000 -0.0022
vn -0.0131 0.9999 0.0040
vn -0.1339 0.9633 0.2327
vn -0.0285 0.9709 0.2380
vn -0.1969 0.9587 0.2050
vn -0.2187 0.9344 0.2813
vn -0.1153 0.8221 0.5575
vn -0.0807 0.8170 0.5710
vn -0.0291 0.9178 0.3960
vn -0.0181 0.9185 0.3950
vn -0.1174 0.8763 0.4673
vn -0.0049 0.8987 0.4385
vn 0.0188 0.9985 0.0519
vn 0.0036 0.9998 0.0194
vn -0.1407 0.8028 0.5795
vn 0.0632 0.9892 0.1320
vn 0.0351 0.8916 0.4514
vn -0.0078 0.9630 0.2694
vn -0.1551 0.8955 0.4173
vn -0.0299 0.8741 0.4848
vn -0.0720 0.8585 0.5077
vn -0.1536 0.8214 0.5492
vn 0.0319 0.7500 0.6606
vn -0.0176 0.9991 0.0382
vn -0.0043 0.7903 0.6128
vn -0.0574 0.9961 0.0669
vn 0.0009 1.0000 0.0012
vn -0.0570 0.9970 0.0532
vn -0.0592 0.9962 0.0642
vn 0.0033 0.8927 0.4507
vn -0.3255 0.9272 0.1855
vn -0.0263 0.9682 0.2490
vn 0.0105 0.8582 0.5132
vn 0.0511 0.9107 0.4100
vn -0.1045 0.9606 0.2573
vn 0.1236 0.9287 0.3497
vn 0.0405 0.9095 0.4138
vn -0.0094 0.9671 0.2543
vn 0.0249 0.9676 0.2512
vn 0.0367 0.9535 0.2990
vn -0.0758 0.8395 0.5380
vn -0.1378 0.7999 0.5841
vn -0.1900 0.7295 0.6571
vn -0.0643 0.7691 0.6359
vn 0.0155 0.8980 0.4398
vn -0.0813 0.8607 0.5025
vn -0.0932 0.8430 0.5298
vn 0.1144 0.9443 0.3085
vn 0.0297 0.9941 0.1047
vn 0.1587 0.9602 0.2301
vn 0.0384 0.9841 0.1732
vn 0.0684 0.9971 -0.0341
vn 0.1674 0.9842 0.0582
vn 0.0392 0.9977 0.0556
vn 0.1846 0.8285 0.5287
vn -0.0917 0.7625 0.6405
vn 0.0633 0.7494 0.6591
vn 0.0202 0.8860 0.4632
vn 0.4279 0.8338 0.3488
vn 0.1639 0.9075 0.3867
vn -0.0139 0.9529 0.3028
vn 0.0017 1.0000 0.0031
vn 0.0118 0.7033 0.7108
vn 0.0690 0.7387 0.6705
vn 0.0432 0.9041 0.4252
vn 0.0452 0.9646 0.2599
vn -0.0265 0.9309 0.3644
vn -0.0363 0.9220 0.3855
vn -0.2592 0.8326 0.4895
vn 0.0104 0.7210 0.6928
vn -0.1066 0.7077 0.6984
vn -0.0669 0.7653 0.6401
vn -0.1044 0.7485 0.6549
vn 0.0119 0.7990 0.6012
vn -0.0269 0.8794 0.4753
vn 0.2093 0.9496 0.2335
vn -0.0160 0.9676 0.2518
vn 0.0288 0.9985 0.0476
vn 0.0639 0.9920 0.1092
vn 0.1653 0.8730 0.4589
vn -0.0113 0.7410 0.6714
vn -0.0624 0.7311 0.6794
vn -0.1165 0.6506 0.7504
vn -0.0521 0.7088 0.7035
vn -0.1397 0.6746 0.7249
vn -0.0634 0.9739 0.2179
vn 0.1452 0.8724 0.4668
vn 0.0383 0.9408 0.3369
vn 0.0965 0.9084 0.4067
vn -0.0878 0.8116 0.5776
vn -0.2278 0.8945 0.3846
vn -0.0929 0.7441 0.6616
vn -0.0605 0.6252 0.7781
vn -0.0187 0.9234 0.3833
vn -0.1263 0.9040 0.4085
vn -0.0042 0.9711 0.2386
vn -0.1794 0.6918 0.6995
vn -0.1922 0.6758 0.7116
vn -0.0013 0.8958 0.4444
vn 0.1728 0.8706 0.4607
vn -0.0132 0.9188 0.3945
vn 0.1371 0.8470 0.5137
vn 0.0035 0.8173 0.5762
vn 0.0326 0.6903 0.7227
vn -0.0933 0.8018 0.5903
vn 0.1360 0.8795 0.4560
vn -0.0234 0.8811 0.4723
vn -0.0020 0.9714 0.2376
vn 0.1195 0.9701 0.2110
vn -0.1710 0.8981 0.4053
vn -0.1695 0.8459 0.5057
vn -0.1001 0.8735 0.4765
vn -0.2304 0.7449 0.6262
vn -0.2036 0.7537 0.6249
vn 0.1804 0.6968 0.6942
vn 0.1791 0.8171 0.5480
vn -0.0713 0.7225 0.6877
vn -0.1247 0.6719 0.7300
vn -0.1420 0.6536 0.7434
vn -0.0190 0.8735 0.4864
vn 0.0273 0.9677 0.2507
vn -0.0108 0.9336 0.3581
vn -0.1486 0.9114 0.3837
vn 0.2162 0.8675 0.4479
vn 0.1542 0.9279 0.3395
vn 0.2295 0.9259 0.3001
vn -0.0583 0.8776 0.4758
vn 0.0288 0.9701 0.2410
vn -0.0201 0.9994 -0.0270
vn 0.0369 0.8600 0.5089
vn -0.0500 0.8038 0.5927
vn 0.0433 0.8219 0.5680
vn 0.0111 0.9020 0.4317
vn -0.1256 0.8506 0.5105
vn 0.0543 0.9548 0.2924
vn 0.2708 0.9105 0.3124
vn 0.1557 0.9076 0.3898
vn -0.1049 0.8051 0.5838
vn -0.1974 0.7097 0.6762
vn -0.1983 0.7094 0.6763
vn -0.2073 0.7824 0.5873
vn -0.0572 0.8997 0.4327
vn 0.1141 0.9362 0.3323
vn 0.2364 0.7519 0.6155
vn 0.1747 0.7258 0.6653
vn -0.1595 0.6739 0.7214
vn -0.0831 0.7232 0.6856
vn -0.1322 0.8522 0.5062
vn -0.0256 0.9664 0.2556
vn -0.0220 0.9608 0.2764
vn 0.0299 0.9717 0.2341
vn -0.0114 0.9658 0.2590
vn 0.0932 0.8989 0.4281
vn 0.2060 0.8912 0.4041
vn 0.0167 0.9695 0.2444
vn 0.0861 0.9644 0.2499
vn 0.2054 0.9167 0.3427
vn 0.0240 0.8598 0.5101
vn -0.0112 0.8739 0.4859
vn 0.1404 0.9696 0.2005
vn 0.1664 0.9609 0.2211
vn 0.0980 0.9903 0.0983
vn -0.1247 0.9303 0.3450
vn 0.4172 0.7481 0.5161
vn 0.0263 0.8173 0.5756
vn -0.2100 0.7824 0.5864
vn 0.0086 0.9999 0.0088
vn 0.0715 0.9758 0.2067
vn 0.1290 0.9190 0.3726
vn 0.1417 0.8428 0.5192
vn 0.0293 0.7795 0.6257
vn -0.0834 0.8349 0.5441
vn -0.1465 0.8025 0.5784
vn 0.0706 0.9899 -0.1225
vn 0.0475 0.9940 0.0988
vn 0.2579 0.8715 0.4171
vn 0.1436 0.9413 0.3054
vn 0.1239 0.9461 0.2994
vn 0.0325 0.9676 0.2502
vn -0.0356 0.9501 0.3101
vn -0.1478 0.7520 0.6424
vn 0.1184 0.9893 0.0849
vn -0.0522 0.7801 0.6235
vn -0.1775 0.7941 0.5812
vn 0.0270 0.8455 0.5333
vn 0.0010 0.9805 0.1966
vn -0.1974 0.9467 0.2547
vn -0.0129 0.9999 0.0069
vn 0.1129 0.9177 0.3809
vn 0.0832 0.9341 0.3473
vn -0.0314 0.9871 0.1568
vn 0.0778 0.9730 0.2175
vn 0.0740 0.9930 0.0923
vn -0.1765 0.9765 0.1235
vn -0.1197 0.9785 0.1678
vn -0.0188 0.9968 0.0776
vn -0.0605 0.9979 0.0219
vn -0.0253 0.9906 0.1346
vn 0.1645 0.9694 0.1821
vn 0.0044 0.9735 0.2285
vn 0.1225 0.9829 0.1373
vn 0.0751 0.9846 0.1578
vn -0.0019 0.9995 0.0305
vn -0.2234 0.8877 0.4026
vn 0.0263 0.9739 0.2254
vn 0.0146 0.9998 0.0162
vn 0.3188 0.7976 0.5121
vn 0.0218 0.8581 0.5130
vn -0.1462 0.8171 0.5576
vn 0.0738 0.9871 0.1419
vn -0.0015 0.9997 0.0233
vn 0.1541 0.9747 0.1620
vn 0.0308 0.9755 0.2179
vn 0.1780 0.9639 0.1981
vn 0.0008 1.0000 0.0024
vn 0.1893 0.9593 0.2095
vn -0.0144 0.9998 0.0122
vn -0.1096 0.9861 0.1249
vn -0.1579 0.9687 0.1917
vn 0.1823 0.8641 0.4692
vn -0.1394 0.9625 0.2326
vn -0.0004 0.9705 0.2412
vn -0.0445 0.9952 -0.0875
vn 0.0333 0.9993 -0.0193
vn -0.0518 0.9968 0.0608
vn 0.1529 0.9482 0.2786
vn 0.0809 0.9848 0.1538
vn 0.0904 0.9833 0.1578
vn -0.0552 0.9965 0.0627
vn -0.0521 0.9964 0.0664
vn 0.0099 0.9878 0.1555
vn 0.0547 0.9972 0.0516
vn 0.0082 0.9998 0.0178
vn -0.0557 0.9252 0.3755
vn -0.0301 0.9910 0.1301
vn -0.1865 0.9592 0.2126
vn 0.0388 0.9888 0.1442
vn -0.0607 0.8830 0.4655
vn 0.0003 0.9998 -0.0207
vn -0.1072 0.9813 0.1601
vn -0.0011 0.9961 0.0886
vn 0.1370 0.9622 0.2353
vn 0.1708 0.9400 0.2954
vn 0.1086 0.9707 0.2142
vn 0.0075 0.9999 0.0109
vn 0.3046 0.9392 0.1584
vn 0.1033 0.9910 0.0846
vn -0.0444 0.9906 0.1294
vn 0.3139 0.8504 0.4222
vn 0.3254 0.8013 0.5019
vn 0.1175 0.9768 0.1792
vn -0.0001 0.9728 0.2315
vn 0.1399 0.9745 0.1751
vn 0.0109 0.9850 0.1720
vn -0.0232 0.9968 0.0763
vn -0.0060 0.9995 0.0314
vn 0.1310 0.9603 0.2462
vn 0.2081 0.9752 0.0748
vn -0.0220 0.9880 0.1529
vn -0.1067 0.9869 0.1210
vn 0.0722 0.9846 0.1590
vn -0.0533 0.9949 0.0856
vn 0.0865 0.9359 -0.3414
vn -0.0024 0.9707 0.2404
vn -0.0266 0.9932 0.1130
vn -0.0380 0.9906 0.1314
vn -0.0088 0.9988 0.0476
vn -0.0064 0.9988 0.0477
vn -0.0132 0.9983 0.0564
vn -0.0103 0.9999 0.0125
vn 0.2098 0.9375 0.2775
vn -0.0003 1.0000 0.0041
vn 0.0838 0.9929 0.0848
vn -0.0709 0.9879 0.1382
vn -0.0544 0.9834 0.1730
vn 0.2063 0.9599 0.1896
vn 0.0346 0.9958 0.0851
vn 0.1661 0.9848 0.0502
vn 0.0816 0.9947 0.0627
vn 0.0019 0.9700 0.2430
vn 0.0045 1.0000 0.0088
vn 0.2116 0.8871 0.4102
vn -0.0154 0.9980 0.0609
vn 0.0506 0.9965 0.0661
vn -0.0174 0.9986 -0.0508
vn 0.1011 0.9735 0.2052
vn -0.0109 0.9998 0.0141
vn -0.1373 0.9807 0.1393
vn -0.2598 0.9650 0.0370
vn 0.0096 0.9999 0.0091
vn 0.1646 0.9758 0.1439
vn 0.2198 0.9755 -0.0076
vn 0.0053 1.0000 0.0069
vn -0.0593 0.9980 0.0200
vn 0.0843 0.9866 0.1396
vn 0.0514 0.9930 0.1067
vn 0.0004 1.0000 -0.0076
vn 0.1673 0.9852 0.0378
vn 0.0166 0.9759 0.2176
vn -0.0245 0.9868 0.1600
vn 0.1856 0.9665 0.1772
vn -0.0281 0.9980 0.0564
vn -0.0333 0.9796 0.1983
vn -0.1055 0.9865 0.1255
vn 0.0002 1.0000 0.0013
vn -0.0002 1.0000 -0.0003
vn -0.0000 1.0000 0.0001
vn -0.0408 0.9959 -0.0807
vn -0.0319 0.9922 0.1208
vn -0.1638 0.9641 0.2092
vn -0.0687 0.9840 0.1646
vn -0.0618 0.9876 0.1442
vn -0.0416 0.9904 0.1319
vn -0.0389 0.9844 0.1713
vn -0.0485 0.9871 0.1527
vn -0.1294 0.9572 0.2588
vn 0.1321 0.9515 0.2777
vn -0.2380 0.9709 0.0258
vn -0.0022 1.0000 0.0042
vn 0.1972 0.9668 0.1624
vn 0.0981 0.9902 0.0991
vn -0.1232 0.9911 0.0500
vn -0.0017 0.9945 0.1052
vn -0.0072 0.9991 0.0410
vn 0.0450 0.9795 0.1964
vn 0.0317 0.9919 0.1227
vn -0.0043 0.9729 0.2313
vn 0.0114 0.9541 0.2993
vn 0.0064 0.9850 0.1726
vn -0.0269 0.9904 0.1359
vn -0.0575 0.9905 0.1248
vn -0.0560 0.9926 0.1082
vn -0.0021 0.9696 0.2448
vn 0.0051 1.0000 0.0006
vn -0.0298 0.9969 0.0730
vn -0.1250 0.9563 0.2644
vn -0.0388 0.9933 0.1091
vn -0.0039 0.9999 0.0140
vn 0.0033 1.0000 0.0010
vn 0.1544 0.9775 0.1441
vn 0.0018 0.9959 0.0907
vn 0.2884 0.9278 0.2366
vn 0.2302 0.9263 0.2981
vn 0.4493 0.8910 0.0655
vn -0.0175 0.9968 0.0780
vn -0.1639 0.9697 0.1812
vn 0.0507 0.9898 0.1329
vn 0.0015 1.0000 0.0089
vn -0.0766 0.9959 0.0487
vn 0.0059 0.9901 0.1404
vn 0.0018 1.0000 0.0028
vn 0.0184 0.9893 0.1450
vn -0.2352 0.9538 0.1868
vn -0.0320 0.9853 0.1677
vn -0.0039 1.0000 -0.0083
vn -0.2607 0.9461 0.1921
vn 0.0129 0.9987 0.0502
vn 0.0044 1.0000 0.0036
vn 0.0047 1.0000 0.0037
vn 0.2311 0.9365 0.2637
vn -0.0021 1.0000 0.0003
vn 0.0151 0.9848 0.1733
vn -0.2054 0.9468 0.2477
vn 0.1009 0.9883 0.1147
vn 0.2048 0.9663 0.1559
vn 0.1966 0.9459 0.2581
vn 0.0508 0.9871 0.1516
vn 0.0285 0.9900 0.1379
vn -0.0353 0.9994 -0.0027
vn -0.0579 0.9919 0.1129
vn -0.0060 0.9752 0.2212
vn -0.0425 0.9975 0.0573
vn -0.0301 0.9739 0.2251
vn 0.0871 0.9890 0.1196
vn 0.0135 0.9898 0.1416
vn 0.0220 0.9998 -0.0021
vn -0.1135 0.9775 0.1780
vn -0.1303 0.9782 0.1619
vn -0.0043 0.9998 0.0198
vn 0.0330 0.9864 0.1613
vn -0.0076 0.9969 0.0782
vn 0.1361 0.9557 0.2611
vn 0.0035 0.9993 0.0385
vn 0.0134 0.9999 0.0084
vn 0.0939 0.9883 -0.1200
vn -0.0015 1.0000 -0.0000
vn -0.2145 0.9620 0.1690
vn 0.0248 0.9997 -0.0025
vn 0.1211 0.9790 0.1638
vn -0.0081 0.9921 0.1255
vn 0.0918 0.9805 0.1736
vn 0.1478 0.9700 0.1931
vn -0.0214 0.9961 0.0851
vn 0.0002 1.0000 0.0062
vn -0.0047 1.0000 0.0022
vn 0.0003 1.0000 0.0036
vn -0.0009 1.0000 0.0092
vn -0.0143 0.9873 0.1582
vn 0.1264 0.9071 0.4015
vn -0.1561 0.9877 0.0105
vn 0.0078 1.0000 -0.0030
vn -0.0122 0.9998 0.0161
vn 0.1238 0.9848 0.1218
vn 0.1610 0.9869 0.0139
vn 0.0172 0.9969 0.0763
vn 0.0699 0.9907 0.1170
vn -0.0125 0.9970 0.0767
vn -0.2538 0.9593 0.1239
vn 0.0092 0.9919 0.1266
vn 0.0005 1.0000 0.0007
vn 0.1134 0.9891 0.0939
vn 0.0932 0.9656 0.2426
vn 0.0238 0.9883 0.1509
vn 0.0910 0.9946 0.0497
vn -0.0035 1.0000 0.0053
vn 0.0089 0.9654 0.2605
vn 0.0036 1.0000 -0.0010
vn -0.0530 0.9900 0.1310
vn -0.0218 0.9921 0.1237
vn -0.0028 1.0000 0.0022
vn 0.1511 0.9829 0.1053
vn 0.1578 0.9839 0.0845
vn -0.0276 0.9996 -0.0031
vn -0.0026 1.0000 -0.0026
vn -0.1348 0.9811 0.1387
vn -0.0045 1.0000 0.0035
vn -0.0234 0.9922 0.1224
vn 0.0875 0.9937 0.0703
vn 0.0157 0.9996 -0.0222
vn 0.0335 0.9875 0.1540
vn 0.0137 0.9877 0.1559
vn 0.0045 1.0000 -0.0032
vn -0.0210 0.9989 0.0430
vn -0.0044 0.9991 0.0423
vn -0.1171 0.9748 0.1901
vn -0.0027 1.0000 0.0009
vn 0.0622 0.9843 0.1652
vn -0.0265 0.9956 0.0894
vn 0.0404 0.9934 0.1075
vn -0.0993 0.9695 0.2239
vn -0.0030 1.0000 0.0044
vn -0.1298 0.9746 0.1824
vn -0.2580 0.9428 0.2111
vn -0.0812 0.9818 0.1718
vn -0.0266 0.9929 0.1162
vn 0.1468 0.9585 0.2444
vn 0.0034 1.0000 0.0009
vn 0.0365 0.9829 0.1807
vn 0.0280 0.9994 0.0189
vn -0.0020 1.0000 0.0065
vn 0.0523 0.9956 0.0779
vn 0.1127 0.9801 0.1632
vn 0.0299 0.9898 0.1391
vn 0.0165 0.9929 0.1178
vn -0.0197 0.9903 0.1377
vn 0.1920 0.9587 0.2098
vn 0.0072 0.9999 0.0071
vn -0.1919 0.9570 0.2175
vn 0.0335 0.9925 0.1176
vn -0.0182 0.9962 0.0857
vn -0.0040 1.0000 -0.0030
vn 0.0036 0.9998 -0.0181
vn 0.0076 0.9998 -0.0202
vn -0.2570 0.9661 0.0237
vn -0.0185 0.9983 -0.0548
vn -0.0023 1.0000 -0.0006
vn 0.0236 0.9965 0.0797
vn 0.1252 0.9881 0.0890
vn -0.0112 0.9742 0.2252
vn -0.0128 0.9798 0.1996
vn -0.0142 0.9996 0.0257
vn 0.0229 0.9888 0.1478
vn 0.0224 0.9996 0.0180
vn -0.0536 0.9851 0.1633
vn 0.0433 0.9676 0.2488
vn -0.0336 0.9847 0.1712
vn -0.3431 0.8864 0.3109
vn -0.0009 1.0000 0.0050
vn -0.1171 0.9776 0.1747
vn 0.1328 0.9816 -0.1369
vn 0.1989 0.9797 0.0261
vn 0.1174 0.9929 0.0216
vn -0.0063 0.9662 0.2579
vn -0.0335 0.9963 0.0795
vn 0.1212 0.9797 0.1598
vn 0.0062 0.9218 0.3877
vn -0.0003 1.0000 0.0001
vn 0.0052 1.0000 0.0024
vn 0.0038 1.0000 0.0041
vn 0.2986 0.9500 -0.0917
vn -0.1598 0.9871 0.0104
vn 0.0005 1.0000 0.0014
vn -0.2056 0.9704 0.1271
vn -0.0011 1.0000 -0.0015
vn -0.0005 1.0000 0.0001
vn 0.2156 0.9758 0.0356
vn -0.2707 0.9625 -0.0202
vn 0.0275 0.9989 0.0390
vn -0.0072 0.9818 0.1899
vn -0.0015 0.9999 0.0171
vn 0.0426 0.8998 0.4342
vn -0.0146 0.9903 0.1379
vn -0.1607 0.9692 0.1865
vn 0.0014 1.0000 -0.0029
vn -0.1946 0.9754 0.1039
vn 0.0188 0.9998 0.0004
vn 0.1462 0.9766 -0.1580
vn 0.2457 0.9513 0.1863
vn -0.1684 0.9686 0.1830
vn 0.0276 0.9989 0.0376
vn 0.0017 1.0000 0.0034
vn -0.0028 0.9999 0.0154
vn 0.0112 0.9978 0.0659
vn -0.0017 1.0000 0.0022
vn 0.2665 0.9638 -0.0037
vn 0.2130 0.9768 0.0212
vn 0.0121 0.9987 0.0494
vn 0.0045 0.9959 0.0900
vn 0.0887 0.9893 0.1161
vn 0.2281 0.9729 -0.0368
vn 0.0002 1.0000 -0.0040
vn -0.0378 0.9870 0.1560
vn -0.0008 1.0000 0.0021
vn -0.0020 1.0000 -0.0027
vn -0.2542 0.9662 0.0437
vn -0.0270 0.9367 0.3492
vn -0.3786 0.9111 0.1627
vn -0.0160 0.9767 0.2140
vn -0.0807 0.9866 0.1419
vn -0.1980 0.8812 0.4293
vn 0.1410 0.9822 -0.1241
vn -0.0241 0.9872 0.1579
vn -0.0001 0.2503 -0.9682
vn 0.2896 0.9473 0.1371
vn -0.6544 0.5837 -0.4806
vn 0.0395 0.9978 -0.0533
vn -0.7766 0.3683 -0.5111
vn 0.0392 0.9956 0.0847
vn -0.0348 0.9969 -0.0699
vn -0.0452 0.9989 -0.0157
vn 0.0701 0.9921 -0.1038
vn -0.1324 0.9687 -0.2102
vn 0.2219 0.9441 -0.2436
vn 0.0042 0.9098 -0.4151
vn -0.1647 0.9664 0.1974
vn 0.1077 0.9410 0.3209
vn 0.0030 0.9703 0.2419
vn 0.2197 0.8953 0.3875
vn 0.0444 0.9209 0.3872
vn -0.0964 0.9197 -0.3807
vn 0.2689 0.9583 -0.0971
vn -0.0492 0.9889 0.1399
vn -0.2227 0.9461 0.2351
vn -0.0441 0.9990 0.0112
vn 0.4669 0.8264 -0.3146
vn 0.1217 0.9758 0.1815
vn -0.2062 0.9645 0.1647
vn 0.0230 0.9995 -0.0198
vn -0.0842 0.9855 -0.1472
vn -0.0841 0.9825 0.1664
vn 0.1441 0.9771 -0.1568
vn 0.9986 0.0485 -0.0208
vn 0.2490 0.9256 -0.2849
vn 0.0709 0.9704 -0.2309
vn -0.0899 0.9938 0.0651
vn -0.0397 0.9905 -0.1317
vn -0.1263 0.9834 -0.1303
vn -0.2469 0.9512 0.1850
vn -0.0266 0.9814 0.1903
vn -0.1055 0.9933 0.0468
vn -0.0096 0.9999 0.0056
vn 0.0925 0.9836 0.1546
vn 0.0476 0.9899 0.1332
vn -0.0029 1.0000 -0.0031
vn -0.0618 0.9605 0.2715
vn -0.0037 0.9997 0.0257
vn -0.0474 0.9801 0.1928
vn -0.0143 0.9888 0.1486
vn -0.0982 0.9721 0.2128
vn 0.0268 0.9958 0.0880
vn -0.0013 1.0000 -0.0023
vn -0.2653 0.6552 -0.7073
vn 0.0871 0.9356 0.3421
vn 0.1466 0.9108 0.3860
vn 0.0617 0.9903 0.1246
vn -0.2474 0.9689 0.0007
vn -0.3577 0.9104 -0.2077
vn -0.2784 0.9603 -0.0183
vn -0.1674 0.9856 0.0253
vn -0.2091 0.8871 0.4114
vn -0.2135 0.9484 0.2344
vn 0.1843 0.9812 0.0574
vn 0.1854 0.9806 0.0640
vn -0.2346 0.9455 -0.2257
vn -0.2286 0.9586 -0.1698
vn -0.0122 0.9999 0.0007
vn 0.2265 0.9740 0.0030
vn 0.2017 0.9346 -0.2929
vn -0.1111 0.9916 0.0667
vn -0.2948 0.9417 0.1619
vn -0.2748 0.9611 0.0292
vn -0.2341 0.9712 0.0453
vn -0.3947 0.9178 0.0427
vt 0.023559 0.013175
vt 0.011815 0.015625
vt 0.000061 0.007812
vt 0.053536 -0.000000
vt 0.034825 0.021205
vt 0.058886 0.007836
vt 0.062600 0.030521
vt 0.040305 0.041240
vt 0.070244 0.000001
vt 0.184678 -0.001866
vt 0.077399 0.026525
vt 0.078125 0.000000
vt 0.193131 0.014767
vt 0.172863 0.022449
vt 0.360454 0.010154
vt 0.349951 0.023321
vt 0.334381 -0.000233
vt 0.434383 0.007161
vt 0.404834 0.014582
vt 0.380889 0.015625
vt 0.426519 0.007812
vt 0.416396 0.020693
vt 0.440603 0.008476
vt 0.412314 0.034518
vt 0.462535 0.007309
vt 0.438450 0.030531
vt 0.506992 0.007812
vt 0.513170 0.021495
vt 0.464608 0.017850
vt 0.523438 0.016048
vt 0.521975 0.000344
vt 0.545040 0.010115
vt 0.533224 0.016788
vt 0.617335 0.007812
vt 0.610577 0.015625
vt 0.596506 0.007812
vt 0.635393 0.007812
vt 0.660919 0.007812
vt 0.652517 0.015625
vt 0.664062 0.015625
vt 0.672271 0.015039
vt 0.678911 -0.000094
vt 0.696184 0.015805
vt 0.708983 0.007826
vt 0.709936 0.020351
vt 0.723218 0.007812
vt 0.738007 0.015792
vt 0.737441 0.007813
vt 0.757875 0.031250
vt 0.773771 0.006573
vt 0.825591 0.000187
vt 0.830670 0.023074
vt 0.809160 0.018916
vt 0.874634 0.007812
vt 0.877878 0.021451
vt 0.852951 0.026123
vt 0.885267 0.013461
vt 0.906232 0.008144
vt 0.898438 0.036999
vt 0.980389 0.019309
vt 0.946260 0.031043
vt 0.979881 -0.000162
vt 0.254941 0.008858
vt 0.225502 0.028545
vt 0.240025 0.006703
vt 0.269522 0.014690
vt 0.260794 0.023437
vt 0.293919 0.015625
vt 0.280770 0.023438
vt 0.313859 0.007402
vt 0.292947 0.029577
vt 0.327405 0.023438
vt 0.395172 0.023438
vt 0.406250 0.023698
vt 0.425258 0.031860
vt 0.490707 0.024269
vt 0.556393 0.029912
vt 0.560184 0.023437
vt 0.570732 0.015625
vt 0.586131 0.023438
vt 0.570313 0.029941
vt 0.591863 0.015625
vt 0.595222 0.023438
vt 0.660450 0.023438
vt 0.646616 0.023437
vt 0.796875 0.018673
vt 0.789063 0.030957
vt 0.939325 0.010983
vt 0.909321 0.039230
vt 0.919006 0.014155
vt 0.945252 0.022882
vt 0.937121 0.027111
vt 1.000003 0.000000
vt 0.977894 0.040415
vt 0.203291 0.017195
vt 0.197126 0.036565
vt 0.210514 0.024781
vt 0.237187 0.038904
vt 0.368062 0.023438
vt 0.362278 0.031250
vt 0.398438 0.031250
vt 0.501502 0.049262
vt 0.610343 0.031250
vt 0.590585 0.032147
vt 0.609375 0.023438
vt 0.618858 0.023224
vt 0.631157 0.031250
vt 0.740607 0.030232
vt 0.790388 0.042426
vt 0.800619 0.034994
vt 0.889215 0.034965
vt 0.968791 0.044885
vt 0.203125 0.042685
vt 0.260899 0.031250
vt 0.274798 0.034319
vt 0.250335 0.054747
vt 0.289254 0.039063
vt 0.386411 0.031250
vt 0.399713 0.040669
vt 0.430996 0.049819
vt 0.485419 0.034080
vt 0.530791 0.040703
vt 0.518403 0.045251
vt 0.554288 0.039604
vt 0.569522 0.039062
vt 0.597928 0.039063
vt 0.616166 0.039334
vt 0.701871 0.031250
vt 0.713435 0.039681
vt 0.688164 0.031038
vt 0.738960 0.039063
vt 0.870119 0.039919
vt 0.853991 0.035156
vt 0.911405 0.047214
vt 0.161005 0.031246
vt 0.165787 0.041718
vt 0.156194 0.071435
vt 0.187500 0.034437
vt 0.177957 0.048605
vt 0.182671 0.027932
vt 0.277452 0.047385
vt 0.316536 0.031311
vt 0.320987 0.047297
vt 0.306401 0.043268
vt 0.571931 0.048506
vt 0.550525 0.050525
vt 0.582961 0.046875
vt 0.676576 0.043763
vt 0.665204 0.046875
vt 0.647591 0.048306
vt 0.723759 0.055381
vt 0.718750 0.039062
vt 0.730110 0.050422
vt 0.753225 0.059431
vt 0.745837 0.058337
vt 0.770140 0.061255
vt 0.024254 0.053383
vt 0.015039 0.070952
vt 0.018965 0.040810
vt 0.038373 0.057703
vt 0.054493 0.044691
vt 0.055564 0.117261
vt 0.178918 0.062157
vt 0.192040 0.063858
vt 0.260336 0.059977
vt 0.303233 0.061548
vt 0.343165 0.047318
vt 0.336888 0.058554
vt 0.457012 0.045889
vt 0.433522 0.060764
vt 0.492188 0.072670
vt 0.484597 0.064431
vt 0.522142 0.058515
vt 0.593729 0.062563
vt 0.625874 0.039835
vt 0.626787 0.050763
vt 0.669245 0.054826
vt 0.697433 0.077413
vt 0.858879 0.048555
vt 0.835471 0.066862
vt 0.842164 0.047009
vt 0.889868 0.054613
vt 0.867481 0.052582
vt 0.169934 0.070654
vt 0.218843 0.047837
vt 0.212500 0.065625
vt 0.268542 0.066635
vt 0.352768 0.061554
vt 0.404759 0.054446
vt 0.387074 0.077988
vt 0.392710 0.053130
vt 0.414588 0.050591
vt 0.407582 0.066965
vt 0.456719 0.062056
vt 0.780799 0.062951
vt 0.795831 0.064277
vt 0.782170 0.077493
vt 0.825442 0.047489
vt 0.812720 0.071661
vt 0.809622 0.050170
vt 0.853281 0.068594
vt 0.882572 0.062500
vt 0.999159 0.054167
vt 0.988755 0.063581
vt 0.983888 0.053639
vt 0.240330 0.062500
vt 0.220834 0.070313
vt 0.245247 0.080620
vt 0.254008 0.058492
vt 0.308312 0.070312
vt 0.283319 0.081272
vt 0.427301 0.070313
vt 0.431018 0.080861
vt 0.546228 0.058775
vt 0.518902 0.076410
vt 0.645289 0.080351
vt 0.630512 0.062500
vt 0.750000 0.075862
vt 0.879294 0.087307
vt 0.943056 0.074395
vt 0.983599 0.082517
vt 0.077960 0.169722
vt 0.263832 0.082648
vt 0.303548 0.082435
vt 0.324316 0.076624
vt 0.409888 0.078471
vt 0.484375 0.101022
vt 0.455366 0.077875
vt 0.585362 0.084094
vt 0.576624 0.078992
vt 0.669695 0.073657
vt 0.663140 0.098856
vt 0.741967 0.069380
vt 0.739477 0.077967
vt 0.767792 0.078125
vt 0.791086 0.086048
vt 0.865030 0.072216
vt 0.846320 0.084785
vt 0.999995 0.078126
vt 0.067955 0.122959
vt 0.062500 0.097332
vt 0.185087 0.085069
vt 0.183082 0.099340
vt 0.234375 0.095166
vt 0.239089 0.072273
vt 0.277823 0.092492
vt 0.339518 0.078497
vt 0.326005 0.089675
vt 0.384960 0.085938
vt 0.365435 0.081317
vt 0.539062 0.080925
vt 0.517057 0.108112
vt 0.674854 0.081351
vt 0.700233 0.091445
vt 0.729215 0.086722
vt 0.718750 0.066776
vt 0.757812 0.083191
vt 0.750000 0.102019
vt 0.797948 0.093879
vt 0.813369 0.091072
vt 0.841488 0.075388
vt 0.836389 0.085486
vt 0.871503 0.079209
vt 0.866244 0.091966
vt 0.195011 0.082537
vt 0.214972 0.085308
vt 0.209870 0.101033
vt 0.226563 0.086949
vt 0.218750 0.107765
vt 0.274154 0.101713
vt 0.289063 0.091628
vt 0.298032 0.095861
vt 0.339064 0.098492
vt 0.392728 0.095377
vt 0.368674 0.093750
vt 0.475647 0.101767
vt 0.586192 0.092238
vt 0.598404 0.086489
vt 0.683514 0.099944
vt 0.739401 0.090323
vt 0.840290 0.105023
vt 0.902863 0.119503
vt 0.166405 0.119419
vt 0.194559 0.107890
vt 0.252014 0.093750
vt 0.254872 0.102417
vt 0.285360 0.106418
vt 0.318569 0.103316
vt 0.366559 0.114824
vt 0.425275 0.101563
vt 0.410425 0.095502
vt 0.434193 0.107001
vt 0.541253 0.092378
vt 0.536690 0.106924
vt 0.617246 0.108349
vt 0.607373 0.112169
vt 0.635956 0.101241
vt 0.623484 0.096004
vt 0.722176 0.106389
vt 0.703090 0.101562
vt 0.742376 0.113256
vt 0.781944 0.100199
vt 0.825062 0.110530
vt 0.851787 0.113067
vt 0.970844 0.089733
vt 0.959593 0.101563
vt 0.960021 0.082398
vt 0.960750 0.124342
vt 0.025660 0.135285
vt 0.218363 0.121029
vt 0.234375 0.107068
vt 0.226563 0.113375
vt 0.226563 0.101563
vt 0.282148 0.114123
vt 0.319171 0.115824
vt 0.381336 0.113835
vt 0.410844 0.116011
vt 0.509523 0.071382
vt 0.507907 0.109904
vt 0.499121 0.101816
vt 0.587334 0.103834
vt 0.574210 0.113614
vt 0.671144 0.116508
vt 0.658871 0.110593
vt 0.765625 0.101188
vt 0.757813 0.114884
vt 0.792522 0.119443
vt 0.838486 0.117279
vt 0.857678 0.117011
vt 0.952013 0.075906
vt 0.913157 0.118698
vt 0.946110 0.109515
vt 0.195298 0.117188
vt 0.247968 0.120157
vt 0.240806 0.113158
vt 0.356365 0.109991
vt 0.358736 0.120237
vt 0.494683 0.129787
vt 0.518551 0.119109
vt 0.596624 0.123970
vt 0.640615 0.116908
vt 0.628405 0.120831
vt 0.685303 0.124877
vt 0.750000 0.121487
vt 0.776506 0.116849
vt 0.765625 0.118429
vt 0.800794 0.121541
vt 0.016761 0.142629
vt 0.179690 0.160124
vt 0.175372 0.118752
vt 0.227281 0.125000
vt 0.297586 0.128588
vt 0.281067 0.129322
vt 0.320731 0.131065
vt 0.327968 0.138753
vt 0.472502 0.118716
vt 0.453623 0.129144
vt 0.616339 0.125221
vt 0.655116 0.128956
vt 0.712667 0.111723
vt 0.720777 0.142506
vt 0.710567 0.146955
vt 0.740617 0.129929
vt 0.822742 0.123675
vt 0.954600 0.132694
vt 0.999580 0.110704
vt 0.986852 0.126682
vt 0.976377 0.126399
vt 0.171875 0.155701
vt 0.241787 0.132812
vt 0.226563 0.140745
vt 0.312715 0.137823
vt 0.338023 0.136427
vt 0.393634 0.135390
vt 0.384621 0.133175
vt 0.477465 0.134366
vt 0.534830 0.131792
vt 0.523692 0.141101
vt 0.578125 0.127613
vt 0.575951 0.139375
vt 0.622651 0.141037
vt 0.607222 0.137747
vt 0.651251 0.140306
vt 0.629380 0.141187
vt 0.679742 0.145219
vt 0.757789 0.147305
vt 0.787677 0.139240
vt 0.837586 0.129024
vt 0.848343 0.135316
vt 0.968758 0.128094
vt 0.007813 0.141385
vt 0.007813 0.086489
vt 0.054911 0.152581
vt 0.029866 0.143232
vt 0.218750 0.154825
vt 0.267797 0.133958
vt 0.238224 0.143816
vt 0.271066 0.148067
vt 0.344599 0.146086
vt 0.377465 0.140625
vt 0.393256 0.114165
vt 0.464312 0.155887
vt 0.585938 0.139699
vt 0.665340 0.148963
vt 0.773438 0.136435
vt 0.765625 0.147350
vt 0.794475 0.148486
vt 0.810858 0.142687
vt 0.923379 0.133729
vt 0.903800 0.162337
vt 0.978954 0.145670
vt 1.000000 0.139323
vt 0.060637 0.164558
vt 0.210938 0.161478
vt 0.210938 0.129981
vt 0.250999 0.150791
vt 0.319734 0.157381
vt 0.392825 0.151629
vt 0.451353 0.141057
vt 0.429629 0.155874
vt 0.458331 0.162823
vt 0.483530 0.152486
vt 0.546898 0.152374
vt 0.647099 0.154143
vt 0.711057 0.156680
vt 0.781939 0.150974
vt 0.773438 0.163997
vt 0.836397 0.152013
vt 0.825682 0.143068
vt 0.852413 0.142099
vt 0.942574 0.135462
vt 0.922216 0.155713
vt 0.168376 0.160958
vt 0.226977 0.157699
vt 0.256762 0.160773
vt 0.282117 0.149024
vt 0.275231 0.173946
vt 0.328924 0.163426
vt 0.421636 0.158681
vt 0.399044 0.156689
vt 0.437500 0.157485
vt 0.522888 0.171796
vt 0.526971 0.149513
vt 0.579586 0.159162
vt 0.565480 0.162638
vt 0.621854 0.156838
vt 0.682346 0.164743
vt 0.730372 0.167902
vt 0.742166 0.151413
vt 0.757812 0.157990
vt 0.765625 0.159572
vt 0.822051 0.158863
vt 0.948341 0.145851
vt 0.999995 0.152907
vt 0.962679 0.164197
vt 0.031154 0.176613
vt 0.241494 0.166381
vt 0.293608 0.156981
vt 0.281250 0.169877
vt 0.312403 0.167506
vt 0.309385 0.150444
vt 0.362495 0.170684
vt 0.354726 0.164745
vt 0.390522 0.164895
vt 0.505547 0.145620
vt 0.492794 0.170952
vt 0.513580 0.161809
vt 0.548025 0.164452
vt 0.598194 0.165440
vt 0.750000 0.169120
vt 0.742188 0.168462
vt 0.836859 0.165051
vt 0.868441 0.170951
vt 0.019624 0.163541
vt 0.009316 0.167264
vt 0.174910 0.193267
vt 0.200825 0.170350
vt 0.234375 0.175346
vt 0.228167 0.183362
vt 0.256018 0.184764
vt 0.273378 0.210044
vt 0.337968 0.166741
vt 0.321624 0.172309
vt 0.355546 0.181726
vt 0.396404 0.174456
vt 0.413535 0.171604
vt 0.481742 0.172475
vt 0.508368 0.181248
vt 0.586718 0.172509
vt 0.571789 0.172618
vt 0.640625 0.170476
vt 0.620396 0.163884
vt 0.670764 0.176802
vt 0.722491 0.199700
vt 0.765625 0.177465
vt 0.790703 0.179539
vt 0.804987 0.162878
vt 0.826046 0.175978
vt 0.862358 0.175309
vt 0.885213 0.176547
vt 0.947210 0.156117
vt 0.933532 0.171633
vt 0.927029 0.164790
vt 0.943848 0.202773
vt 0.013958 0.196142
vt 0.000000 0.180128
vt 0.205061 0.183549
vt 0.218750 0.178097
vt 0.330146 0.183778
vt 0.457508 0.176715
vt 0.434554 0.192982
vt 0.480373 0.188776
vt 0.543698 0.176009
vt 0.550307 0.183572
vt 0.596884 0.194489
vt 0.573210 0.183329
vt 0.651429 0.172348
vt 0.648226 0.187767
vt 0.757812 0.172925
vt 0.755087 0.184775
vt 0.810603 0.179688
vt 0.844498 0.181947
vt 0.935403 0.195804
vt 0.983469 0.172678
vt 0.960888 0.185544
vt 0.060222 0.187500
vt 0.042513 0.188004
vt 0.070312 0.176363
vt 0.218477 0.187591
vt 0.242542 0.187500
vt 0.294108 0.192285
vt 0.319247 0.192116
vt 0.378951 0.192636
vt 0.406989 0.192945
vt 0.396020 0.193549
vt 0.464458 0.195058
vt 0.538564 0.206424
vt 0.562500 0.193830
vt 0.664733 0.191090
vt 0.687492 0.202920
vt 0.738155 0.182580
vt 0.730185 0.193833
vt 0.818799 0.187500
vt 0.802544 0.196407
vt 0.871485 0.187500
vt 0.854335 0.194932
vt 0.916905 0.187500
vt 0.901307 0.185245
vt 0.973758 0.187500
vt 0.073005 0.196050
vt 0.085938 0.215090
vt 0.094361 0.231839
vt 0.203125 0.198332
vt 0.554688 0.191882
vt 0.551445 0.200245
vt 0.656546 0.197459
vt 0.645436 0.195037
vt 0.696578 0.196578
vt 0.751045 0.196357
vt 0.778445 0.193089
vt 0.770208 0.199919
vt 0.789104 0.191900
vt 0.777340 0.179934
vt 0.828375 0.195313
vt 0.835938 0.194015
vt 0.880544 0.195900
vt 0.919832 0.198259
vt 0.976059 0.210554
vt 0.964952 0.202590
vt 0.999986 0.189512
vt 0.989767 0.195313
vt 0.195313 0.205676
vt 0.264889 0.197952
vt 0.250000 0.205529
vt 0.334484 0.201229
vt 0.316088 0.203450
vt 0.362825 0.199176
vt 0.343858 0.193713
vt 0.484978 0.197441
vt 0.467984 0.205338
vt 0.515366 0.182661
vt 0.507562 0.212550
vt 0.524993 0.201861
vt 0.638056 0.201672
vt 0.771201 0.208701
vt 0.781250 0.203834
vt 0.828790 0.210859
vt 0.859903 0.203319
vt 0.851794 0.207615
vt 0.954355 0.209184
vt 0.041856 0.214699
vt 0.027960 0.219904
vt 0.070038 0.210938
vt 0.078303 0.219553
vt 0.186823 0.202009
vt 0.178018 0.248388
vt 0.227578 0.207221
vt 0.218440 0.218759
vt 0.226014 0.195155
vt 0.241435 0.202473
vt 0.248158 0.216908
vt 0.295817 0.207445
vt 0.284139 0.215341
vt 0.470367 0.213767
vt 0.621377 0.198791
vt 0.626664 0.223853
vt 0.829403 0.218587
vt 0.889697 0.200167
vt 0.880523 0.217358
vt 0.920201 0.212019
vt 0.204298 0.219995
vt 0.267574 0.221764
vt 0.334832 0.217373
vt 0.308092 0.209137
vt 0.442882 0.197659
vt 0.454235 0.230074
vt 0.438179 0.223753
vt 0.604287 0.207521
vt 0.589688 0.218750
vt 0.580820 0.209264
vt 0.613738 0.207488
vt 0.611935 0.221571
vt 0.684666 0.233928
vt 0.655279 0.213993
vt 0.717297 0.212220
vt 0.738318 0.212684
vt 0.742052 0.235376
vt 0.757812 0.214973
vt 0.745634 0.224448
vt 0.750000 0.205333
vt 0.809205 0.209947
vt 0.796875 0.227156
vt 0.789416 0.218396
vt 0.892881 0.220380
vt 0.911545 0.230642
vt 0.982597 0.220578
vt 0.966971 0.219118
vt 0.999271 0.211405
vt 0.235755 0.222206
vt 0.234666 0.234666
vt 0.295988 0.230020
vt 0.314539 0.226731
vt 0.368613 0.213520
vt 0.317719 0.233478
vt 0.405967 0.236435
vt 0.422183 0.236003
vt 0.440915 0.234322
vt 0.536986 0.225218
vt 0.506493 0.228284
vt 0.711971 0.242686
vt 0.789063 0.226563
vt 0.818379 0.218830
vt 0.804688 0.233337
vt 0.879681 0.227326
vt 0.017677 0.221810
vt 0.010315 0.242188
vt 0.009287 0.203125
vt 0.054773 0.235889
vt 0.058040 0.248905
vt 0.087402 0.237016
vt 0.210246 0.257065
vt 0.244141 0.231684
vt 0.257280 0.226563
vt 0.257813 0.234375
vt 0.277433 0.239910
vt 0.378978 0.235578
vt 0.408032 0.223954
vt 0.389387 0.227568
vt 0.456480 0.241061
vt 0.516980 0.234375
vt 0.501417 0.236400
vt 0.573722 0.221653
vt 0.583727 0.237059
vt 0.572781 0.234988
vt 0.616040 0.234375
vt 0.773438 0.219275
vt 0.781250 0.223297
vt 0.773438 0.237882
vt 0.789063 0.240618
vt 0.851310 0.225238
vt 0.832109 0.234375
vt 0.831701 0.226563
vt 0.863734 0.237704
vt 0.979356 0.234878
vt 0.020240 0.247160
vt 0.220490 0.258138
vt 0.254953 0.245660
vt 0.265533 0.237197
vt 0.325321 0.242188
vt 0.361813 0.242188
vt 0.432984 0.248962
vt 0.544000 0.257309
vt 0.539062 0.242188
vt 0.553093 0.218769
vt 0.602076 0.245539
vt 0.701266 0.246828
vt 0.680869 0.242476
vt 0.762372 0.241055
vt 0.781250 0.244137
vt 0.797495 0.242314
vt 0.824080 0.239271
vt 0.811032 0.255593
vt 0.842572 0.242188
vt 0.851562 0.235015
vt 0.890625 0.233556
vt 0.876375 0.235621
vt 0.938730 0.229827
vt 0.911236 0.257190
vt 0.912699 0.239971
vt 0.945313 0.241856
vt 0.930593 0.253610
vt 0.965841 0.245545
vt 0.951912 0.220735
vt 0.083309 0.243030
vt 0.101425 0.258858
vt 0.174752 0.276588
vt 0.288905 0.249826
vt 0.324373 0.250000
vt 0.375885 0.249092
vt 0.351684 0.250000
vt 0.407940 0.256118
vt 0.414063 0.249560
vt 0.485201 0.252728
vt 0.574058 0.253398
vt 0.638664 0.233015
vt 0.637072 0.255261
vt 0.622930 0.243796
vt 0.662108 0.241071
vt 0.771440 0.258810
vt 0.842369 0.255064
vt 0.877383 0.274610
vt 0.901996 0.253741
vt 0.898438 0.239435
vt 0.947881 0.251897
vt 0.000000 0.269531
vt 0.001610 0.244359
vt 0.194259 0.248762
vt 0.196186 0.258686
vt 0.292228 0.257812
vt 0.281143 0.257705
vt 0.353855 0.257813
vt 0.306683 0.257812
vt 0.374605 0.263812
vt 0.384402 0.259199
vt 0.458841 0.259170
vt 0.510825 0.249555
vt 0.526626 0.249062
vt 0.501514 0.266106
vt 0.596627 0.265354
vt 0.608694 0.261447
vt 0.659917 0.251512
vt 0.637194 0.267712
vt 0.757693 0.262598
vt 0.781250 0.273155
vt 0.850728 0.265625
vt 0.968464 0.265795
vt 0.960766 0.266474
vt 0.984317 0.247360
vt 0.093826 0.289274
vt 0.091457 0.257812
vt 0.181499 0.264522
vt 0.196605 0.269878
vt 0.217774 0.267985
vt 0.268837 0.261024
vt 0.260130 0.265475
vt 0.257317 0.257987
vt 0.275770 0.260145
vt 0.288903 0.273278
vt 0.296875 0.267628
vt 0.322564 0.265625
vt 0.307832 0.265625
vt 0.424479 0.265625
vt 0.429653 0.273480
vt 0.489854 0.265625
vt 0.455796 0.272661
vt 0.576299 0.281143
vt 0.682196 0.276632
vt 0.646763 0.281294
vt 0.683809 0.262439
vt 0.688635 0.249787
vt 0.699696 0.266736
vt 0.738724 0.262168
vt 0.734098 0.253126
vt 0.796875 0.259246
vt 0.796875 0.272467
vt 0.828387 0.274085
vt 0.919063 0.267818
vt 0.935443 0.266271
vt 1.000142 0.250132
vt 0.978059 0.266639
vt 0.189781 0.290968
vt 0.234654 0.273717
vt 0.250049 0.287729
vt 0.361979 0.273438
vt 0.320120 0.273438
vt 0.409536 0.273489
vt 0.491688 0.274124
vt 0.518784 0.262391
vt 0.540756 0.273438
vt 0.516045 0.281183
vt 0.565723 0.271003
vt 0.559811 0.258187
vt 0.608824 0.273438
vt 0.609457 0.283125
vt 0.773438 0.278393
vt 0.843272 0.273438
vt 0.851800 0.285289
vt 0.897535 0.275992
vt 0.885300 0.277276
vt 0.934908 0.290959
vt 0.104865 0.288235
vt 0.109818 0.255735
vt 0.226563 0.273587
vt 0.221983 0.284483
vt 0.296962 0.280672
vt 0.280761 0.272949
vt 0.335980 0.281250
vt 0.388191 0.273438
vt 0.391397 0.281250
vt 0.373376 0.281250
vt 0.482363 0.281250
vt 0.507813 0.279371
vt 0.500000 0.283046
vt 0.535544 0.281250
vt 0.546875 0.281250
vt 0.640836 0.287786
vt 0.708252 0.267132
vt 0.723641 0.280446
vt 0.756471 0.273989
vt 0.743984 0.281250
vt 0.822622 0.285352
vt 0.818911 0.268819
vt 0.836045 0.286232
vt 0.917802 0.285402
vt 0.962746 0.281024
vt 0.990650 0.307141
vt 0.976563 0.335731
vt 0.014383 0.292901
vt -0.002604 0.299479
vt 0.179024 0.296788
vt 0.309025 0.300435
vt 0.268279 0.289257
vt 0.329825 0.289063
vt 0.316291 0.289062
vt 0.359452 0.289063
vt 0.384868 0.289062
vt 0.446392 0.281250
vt 0.459960 0.289063
vt 0.438252 0.289063
vt 0.491379 0.293219
vt 0.558998 0.281250
vt 0.562500 0.289063
vt 0.554688 0.289062
vt 0.599077 0.294792
vt 0.573944 0.289063
vt 0.678201 0.294275
vt 0.682885 0.289063
vt 0.700212 0.287409
vt 0.721573 0.288799
vt 0.743241 0.303048
vt 0.789062 0.286968
vt 0.781250 0.296063
vt 0.806850 0.287431
vt 0.863508 0.296026
vt 0.897750 0.288991
vt 0.924627 0.296127
vt 0.947295 0.288659
vt 0.056442 0.296875
vt 0.062529 0.288755
vt 0.236006 0.296247
vt 0.225412 0.298622
vt 0.251292 0.298606
vt 0.257812 0.296353
vt 0.353336 0.296875
vt 0.321271 0.296875
vt 0.372597 0.296875
vt 0.396627 0.289063
vt 0.414168 0.289062
vt 0.415695 0.296875
vt 0.437310 0.303163
vt 0.479669 0.289063
vt 0.473565 0.296875
vt 0.507813 0.290075
vt 0.500047 0.304791
vt 0.544115 0.289063
vt 0.528140 0.296875
vt 0.524756 0.289062
vt 0.561907 0.297285
vt 0.705299 0.304042
vt 0.773438 0.306968
vt 0.963235 0.300697
vt 0.016711 0.298424
vt 0.007812 0.342706
vt 0.063558 0.305527
vt 0.085687 0.304682
vt 0.089958 0.314561
vt 0.237102 0.313783
vt 0.322520 0.304641
vt 0.413724 0.305270
vt 0.454698 0.306743
vt 0.515625 0.290806
vt 0.513541 0.315172
vt 0.549455 0.304688
vt 0.522918 0.309193
vt 0.584743 0.296875
vt 0.596231 0.311930
vt 0.608499 0.304688
vt 0.796875 0.296875
vt 0.806629 0.301240
vt 0.796875 0.309576
vt 0.871215 0.312113
vt 0.851552 0.311918
vt 0.061803 0.314491
vt 0.138572 0.340664
vt 0.206784 0.312500
vt 0.183845 0.304443
vt 0.218347 0.317096
vt 0.269199 0.309106
vt 0.248968 0.320578
vt 0.307676 0.312500
vt 0.358431 0.304688
vt 0.347235 0.318438
vt 0.381010 0.321429
vt 0.376627 0.304999
vt 0.424885 0.324478
vt 0.500000 0.316419
vt 0.556450 0.315064
vt 0.546488 0.312500
vt 0.563419 0.306950
vt 0.582684 0.312593
vt 0.609375 0.312500
vt 0.640240 0.304303
vt 0.625011 0.317317
vt 0.626168 0.304688
vt 0.684574 0.306317
vt 0.661531 0.326741
vt 0.694667 0.314476
vt 0.726808 0.331697
vt 0.752705 0.302884
vt 0.772265 0.323222
vt 0.789063 0.303725
vt 0.789062 0.319914
vt 0.813433 0.319582
vt 0.937806 0.310975
vt 0.928835 0.326221
vt 0.960938 0.306943
vt 0.950771 0.319696
vt 0.950737 0.304635
vt 0.213196 0.331347
vt 0.320921 0.324298
vt 0.367743 0.317652
vt 0.396965 0.327848
vt 0.417042 0.320031
vt 0.472405 0.304704
vt 0.449954 0.327690
vt 0.465394 0.327841
vt 0.488321 0.316367
vt 0.492188 0.324693
vt 0.542101 0.327416
vt 0.573357 0.321952
vt 0.712020 0.327784
vt 0.804769 0.324259
vt 0.796875 0.326498
vt 0.844746 0.317845
vt 0.054733 0.327590
vt 0.035279 0.320198
vt 0.146773 0.343092
vt 0.172210 0.326296
vt 0.200527 0.322209
vt 0.187500 0.329506
vt 0.311410 0.327936
vt 0.302399 0.324040
vt 0.352543 0.334950
vt 0.475465 0.334943
vt 0.482119 0.311254
vt 0.505232 0.330233
vt 0.528920 0.327941
vt 0.589061 0.331156
vt 0.600403 0.327906
vt 0.688382 0.327409
vt 0.781250 0.334634
vt 0.781099 0.318150
vt 0.859275 0.327382
vt 0.838542 0.328125
vt 0.909515 0.314454
vt 0.912712 0.336823
vt 0.955995 0.331111
vt 0.968750 0.349593
vt 0.999501 0.328175
vt 0.984375 0.337616
vt 0.075599 0.333727
vt 0.066797 0.345612
vt 0.077932 0.320321
vt 0.183902 0.343819
vt 0.197623 0.341516
vt 0.273438 0.334879
vt 0.265625 0.343347
vt 0.262672 0.325396
vt 0.284260 0.335938
vt 0.285499 0.328125
vt 0.322258 0.343026
vt 0.335944 0.328125
vt 0.380565 0.335938
vt 0.457660 0.335938
vt 0.444167 0.335938
vt 0.496571 0.341302
vt 0.526494 0.340773
vt 0.515625 0.342980
vt 0.625355 0.335028
vt 0.641485 0.334810
vt 0.636650 0.340879
vt 0.660819 0.335543
vt 0.707718 0.335673
vt 0.698577 0.347473
vt 0.773438 0.345568
vt 0.818012 0.337282
vt 0.804688 0.343853
vt 0.840080 0.335938
vt 0.885285 0.320555
vt 0.893128 0.331381
vt 0.872446 0.344985
vt 0.926805 0.343082
vt 0.950177 0.335319
vt 0.047726 0.350947
vt 0.075663 0.384697
vt 0.158737 0.347658
vt 0.227966 0.348997
vt 0.257813 0.335938
vt 0.256248 0.343750
vt 0.251671 0.339437
vt 0.312500 0.346888
vt 0.343359 0.345189
vt 0.403778 0.335938
vt 0.401370 0.348631
vt 0.390760 0.355903
vt 0.434184 0.343750
vt 0.425781 0.335938
vt 0.476457 0.343489
vt 0.450178 0.343927
vt 0.481292 0.350553
vt 0.523549 0.358800
vt 0.543347 0.339803
vt 0.583484 0.354823
vt 0.572510 0.358439
vt 0.594493 0.349438
vt 0.616776 0.334093
vt 0.625000 0.343750
vt 0.662191 0.351610
vt 0.796875 0.341704
vt 0.789063 0.343750
vt 0.789062 0.335938
vt 0.888643 0.349676
vt 0.959640 0.351134
vt 0.945808 0.344884
vt 0.978178 0.360575
vt 0.025851 0.334522
vt 0.037088 0.368632
vt 0.017972 0.358703
vt 0.147258 0.358238
vt 0.167656 0.351563
vt 0.201685 0.358681
vt 0.273438 0.343750
vt 0.271734 0.355056
vt 0.284682 0.343750
vt 0.297980 0.351319
vt 0.283157 0.354300
vt 0.420068 0.343750
vt 0.419004 0.351563
vt 0.439357 0.354740
vt 0.557587 0.336461
vt 0.561874 0.374361
vt 0.539136 0.362941
vt 0.617188 0.345972
vt 0.609863 0.351563
vt 0.633739 0.362411
vt 0.684475 0.345519
vt 0.668269 0.359423
vt 0.722718 0.359903
vt 0.710729 0.352221
vt 0.749378 0.334919
vt 0.766030 0.353442
vt 0.750000 0.360169
vt 0.781250 0.352107
vt 0.773438 0.351562
vt 0.800990 0.355977
vt 0.000001 0.356774
vt 0.127929 0.373092
vt 0.165846 0.359496
vt 0.179508 0.362958
vt 0.303327 0.359375
vt 0.347786 0.358667
vt 0.332598 0.359394
vt 0.425262 0.360857
vt 0.407458 0.359580
vt 0.504618 0.367590
vt 0.492739 0.355213
vt 0.596001 0.359510
vt 0.679864 0.361745
vt 0.739147 0.364708
vt 0.739636 0.327344
vt 0.789062 0.356501
vt 0.781250 0.362748
vt 0.827992 0.358255
vt 0.805440 0.371960
vt 0.848504 0.348156
vt 0.835560 0.364548
vt 0.957926 0.381538
vt 0.007812 0.374006
vt 0.070312 0.372823
vt 0.162339 0.369750
vt 0.197003 0.367462
vt 0.242211 0.359352
vt 0.257900 0.359182
vt 0.240527 0.373964
vt 0.278660 0.367188
vt 0.313323 0.367188
vt 0.375330 0.356163
vt 0.352586 0.367312
vt 0.367359 0.374701
vt 0.398438 0.359809
vt 0.397177 0.373811
vt 0.454333 0.359594
vt 0.454795 0.375345
vt 0.472075 0.355599
vt 0.472535 0.372491
vt 0.585160 0.368121
vt 0.625000 0.367188
vt 0.624683 0.356043
vt 0.691330 0.374442
vt 0.773438 0.359375
vt 0.765625 0.367188
vt 0.758851 0.363862
vt 0.773438 0.373080
vt 0.790863 0.374598
vt 0.855212 0.358011
vt 0.849010 0.378148
vt 0.140625 0.388138
vt 0.129963 0.382596
vt 0.224576 0.367505
vt 0.204498 0.388004
vt 0.266547 0.369244
vt 0.252179 0.376217
vt 0.283007 0.375000
vt 0.309698 0.375037
vt 0.343343 0.383038
vt 0.380106 0.377464
vt 0.406250 0.371581
vt 0.439193 0.381113
vt 0.421364 0.381019
vt 0.493154 0.381511
vt 0.540387 0.382491
vt 0.609145 0.364669
vt 0.617188 0.367170
vt 0.609375 0.382588
vt 0.675761 0.380617
vt 0.695536 0.387817
vt 0.751775 0.384453
vt 0.765625 0.375000
vt 0.827888 0.386624
vt 0.865095 0.366275
vt 0.999819 0.374415
vt 0.966826 0.385700
vt 0.031250 0.371664
vt 0.035684 0.393963
vt 0.065574 0.383832
vt 0.047287 0.385540
vt 0.117188 0.392411
vt 0.237836 0.384622
vt 0.304546 0.384978
vt 0.289190 0.382813
vt 0.410023 0.386603
vt 0.390625 0.385474
vt 0.465336 0.390045
vt 0.515620 0.382809
vt 0.595943 0.375880
vt 0.601562 0.383944
vt 0.625000 0.380323
vt 0.617188 0.385525
vt 0.657860 0.378816
vt 0.757813 0.380394
vt 0.791880 0.400047
vt 0.878541 0.370415
vt 0.859683 0.385551
vt 0.889573 0.360352
vt 0.886017 0.387028
vt 0.950781 0.387818
vt 0.940366 0.387306
vt 0.935079 0.372718
vt 0.046128 0.402165
vt 0.120027 0.409441
vt 0.177236 0.383329
vt 0.161441 0.400911
vt 0.188363 0.396086
vt 0.187377 0.382690
vt 0.257813 0.387065
vt 0.252947 0.395083
vt 0.316145 0.405790
vt 0.352959 0.392829
vt 0.382664 0.397659
vt 0.442351 0.391149
vt 0.478335 0.382813
vt 0.476563 0.391596
vt 0.490696 0.396329
vt 0.529478 0.385900
vt 0.514889 0.397478
vt 0.550383 0.395804
vt 0.560751 0.387013
vt 0.593750 0.404337
vt 0.663370 0.391613
vt 0.773438 0.383294
vt 0.764657 0.396999
vt 0.765109 0.383328
vt 0.818273 0.372700
vt 0.803133 0.401341
vt 0.850881 0.397640
vt 0.866893 0.394984
vt 0.917305 0.390625
vt 0.922313 0.371002
vt 0.922567 0.398837
vt 0.989586 0.377601
vt 0.979917 0.394348
vt 0.018679 0.403876
vt 0.007813 0.404720
vt 0.061915 0.403381
vt 0.097148 0.428720
vt 0.134433 0.400269
vt 0.201954 0.398438
vt 0.221385 0.389952
vt 0.208954 0.406021
vt 0.216424 0.385138
vt 0.229604 0.405148
vt 0.242053 0.405753
vt 0.285794 0.406565
vt 0.288406 0.390625
vt 0.405403 0.395463
vt 0.389660 0.404944
vt 0.469239 0.404659
vt 0.542559 0.405290
vt 0.608077 0.398438
vt 0.625000 0.395493
vt 0.615903 0.401766
vt 0.892493 0.391332
vt 0.884283 0.427053
vt 0.909478 0.402135
vt 0.898793 0.397725
vt 0.937783 0.398880
vt 0.963246 0.401018
vt 0.071581 0.407660
vt 0.109375 0.416014
vt 0.342503 0.406250
vt 0.431429 0.407339
vt 0.415890 0.414757
vt 0.557518 0.413779
vt 0.584874 0.405658
vt 0.632813 0.396676
vt 0.623764 0.407486
vt 0.652350 0.398438
vt 0.665522 0.405084
vt 0.642663 0.400261
vt 0.713207 0.388005
vt 0.734473 0.399879
vt 0.714187 0.409405
vt 0.749876 0.406158
vt 0.742188 0.406250
vt 0.746128 0.394497
vt 0.780803 0.388888
vt 0.875000 0.409474
vt 0.863928 0.411962
vt 0.980260 0.406068
vt 0.014433 0.414063
vt 0.021848 0.419374
vt 0.036167 0.426897
vt 0.060694 0.416233
vt 0.086907 0.422844
vt 0.185168 0.406250
vt 0.168418 0.416948
vt 0.223950 0.418518
vt 0.209059 0.422063
vt 0.234375 0.426779
vt 0.302862 0.414006
vt 0.355811 0.416111
vt 0.339079 0.415045
vt 0.380823 0.414062
vt 0.365789 0.419502
vt 0.421875 0.426713
vt 0.500000 0.401213
vt 0.512250 0.411926
vt 0.504286 0.423087
vt 0.546359 0.417595
vt 0.568428 0.406250
vt 0.577776 0.411564
vt 0.627573 0.419133
vt 0.643665 0.414063
vt 0.734375 0.413661
vt 0.726563 0.414063
vt 0.793895 0.417170
vt 0.797777 0.424456
vt 0.817629 0.405662
vt 0.828125 0.406250
vt 0.824557 0.416345
vt 0.847556 0.407406
vt 0.848608 0.424061
vt 0.869508 0.421022
vt 0.895596 0.419259
vt 0.918518 0.413205
vt 0.958168 0.414062
vt -0.000135 0.425791
vt 0.161558 0.435000
vt 0.151454 0.413719
vt 0.268710 0.413534
vt 0.249919 0.434029
vt 0.319148 0.436656
vt 0.390625 0.425843
vt 0.377200 0.424359
vt 0.445417 0.428140
vt 0.429688 0.424314
vt 0.476414 0.429592
vt 0.515419 0.429144
vt 0.544943 0.437722
vt 0.568232 0.422247
vt 0.585614 0.421875
vt 0.585938 0.414062
vt 0.613390 0.428235
vt 0.646779 0.424791
vt 0.667543 0.432214
vt 0.650261 0.436611
vt 0.699789 0.408572
vt 0.680794 0.428723
vt 0.703578 0.427320
vt 0.742815 0.424432
vt 0.734375 0.424918
vt 0.779851 0.414165
vt 0.779367 0.423254
vt 0.831736 0.430820
vt 0.999686 0.406995
vt 0.986834 0.421875
vt 0.970525 0.419202
vt 0.009353 0.437241
vt 0.027455 0.437800
vt 0.096642 0.435782
vt 0.143709 0.435010
vt 0.216983 0.431451
vt 0.304688 0.426160
vt 0.280840 0.438868
vt 0.350661 0.432700
vt 0.374010 0.436579
vt 0.382813 0.440317
vt 0.401019 0.419675
vt 0.411993 0.435291
vt 0.395904 0.435511
vt 0.484105 0.407386
vt 0.490237 0.431982
vt 0.637127 0.432285
vt 0.718750 0.425687
vt 0.710480 0.433710
vt 0.754591 0.440375
vt 0.807559 0.431519
vt 0.843613 0.442597
vt 0.875068 0.436788
vt 0.906094 0.427956
vt 0.974726 0.434000
vt 0.046473 0.422650
vt 0.058170 0.431664
vt 0.046875 0.440364
vt 0.192794 0.422389
vt 0.167518 0.445052
vt 0.176116 0.425446
vt 0.225896 0.444043
vt 0.355412 0.447976
vt 0.479192 0.440605
vt 0.518359 0.441709
vt 0.496254 0.444682
vt 0.573683 0.436195
vt 0.555442 0.441045
vt 0.593750 0.429688
vt 0.589152 0.437500
vt 0.581498 0.429688
vt 0.626644 0.442502
vt 0.668627 0.441850
vt 0.726563 0.429672
vt 0.725318 0.439179
vt 0.742188 0.444574
vt 0.774011 0.459890
vt 0.795396 0.439932
vt 0.890318 0.437839
vt 0.927889 0.440588
vt 0.954011 0.426768
vt 0.944759 0.442680
vt 0.940050 0.426601
vt 0.085271 0.457804
vt 0.072907 0.436312
vt 0.242956 0.444830
vt 0.232045 0.448644
vt 0.269060 0.438232
vt 0.286992 0.466576
vt 0.343839 0.429755
vt 0.320229 0.453290
vt 0.375000 0.447908
vt 0.421704 0.450578
vt 0.402775 0.450109
vt 0.437472 0.434899
vt 0.465872 0.459093
vt 0.445681 0.453077
vt 0.535675 0.445904
vt 0.559280 0.447979
vt 0.584580 0.446985
vt 0.640625 0.459559
vt 0.681673 0.452633
vt 0.658921 0.472591
vt 0.715977 0.448979
vt 0.703125 0.447640
vt 0.788430 0.453601
vt 0.809129 0.454717
vt 0.965426 0.446285
vt 0.998718 0.438337
vt 0.982990 0.445956
vt 0.984375 0.432481
vt 0.035651 0.456337
vt 0.017592 0.454338
vt 0.039063 0.437762
vt 0.200593 0.441915
vt 0.186300 0.458699
vt 0.188776 0.443410
vt 0.215260 0.454957
vt 0.203486 0.451948
vt 0.267816 0.460958
vt 0.310991 0.455052
vt 0.386576 0.458676
vt 0.438239 0.469012
vt 0.472470 0.455572
vt 0.515546 0.459803
vt 0.539982 0.460847
vt 0.572527 0.459077
vt 0.657528 0.452692
vt 0.690021 0.460543
vt 0.752481 0.453971
vt 0.826536 0.453453
vt 0.898588 0.448430
vt 0.885157 0.453125
vt 0.956633 0.457654
vt 0.971123 0.460274
vt 0.049579 0.450421
vt 0.068170 0.456624
vt 0.046691 0.467245
vt 0.125681 0.459667
vt 0.091517 0.482142
vt 0.141495 0.455714
vt 0.132813 0.463868
vt 0.167154 0.456908
vt 0.157242 0.478860
vt 0.171875 0.467646
vt 0.244159 0.456621
vt 0.234375 0.471985
vt 0.264255 0.451264
vt 0.257702 0.461641
vt 0.375024 0.475718
vt 0.410812 0.463995
vt 0.398806 0.461263
vt 0.427133 0.472321
vt 0.455043 0.465204
vt 0.514537 0.469245
vt 0.494437 0.469175
vt 0.625000 0.465424
vt 0.611658 0.458566
vt 0.616633 0.447861
vt 0.635136 0.472244
vt 0.902762 0.464245
vt 0.880425 0.471241
vt 0.919544 0.460360
vt 0.942396 0.468013
vt 0.036929 0.474429
vt 0.002804 0.462540
vt 0.070312 0.482462
vt 0.223257 0.478045
vt 0.282790 0.475964
vt 0.307342 0.479508
vt 0.335938 0.466942
vt 0.325792 0.483005
vt 0.365130 0.476102
vt 0.366901 0.454224
vt 0.391358 0.475822
vt 0.451403 0.476487
vt 0.474013 0.468750
vt 0.528604 0.469087
vt 0.550011 0.468750
vt 0.562725 0.458420
vt 0.566505 0.475705
vt 0.597734 0.465316
vt 0.600706 0.448748
vt 0.616300 0.476327
vt 0.650395 0.473781
vt 0.709547 0.457341
vt 0.717704 0.470389
vt 0.703125 0.490586
vt 0.742188 0.455649
vt 0.734375 0.477161
vt 0.734375 0.458414
vt 0.802525 0.468446
vt 0.785476 0.478668
vt 0.831073 0.457300
vt 0.810377 0.477218
vt 0.057536 0.474646
vt 0.319971 0.476904
vt 0.343706 0.468159
vt 0.336646 0.484795
vt 0.419648 0.476563
vt 0.437500 0.477587
vt 0.512639 0.483055
vt 0.552797 0.478410
vt 0.625000 0.478012
vt 0.726563 0.476563
vt 0.726498 0.462296
vt 0.750000 0.477483
vt 0.742188 0.476563
vt 0.772880 0.476563
vt 0.764644 0.467379
vt 0.821447 0.484841
vt 0.835938 0.469230
vt 0.862527 0.460358
vt 0.842983 0.484243
vt 0.844863 0.468270
vt 0.869411 0.462723
vt 0.867188 0.479294
vt 0.895757 0.477006
vt 0.914063 0.471320
vt 0.902927 0.482445
vt 0.961589 0.491301
vt 0.951263 0.481207
vt 0.039062 0.492545
vt 0.092722 0.503290
vt 0.140244 0.493442
vt 0.196518 0.496013
vt 0.184040 0.485720
vt 0.206622 0.472654
vt 0.262914 0.474392
vt 0.243832 0.502989
vt 0.263352 0.505642
vt 0.374378 0.491324
vt 0.422026 0.484375
vt 0.398985 0.484375
vt 0.429688 0.494764
vt 0.475844 0.476563
vt 0.458782 0.494132
vt 0.484375 0.479825
vt 0.483796 0.493106
vt 0.502874 0.487249
vt 0.492188 0.486085
vt 0.533941 0.480370
vt 0.523438 0.486058
vt 0.593389 0.488271
vt 0.726563 0.484375
vt 0.742188 0.493730
vt 0.781213 0.494670
vt 0.807527 0.491425
vt 0.834931 0.488862
vt 0.850532 0.494912
vt 0.881466 0.494460
vt 0.871459 0.487916
vt 0.999922 0.468739
vt 0.999616 0.484207
vt 0.977984 0.476316
vt -0.000130 0.481947
vt 0.017526 0.498372
vt -0.000007 0.500002
vt 0.061732 0.492188
vt 0.171841 0.511807
vt 0.187500 0.500671
vt 0.283911 0.502414
vt 0.297939 0.492148
vt 0.330020 0.497786
vt 0.421069 0.492188
vt 0.420501 0.505125
vt 0.553091 0.502393
vt 0.576253 0.492188
vt 0.613669 0.504661
vt 0.605248 0.483996
vt 0.658925 0.495729
vt 0.671188 0.480145
vt 0.683423 0.484375
vt 0.687372 0.516382
vt 0.690523 0.471598
vt 0.695313 0.500645
vt 0.734375 0.497073
vt 0.757813 0.479933
vt 0.755660 0.497292
vt 0.765625 0.487429
vt 0.940945 0.487820
vt 0.934188 0.497680
vt 0.924384 0.484375
vt 0.937479 0.478192
vt 0.944398 0.508631
vt 0.976752 0.495074
vt 0.969999 0.483020
vt 0.020749 0.518063
vt 0.058579 0.504193
vt 0.085938 0.498722
vt 0.074532 0.508389
vt 0.079175 0.478211
vt 0.142096 0.511089
vt 0.172936 0.493846
vt 0.211346 0.492433
vt 0.203107 0.509039
vt 0.323192 0.503242
vt 0.353178 0.501353
vt 0.350135 0.492001
vt 0.390589 0.492532
vt 0.376876 0.504901
vt 0.500000 0.498301
vt 0.492188 0.500000
vt 0.517395 0.500000
vt 0.532898 0.501230
vt 0.589364 0.500959
vt 0.565528 0.495216
vt 0.726562 0.498898
vt 0.718750 0.500000
vt 0.718548 0.486705
vt 0.861881 0.503226
vt 0.963505 0.504437
vt 0.181832 0.510252
vt 0.224923 0.510992
vt 0.214497 0.515841
vt 0.250000 0.511670
vt 0.297983 0.525731
vt 0.338953 0.504228
vt 0.437500 0.494631
vt 0.435493 0.511925
vt 0.448037 0.508780
vt 0.456990 0.513738
vt 0.476675 0.513020
vt 0.483382 0.514628
vt 0.508384 0.503442
vt 0.498623 0.514860
vt 0.519872 0.522135
vt 0.572088 0.511078
vt 0.591169 0.515127
vt 0.600154 0.495639
vt 0.640633 0.499807
vt 0.613778 0.518417
vt 0.642859 0.507813
vt 0.663718 0.513873
vt 0.718277 0.507812
vt 0.708058 0.499786
vt 0.745239 0.513743
vt 0.831345 0.514472
vt 0.812341 0.517124
vt 0.835938 0.503342
vt 0.846921 0.511684
vt 0.868324 0.511771
vt 0.890625 0.512628
vt 0.883980 0.520855
vt 0.911589 0.493560
vt 0.900705 0.520822
vt 0.040135 0.513624
vt 0.030503 0.519134
vt 0.046875 0.533199
vt 0.062859 0.524556
vt 0.242209 0.524574
vt 0.282239 0.519496
vt 0.421299 0.519547
vt 0.519070 0.515625
vt 0.507812 0.522582
vt 0.642584 0.521230
vt 0.671398 0.518456
vt 0.805553 0.505278
vt 0.786225 0.519831
vt 0.784729 0.505047
vt 0.865371 0.528636
vt 0.914063 0.504562
vt 0.921875 0.508040
vt 0.914903 0.528093
vt 0.980446 0.509306
vt 0.976251 0.515625
vt 0.038641 0.528132
vt 0.083695 0.520135
vt 0.195313 0.524943
vt 0.178400 0.524782
vt 0.205467 0.536425
vt 0.228968 0.529336
vt 0.257718 0.534214
vt 0.327039 0.523438
vt 0.406250 0.526580
vt 0.403585 0.515709
vt 0.441265 0.524944
vt 0.428968 0.530905
vt 0.456395 0.533713
vt 0.500000 0.523438
vt 0.610654 0.530513
vt 0.649113 0.523438
vt 0.712056 0.515625
vt 0.703125 0.523438
vt 0.699798 0.518952
vt 0.718750 0.527314
vt 0.710097 0.528721
vt 0.734397 0.511029
vt 0.732055 0.526081
vt 0.764649 0.524847
vt 0.761167 0.514542
vt 0.790141 0.530391
vt 0.799827 0.533983
vt 0.841644 0.538321
vt 0.871973 0.535526
vt 0.060634 0.545070
vt 0.104587 0.536896
vt 0.164286 0.540453
vt 0.141110 0.529837
vt 0.163984 0.517959
vt 0.182983 0.537977
vt 0.272958 0.533031
vt 0.294452 0.534339
vt 0.375234 0.518155
vt 0.357656 0.531592
vt 0.343573 0.523614
vt 0.373808 0.547070
vt 0.382298 0.523952
vt 0.388956 0.540731
vt 0.409501 0.539000
vt 0.473124 0.531587
vt 0.500000 0.531250
vt 0.502060 0.538783
vt 0.507948 0.555948
vt 0.650131 0.531250
vt 0.673953 0.536335
vt 0.688941 0.523933
vt 0.695569 0.538806
vt 0.749067 0.519616
vt 0.737778 0.533635
vt 0.772634 0.534961
vt 0.824219 0.533514
vt 0.812273 0.536943
vt 0.897612 0.536489
vt 0.023523 0.544495
vt 0.007222 0.548126
vt 0.031005 0.543796
vt 0.215658 0.531250
vt 0.227054 0.539063
vt 0.245311 0.545459
vt 0.335384 0.546680
vt 0.325818 0.533680
vt 0.464147 0.542798
vt 0.683709 0.541375
vt 0.717930 0.539808
vt 0.786199 0.541739
vt 0.855578 0.556967
vt 0.905809 0.547965
vt 0.958146 0.520478
vt 0.930188 0.544603
vt 0.933561 0.522259
vt 0.069933 0.569382
vt 0.132707 0.554582
vt 0.172209 0.554346
vt 0.193554 0.558484
vt 0.230927 0.551239
vt 0.219498 0.547769
vt 0.273766 0.551324
vt 0.324825 0.546879
vt 0.398438 0.550155
vt 0.389650 0.555533
vt 0.431333 0.545887
vt 0.417007 0.554430
vt 0.448766 0.551234
vt 0.484375 0.545994
vt 0.476563 0.549860
vt 0.555901 0.530037
vt 0.525681 0.554217
vt 0.576146 0.519176
vt 0.515745 0.587771
vt 0.631523 0.558782
vt 0.598071 0.546828
vt 0.651126 0.549563
vt 0.671834 0.553608
vt 0.692885 0.546875
vt 0.710905 0.546869
vt 0.733711 0.546875
vt 0.758687 0.547541
vt 0.746980 0.558556
vt 0.746760 0.537320
vt 0.769481 0.550832
vt 0.777761 0.556838
vt 0.825031 0.544582
vt 0.814784 0.554108
vt 0.920344 0.548345
vt 0.951819 0.539838
vt 0.940459 0.550448
vt 0.972783 0.542085
vt 0.960510 0.551216
vt 0.968677 0.528290
vt 0.156250 0.551352
vt 0.215985 0.561663
vt 0.245435 0.560595
vt 0.264306 0.561908
vt 0.313317 0.554658
vt 0.303192 0.559961
vt 0.428555 0.563128
vt 0.468750 0.554688
vt 0.468750 0.546875
vt 0.592520 0.544088
vt 0.562924 0.570664
vt 0.591574 0.529016
vt 0.643794 0.554688
vt 0.682581 0.559597
vt 0.799361 0.561689
vt 0.835938 0.575229
vt 0.828125 0.563489
vt 0.987018 0.547312
vt 0.968430 0.559588
vt 0.065440 0.574234
vt 0.125401 0.564074
vt 0.112144 0.541832
vt 0.179645 0.570926
vt 0.273666 0.564347
vt 0.332043 0.567701
vt 0.316258 0.570472
vt 0.405838 0.565397
vt 0.472218 0.562500
vt 0.649045 0.567893
vt 0.634425 0.571024
vt 0.671875 0.562500
vt 0.767686 0.569487
vt 0.789406 0.569116
vt 0.817650 0.565595
vt 0.845671 0.569904
vt 0.889317 0.554155
vt 0.865614 0.573499
vt 0.929514 0.567568
vt 0.914062 0.567646
vt 0.938367 0.569229
vt 0.054727 0.552547
vt 0.163808 0.573058
vt 0.259297 0.579228
vt 0.378491 0.572984
vt 0.398782 0.576138
vt 0.410154 0.577233
vt 0.445313 0.569463
vt 0.435035 0.578184
vt 0.460938 0.569724
vt 0.453125 0.571911
vt 0.460179 0.555446
vt 0.495763 0.570801
vt 0.486495 0.566939
vt 0.493884 0.580588
vt 0.523656 0.589463
vt 0.555013 0.572057
vt 0.541808 0.597159
vt 0.672014 0.577391
vt 0.682994 0.572572
vt 0.741274 0.569017
vt 0.728932 0.557667
vt 0.901122 0.570539
vt 0.885537 0.567869
vt 0.960039 0.571211
vt 0.085192 0.604558
vt 0.210837 0.574608
vt 0.192498 0.576174
vt 0.307434 0.591648
vt 0.275142 0.587296
vt 0.300881 0.579507
vt 0.345968 0.592706
vt 0.336780 0.586780
vt 0.455333 0.587155
vt 0.617641 0.580291
vt 0.611815 0.571389
vt 0.664063 0.570313
vt 0.656250 0.578125
vt 0.648856 0.577707
vt 0.657866 0.584322
vt 0.692399 0.573226
vt 0.712270 0.571913
vt 0.694734 0.582334
vt 0.721505 0.582783
vt 0.753184 0.572905
vt 0.741611 0.584464
vt 0.813252 0.597525
vt 0.822840 0.592152
vt 0.886540 0.583325
vt 0.916932 0.578172
vt 0.981480 0.570293
vt 0.968360 0.579967
vt 0.137957 0.600024
vt 0.175266 0.581171
vt 0.216788 0.591704
vt 0.321902 0.595316
vt 0.377598 0.590328
vt 0.365287 0.581192
vt 0.394240 0.589581
vt 0.413880 0.601569
vt 0.492188 0.599285
vt 0.546768 0.593857
vt 0.637355 0.578468
vt 0.616596 0.592120
vt 0.667236 0.587743
vt 0.697307 0.597823
vt 0.732116 0.587669
vt 0.757603 0.590731
vt 0.770146 0.579891
vt 0.851947 0.581679
vt 0.839251 0.587934
vt 0.869873 0.595506
vt 0.949947 0.588410
vt 0.991176 0.583827
vt 0.092057 0.585534
vt 0.199475 0.598461
vt 0.186420 0.593750
vt 0.233164 0.585789
vt 0.237012 0.600253
vt 0.231683 0.606961
vt 0.292531 0.601886
vt 0.340911 0.599212
vt 0.365783 0.600451
vt 0.382813 0.594575
vt 0.434057 0.585938
vt 0.426830 0.596920
vt 0.444962 0.592873
vt 0.468750 0.600469
vt 0.466241 0.606102
vt 0.486186 0.601798
vt 0.597089 0.585938
vt 0.587336 0.598557
vt 0.586211 0.579052
vt 0.625000 0.593750
vt 0.744610 0.600458
vt 0.783489 0.583859
vt 0.769251 0.606885
vt 0.790302 0.597310
vt 0.793640 0.580020
vt 0.026893 0.584656
vt 0.055798 0.610645
vt 0.037425 0.602104
vt 0.107981 0.609164
vt 0.171658 0.590258
vt 0.157612 0.602033
vt 0.145521 0.611508
vt 0.190617 0.608670
vt 0.312893 0.602179
vt 0.356090 0.604181
vt 0.452716 0.604030
vt 0.500835 0.617099
vt 0.640625 0.593750
vt 0.648438 0.594914
vt 0.636921 0.603962
vt 0.676152 0.592087
vt 0.652463 0.608445
vt 0.683498 0.610282
vt 0.681881 0.599380
vt 0.710104 0.605899
vt 0.728181 0.606248
vt 0.795268 0.609420
vt 0.835938 0.593750
vt 0.832674 0.604538
vt 0.858452 0.591821
vt 0.838470 0.608231
vt 0.888997 0.601563
vt 0.871092 0.614411
vt 0.896433 0.597632
vt 0.938570 0.596328
vt 0.906987 0.607282
vt 0.912900 0.590709
vt 0.985238 0.602035
vt 0.936483 0.615899
vt 0.960938 0.591944
vt 0.016758 0.604585
vt 0.014304 0.616839
vt 0.000004 0.597218
vt 0.174986 0.603891
vt 0.159553 0.611622
vt 0.180530 0.617094
vt 0.203125 0.612734
vt 0.218823 0.610510
vt 0.287965 0.616002
vt 0.260382 0.603725
vt 0.328189 0.609375
vt 0.400318 0.605970
vt 0.382941 0.617545
vt 0.421739 0.609375
vt 0.429688 0.618245
vt 0.437500 0.607050
vt 0.480175 0.634745
vt 0.532646 0.612881
vt 0.546860 0.621894
vt 0.593902 0.608807
vt 0.632173 0.594390
vt 0.620535 0.610019
vt 0.617188 0.601563
vt 0.739189 0.620510
vt 0.770334 0.622999
vt 0.814073 0.609581
vt 0.852899 0.616582
vt 0.930995 0.607998
vt 0.916350 0.622261
vt 0.052280 0.619210
vt 0.026435 0.622222
vt 0.150116 0.624073
vt 0.168147 0.625044
vt 0.275269 0.617188
vt 0.305503 0.615189
vt 0.348081 0.617188
vt 0.369999 0.617188
vt 0.403749 0.621869
vt 0.421598 0.622013
vt 0.445313 0.610404
vt 0.437500 0.626191
vt 0.457056 0.627639
vt 0.598302 0.626621
vt 0.609531 0.609219
vt 0.631000 0.617430
vt 0.640162 0.620837
vt 0.655482 0.619870
vt 0.667983 0.624080
vt 0.710439 0.623805
vt 0.723332 0.626844
vt 0.820185 0.620809
vt 0.852941 0.632792
vt 0.906250 0.620553
vt 0.992188 0.603628
vt 0.979918 0.617188
vt 0.087475 0.625202
vt 0.093290 0.616526
vt 0.141312 0.622221
vt 0.116854 0.640781
vt 0.203215 0.624902
vt 0.181849 0.625000
vt 0.236512 0.617188
vt 0.222871 0.625000
vt 0.255585 0.614715
vt 0.259771 0.625000
vt 0.304268 0.625000
vt 0.287393 0.625000
vt 0.323151 0.626157
vt 0.356695 0.625000
vt 0.375861 0.627238
vt 0.445313 0.628322
vt 0.494304 0.641734
vt 0.533888 0.626686
vt 0.587416 0.617188
vt 0.585635 0.625000
vt 0.577177 0.615350
vt 0.694528 0.619548
vt 0.665821 0.638374
vt 0.842316 0.626164
vt 0.890113 0.627940
vt 0.897712 0.618451
vt 0.925045 0.630653
vt 0.959776 0.626890
vt 0.943531 0.635606
vt 0.211059 0.632813
vt 0.248537 0.632813
vt 0.308234 0.632812
vt 0.292660 0.632813
vt 0.397990 0.636983
vt 0.408826 0.632761
vt 0.429688 0.637682
vt 0.518052 0.634248
vt 0.517962 0.622369
vt 0.543260 0.638775
vt 0.576707 0.634374
vt 0.556527 0.623116
vt 0.589482 0.633101
vt 0.610873 0.639239
vt 0.602329 0.636148
vt 0.625000 0.638592
vt 0.639118 0.643886
vt 0.687038 0.637121
vt 0.715308 0.647535
vt 0.751874 0.627276
vt 0.741921 0.632813
vt 0.786939 0.641245
vt 0.799594 0.630472
vt 0.813285 0.639106
vt 0.829967 0.645111
vt 0.912522 0.639976
vt 0.013347 0.632812
vt 0.024929 0.642578
vt -0.000004 0.640625
vt 0.204171 0.642369
vt 0.191757 0.634192
vt 0.266676 0.638480
vt 0.256916 0.641868
vt 0.280232 0.632812
vt 0.283232 0.640625
vt 0.296875 0.640625
vt 0.343337 0.632813
vt 0.356527 0.640625
vt 0.321227 0.640625
vt 0.382603 0.640625
vt 0.420564 0.647367
vt 0.406681 0.645909
vt 0.437500 0.646763
vt 0.454460 0.650173
vt 0.555124 0.632812
vt 0.558515 0.646955
vt 0.617188 0.645070
vt 0.724574 0.649298
vt 0.876604 0.636993
vt 0.843829 0.640859
vt 0.904043 0.633768
vt 0.881735 0.653600
vt 0.919001 0.655201
vt 0.066451 0.632273
vt 0.079633 0.655938
vt 0.067680 0.648570
vt 0.130279 0.650061
vt 0.166440 0.643927
vt 0.170379 0.660691
vt 0.189358 0.655657
vt 0.221498 0.645568
vt 0.205047 0.657601
vt 0.278888 0.655353
vt 0.299853 0.648438
vt 0.307880 0.640625
vt 0.312500 0.648438
vt 0.332732 0.648438
vt 0.381568 0.651164
vt 0.429688 0.648438
vt 0.445313 0.652377
vt 0.497111 0.661946
vt 0.542482 0.654124
vt 0.578125 0.640616
vt 0.570864 0.658856
vt 0.603906 0.654983
vt 0.622371 0.655571
vt 0.647968 0.654471
vt 0.653751 0.635312
vt 0.701725 0.641817
vt 0.687314 0.650128
vt 0.745398 0.646475
vt 0.729261 0.659813
vt 0.756920 0.655682
vt 0.763510 0.636082
vt 0.804688 0.644554
vt 0.803759 0.656531
vt 0.821667 0.656071
vt 0.861448 0.655053
vt 0.906041 0.653591
vt 0.951510 0.647654
vt 0.934634 0.651304
vt 0.975863 0.628929
vt 0.976454 0.652331
vt 0.968889 0.652218
vt 0.108304 0.648335
vt 0.159057 0.641373
vt 0.138018 0.670602
vt 0.125829 0.662800
vt 0.156250 0.663467
vt 0.243247 0.642907
vt 0.240461 0.656668
vt 0.310925 0.656250
vt 0.296875 0.658570
vt 0.434811 0.660985
vt 0.472842 0.650669
vt 0.462992 0.656250
vt 0.528222 0.655533
vt 0.508374 0.664939
vt 0.585938 0.650899
vt 0.702986 0.659367
vt 0.776562 0.664520
vt 0.782104 0.653326
vt 0.841170 0.662928
vt 0.018680 0.654864
vt 0.031617 0.669220
vt 0.000288 0.657019
vt 0.179688 0.668212
vt 0.189990 0.675928
vt 0.218709 0.662899
vt 0.213225 0.672276
vt 0.281220 0.664063
vt 0.324147 0.669077
vt 0.305741 0.669669
vt 0.342178 0.656250
vt 0.333106 0.664532
vt 0.358667 0.663994
vt 0.417780 0.656250
vt 0.406250 0.664063
vt 0.406250 0.656250
vt 0.457392 0.664063
vt 0.475758 0.664432
vt 0.526719 0.667947
vt 0.562222 0.670600
vt 0.586786 0.666837
vt 0.607041 0.669521
vt 0.623524 0.673940
vt 0.662923 0.656847
vt 0.642447 0.664062
vt 0.685949 0.666954
vt 0.714399 0.666805
vt 0.755049 0.664200
vt 0.790006 0.670914
vt 0.825683 0.664063
vt 0.855592 0.663843
vt 0.878708 0.668402
vt 0.884942 0.671677
vt 0.907146 0.663730
vt 0.927820 0.664063
vt 0.046193 0.671086
vt 0.046923 0.659384
vt 0.064618 0.674807
vt 0.078550 0.674564
vt 0.085256 0.664062
vt 0.145330 0.678309
vt 0.165163 0.687016
vt 0.262641 0.666837
vt 0.243237 0.681213
vt 0.237676 0.664666
vt 0.300212 0.681719
vt 0.390625 0.664063
vt 0.390869 0.671875
vt 0.382812 0.664063
vt 0.398438 0.664062
vt 0.428386 0.657923
vt 0.445312 0.669140
vt 0.443115 0.677576
vt 0.463956 0.671875
vt 0.493884 0.673105
vt 0.539493 0.664868
vt 0.525819 0.678211
vt 0.544914 0.675785
vt 0.593750 0.676313
vt 0.730672 0.671875
vt 0.799610 0.673256
vt 0.813686 0.670634
vt 0.842955 0.676467
vt 0.858664 0.679362
vt 0.937753 0.669788
vt 0.929819 0.671875
vt 0.119153 0.677284
vt 0.109971 0.687556
vt 0.164091 0.679688
vt 0.206878 0.685752
vt 0.224849 0.679688
vt 0.230410 0.687235
vt 0.262952 0.679688
vt 0.281423 0.679688
vt 0.368123 0.671996
vt 0.342570 0.684452
vt 0.380758 0.687246
vt 0.379506 0.695098
vt 0.411711 0.679688
vt 0.396905 0.679688
vt 0.462955 0.682642
vt 0.496250 0.691783
vt 0.587278 0.681331
vt 0.719921 0.677164
vt 0.698607 0.691824
vt 0.760990 0.671875
vt 0.748198 0.685531
vt 0.787057 0.679688
vt 0.899184 0.675624
vt 0.907810 0.679688
vt 0.928645 0.682436
vt 0.066382 0.686094
vt 0.026810 0.686314
vt 0.084029 0.687500
vt 0.183388 0.693622
vt 0.274602 0.689344
vt 0.321628 0.688617
vt 0.361164 0.692496
vt 0.404491 0.688094
vt 0.464086 0.693832
vt 0.511005 0.687359
vt 0.547144 0.695045
vt 0.557911 0.679344
vt 0.574773 0.678836
vt 0.563060 0.694765
vt 0.599614 0.689472
vt 0.663958 0.672027
vt 0.646673 0.688585
vt 0.636892 0.678935
vt 0.656452 0.695480
vt 0.693109 0.682854
vt 0.780248 0.707583
vt 0.770789 0.678122
vt 0.804688 0.682682
vt 0.801788 0.693198
vt 0.828179 0.688326
vt 0.827541 0.679552
vt 0.887357 0.689135
vt 0.907373 0.689009
vt 0.036470 0.700533
vt 0.018800 0.691135
vt 0.049318 0.698874
vt 0.076506 0.695171
vt 0.092579 0.696872
vt 0.110344 0.695312
vt 0.161464 0.695312
vt 0.144645 0.687531
vt 0.211382 0.695313
vt 0.230123 0.702855
vt 0.258549 0.701981
vt 0.304688 0.690864
vt 0.293120 0.696760
vt 0.340719 0.695249
vt 0.419058 0.687500
vt 0.439464 0.690307
vt 0.422741 0.696887
vt 0.450451 0.687500
vt 0.491950 0.698197
vt 0.586321 0.699307
vt 0.623494 0.686990
vt 0.612804 0.697215
vt 0.678457 0.702275
vt 0.721279 0.695312
vt 0.843750 0.703714
vt 0.835435 0.695312
vt 0.057144 0.711602
vt 0.135791 0.696093
vt 0.120341 0.703125
vt 0.162414 0.703125
vt 0.163894 0.710166
vt 0.179873 0.703125
vt 0.241724 0.709606
vt 0.289068 0.709512
vt 0.338784 0.705266
vt 0.318704 0.707650
vt 0.386453 0.705452
vt 0.381428 0.712497
vt 0.404589 0.699828
vt 0.517944 0.700439
vt 0.555259 0.703125
vt 0.632465 0.706150
vt 0.640869 0.710357
vt 0.657269 0.714479
vt 0.738641 0.695975
vt 0.732121 0.709129
vt 0.815232 0.704946
vt 0.831217 0.703125
vt 0.896689 0.694664
vt 0.856545 0.714365
vt 0.857863 0.688053
vt 0.960809 0.699945
vt 0.939598 0.696909
vt 0.976563 0.712853
vt 0.966273 0.710390
vt 0.991177 0.699652
vt 0.035033 0.707859
vt 0.033051 0.717187
vt 0.017898 0.703125
vt 0.099812 0.710938
vt 0.209265 0.708829
vt 0.190704 0.716204
vt 0.313780 0.712808
vt 0.354687 0.705496
vt 0.369936 0.716379
vt 0.443224 0.703139
vt 0.437249 0.717599
vt 0.422699 0.710938
vt 0.528154 0.710951
vt 0.540019 0.707727
vt 0.569664 0.712376
vt 0.602514 0.711015
vt 0.624210 0.719709
vt 0.704718 0.702720
vt 0.711187 0.709175
vt 0.786276 0.734829
vt 0.763279 0.713319
vt 0.835435 0.710938
vt 0.057393 0.723446
vt 0.063846 0.718750
vt 0.168660 0.718750
vt 0.096864 0.718750
vt 0.218750 0.716430
vt 0.211270 0.718771
vt 0.296462 0.719477
vt 0.355317 0.719979
vt 0.394691 0.718750
vt 0.416570 0.718750
vt 0.525528 0.724640
vt 0.585746 0.723762
vt 0.699500 0.722994
vt 0.673191 0.721143
vt 0.717297 0.720416
vt 0.726563 0.718750
vt 0.739108 0.719762
vt 0.800611 0.704293
vt 0.812500 0.714844
vt 0.800346 0.729030
vt 0.908986 0.708809
vt 0.901064 0.720356
vt -0.000000 0.726563
vt 0.000000 0.718750
vt 0.037418 0.731090
vt 0.049074 0.730469
vt 0.084208 0.730148
vt 0.122200 0.726563
vt 0.191304 0.726562
vt 0.211202 0.742424
vt 0.289063 0.729228
vt 0.244004 0.726962
vt 0.314815 0.731619
vt 0.329655 0.728440
vt 0.351860 0.741097
vt 0.389768 0.726716
vt 0.368702 0.728701
vt 0.414170 0.727426
vt 0.421878 0.728114
vt 0.445751 0.723939
vt 0.437941 0.727092
vt 0.562720 0.725588
vt 0.642727 0.735895
vt 0.660746 0.731099
vt 0.923037 0.714194
vt 0.937887 0.726576
vt 0.918371 0.726562
vt 0.969197 0.726402
vt 0.984375 0.717395
vt -0.000004 0.757434
vt 0.178092 0.731133
vt 0.123619 0.734375
vt 0.202170 0.737229
vt 0.260434 0.739847
vt 0.244461 0.739691
vt 0.273703 0.748734
vt 0.299692 0.744572
vt 0.407192 0.741900
vt 0.465899 0.734375
vt 0.443153 0.741748
vt 0.473816 0.723440
vt 0.498485 0.732062
vt 0.484375 0.736750
vt 0.514063 0.725053
vt 0.520531 0.734375
vt 0.544976 0.734655
vt 0.602334 0.726563
vt 0.607629 0.739183
vt 0.619122 0.734970
vt 0.737829 0.742913
vt 0.714394 0.735772
vt 0.745269 0.743204
vt 0.829984 0.718878
vt 0.836516 0.731352
vt 0.812624 0.756670
vt 0.878335 0.734375
vt 0.870902 0.746331
vt 0.903423 0.733707
vt 0.878953 0.740715
vt 0.988385 0.730276
vt 0.968750 0.740795
vt 0.340362 0.742188
vt 0.319938 0.742545
vt 0.383573 0.742188
vt 0.473573 0.748601
vt 0.460243 0.742950
vt 0.517075 0.747823
vt 0.584665 0.733920
vt 0.572661 0.749502
vt 0.564761 0.737033
vt 0.586982 0.748002
vt 0.626232 0.750531
vt 0.678735 0.735194
vt 0.850150 0.765052
vt 0.921600 0.736876
vt 0.902203 0.748656
vt 0.947553 0.742855
vt 0.947723 0.732714
vt 0.072828 0.742188
vt 0.095010 0.743369
vt 0.060869 0.744278
vt 0.111743 0.737884
vt 0.123720 0.752820
vt 0.188551 0.757373
vt 0.224523 0.735475
vt 0.222888 0.752103
vt 0.236461 0.755347
vt 0.265683 0.755180
vt 0.292025 0.739226
vt 0.304199 0.757872
vt 0.350111 0.755362
vt 0.415655 0.750000
vt 0.392790 0.750000
vt 0.431680 0.752345
vt 0.452729 0.750080
vt 0.493725 0.750418
vt 0.560771 0.752263
vt 0.604885 0.750124
vt 0.643112 0.752414
vt 0.652418 0.760148
vt 0.715014 0.751708
vt 0.999814 0.756270
vt 0.976307 0.745874
vt 0.073402 0.781979
vt 0.218853 0.773428
vt 0.276055 0.760430
vt 0.296166 0.766844
vt 0.329258 0.766955
vt 0.394856 0.757813
vt 0.368072 0.757813
vt 0.417288 0.763109
vt 0.528757 0.759950
vt 0.570715 0.760198
vt 0.810919 0.743574
vt 0.808775 0.771946
vt 0.878563 0.761248
vt 0.994070 0.744353
vt 0.164620 0.757978
vt 0.156553 0.773583
vt 0.130724 0.748387
vt 0.354336 0.765625
vt 0.351048 0.774190
vt 0.392986 0.768797
vt 0.456832 0.765625
vt 0.490469 0.766301
vt 0.568097 0.775251
vt 0.585186 0.773432
vt 0.635162 0.765422
vt 0.719031 0.760615
vt 0.710814 0.783042
vt 0.788610 0.757749
vt 0.795111 0.765724
vt 0.819861 0.758264
vt 0.832212 0.761735
vt 0.822802 0.775369
vt 0.034889 0.775499
vt 0.016076 0.773889
vt 0.216135 0.780129
vt 0.329430 0.797730
vt 0.318694 0.758278
vt 0.460938 0.774531
vt 0.450069 0.773654
vt 0.504797 0.773438
vt 0.469529 0.776659
vt 0.513884 0.760284
vt 0.515932 0.777813
vt 0.649864 0.776883
vt 0.750000 0.770029
vt 0.726959 0.788586
vt 0.783003 0.782463
vt 0.837752 0.784275
vt 1.000000 0.765625
vt 0.981288 0.796840
vt 0.966594 0.780038
vt 0.015233 0.784226
vt 0.115717 0.780599
vt 0.273438 0.776714
vt 0.252361 0.784106
vt 0.365944 0.766730
vt 0.374700 0.791200
vt 0.525474 0.789919
vt 0.554434 0.786571
vt 0.693273 0.782721
vt 0.679688 0.784559
vt 0.746499 0.783370
vt 0.819427 0.794147
vt 0.890858 0.778418
vt 0.875300 0.782751
vt 0.868106 0.774833
vt 0.122988 0.787040
vt 0.104289 0.796691
vt 0.225128 0.793660
vt 0.201499 0.789062
vt 0.321523 0.795455
vt 0.416000 0.773546
vt 0.434276 0.793650
vt 0.410776 0.789137
vt 0.473307 0.789055
vt 0.441952 0.788860
vt 0.490737 0.788167
vt 0.590300 0.788269
vt 0.636427 0.796259
vt 0.624827 0.776650
vt 0.664969 0.789497
vt 0.773403 0.781186
vt 0.751894 0.792251
vt 0.796875 0.784592
vt 0.785029 0.797602
vt 0.829527 0.804539
vt 0.904891 0.788869
vt 0.952053 0.781250
vt 0.947249 0.791246
vt 0.929897 0.800239
vt 0.955474 0.789063
vt 0.963053 0.795847
vt -0.000280 0.777679
vt 0.000410 0.790058
vt 0.170028 0.799221
vt 0.139268 0.803370
vt 0.197660 0.798810
vt 0.390074 0.789063
vt 0.395150 0.797509
vt 0.379322 0.820365
vt 0.447945 0.804325
vt 0.542654 0.785423
vt 0.532946 0.802414
vt 0.565251 0.797643
vt 0.561943 0.806991
vt 0.648438 0.796875
vt 0.724817 0.796875
vt 0.733510 0.808133
vt 0.770031 0.796448
vt 0.755273 0.804285
vt 0.847832 0.796875
vt 0.858079 0.785573
vt 0.884408 0.799857
vt 0.920472 0.801361
vt 0.023920 0.789669
vt 0.019550 0.813862
vt 0.038783 0.790545
vt 0.053783 0.799583
vt 0.039063 0.807905
vt 0.072599 0.808758
vt 0.068426 0.792760
vt 0.116286 0.804688
vt 0.150392 0.809520
vt 0.182489 0.801377
vt 0.184587 0.812920
vt 0.205782 0.808507
vt 0.424947 0.811899
vt 0.476525 0.801221
vt 0.473059 0.811363
vt 0.603078 0.815315
vt 0.601569 0.796875
vt 0.652866 0.807431
vt 0.663476 0.799121
vt 0.687226 0.800169
vt 0.673397 0.809893
vt 0.060671 0.814027
vt 0.050947 0.821238
vt 0.121553 0.820094
vt 0.237755 0.803336
vt 0.227280 0.813217
vt 0.257812 0.809509
vt 0.275137 0.813655
vt 0.263899 0.825686
vt 0.278317 0.793759
vt 0.287892 0.824690
vt 0.307967 0.810751
vt 0.340916 0.829749
vt 0.444605 0.813115
vt 0.452721 0.820682
vt 0.547658 0.817332
vt 0.518348 0.812498
vt 0.664062 0.815139
vt 0.699641 0.809158
vt 0.802739 0.798317
vt 0.777006 0.812767
vt 0.973451 0.804688
vt 0.967192 0.820390
vt 0.953243 0.806412
vt 0.106197 0.814051
vt 0.079303 0.826698
vt 0.152633 0.820312
vt 0.190988 0.826618
vt 0.244103 0.820911
vt 0.317699 0.807395
vt 0.307415 0.820258
vt 0.351644 0.819638
vt 0.409742 0.827875
vt 0.403940 0.814400
vt 0.436160 0.825797
vt 0.465074 0.821609
vt 0.491318 0.833025
vt 0.575369 0.820964
vt 0.562994 0.823636
vt 0.701738 0.835114
vt 0.703264 0.818263
vt 0.862757 0.804396
vt 0.879279 0.820089
vt 0.866412 0.826303
vt 0.935981 0.812771
vt 0.942094 0.828292
vt 0.921228 0.825530
vt 0.960261 0.826752
vt 0.013330 0.818526
vt 0.013284 0.833686
vt 0.001009 0.830169
vt 0.039657 0.829074
vt 0.074244 0.832948
vt 0.128012 0.833566
vt 0.234300 0.835441
vt 0.272975 0.832620
vt 0.320126 0.839173
vt 0.354728 0.826079
vt 0.416748 0.835158
vt 0.470852 0.839173
vt 0.541439 0.833103
vt 0.518284 0.821777
vt 0.656013 0.817934
vt 0.646337 0.829976
vt 0.634804 0.817913
vt 0.745261 0.824480
vt 0.721902 0.835903
vt 0.723355 0.826033
vt 0.766630 0.826318
vt 0.757874 0.831932
vt 0.785077 0.820313
vt 0.813743 0.824770
vt 0.788408 0.833699
vt 0.817034 0.811657
vt 0.838411 0.831755
vt 0.839732 0.815042
vt 0.853071 0.843202
vt 0.909424 0.818414
vt 0.904739 0.833916
vt 0.893994 0.821629
vt 1.000000 0.813583
vt 0.986602 0.829435
vt 0.982935 0.816437
vt 0.050362 0.840002
vt 0.110885 0.829288
vt 0.205526 0.838246
vt 0.175812 0.835661
vt 0.259623 0.841142
vt 0.301469 0.842226
vt 0.360996 0.837021
vt 0.389922 0.835259
vt 0.370061 0.843049
vt 0.439596 0.840093
vt 0.513444 0.828125
vt 0.526337 0.839091
vt 0.585839 0.835938
vt 0.587184 0.825100
vt 0.614795 0.838223
vt 0.628916 0.828043
vt 0.632475 0.849528
vt 0.757079 0.855594
vt 0.819852 0.838799
vt 0.031819 0.845667
vt 0.000010 0.843750
vt 0.108467 0.849664
vt 0.158676 0.834290
vt 0.155645 0.844758
vt 0.143736 0.835357
vt 0.342489 0.847449
vt 0.555763 0.850512
vt 0.585256 0.849024
vt 0.686754 0.845459
vt 0.651213 0.842992
vt 0.701242 0.845016
vt 0.726425 0.845504
vt 0.980591 0.847881
vt 0.976563 0.835938
vt 0.997900 0.831469
vt 0.000280 0.881540
vt 0.164608 0.851562
vt 0.191262 0.849277
vt 0.252010 0.867114
vt 0.227401 0.852401
vt 0.269420 0.872916
vt 0.295563 0.860911
vt 0.290786 0.846298
vt 0.306628 0.858486
vt 0.331139 0.856620
vt 0.395777 0.843025
vt 0.373560 0.858526
vt 0.495936 0.848467
vt 0.475642 0.856676
vt 0.525278 0.846652
vt 0.517958 0.859431
vt 0.549540 0.854622
vt 0.606861 0.851562
vt 0.670574 0.854548
vt 0.662474 0.846931
vt 0.781077 0.851291
vt 0.810695 0.836564
vt 0.804910 0.859751
vt 0.869188 0.852368
vt 0.836802 0.851562
vt 0.911647 0.862633
vt 0.895812 0.853899
vt 0.916524 0.837906
vt 0.948305 0.857608
vt 0.973691 0.858809
vt 0.965005 0.846930
vt 0.048987 0.851206
vt 0.026289 0.866775
vt 0.054145 0.871642
vt 0.135688 0.844998
vt 0.141505 0.866483
vt 0.473516 0.867318
vt 0.622335 0.859375
vt 0.640594 0.853585
vt 0.626707 0.869099
vt 0.659629 0.860363
vt 0.704132 0.859447
vt 0.779687 0.859375
vt 0.867130 0.860179
vt 0.831494 0.863112
vt 0.017664 0.869279
vt 0.218335 0.856696
vt 0.219214 0.873622
vt 0.211043 0.876534
vt 0.275434 0.868597
vt 0.328510 0.870825
vt 0.351452 0.873950
vt 0.362086 0.873674
vt 0.459862 0.856074
vt 0.437438 0.866897
vt 0.449177 0.855510
vt 0.542225 0.873118
vt 0.570705 0.859375
vt 0.553231 0.870943
vt 0.588109 0.872858
vt 0.601356 0.893313
vt 0.665979 0.869732
vt 0.682972 0.870979
vt 0.744933 0.859375
vt 0.737396 0.871004
vt 0.707238 0.867094
vt 0.747931 0.870091
vt 0.804648 0.871802
vt 0.874018 0.846077
vt 0.894399 0.868384
vt 0.955440 0.847365
vt 0.963220 0.869470
vt 0.143580 0.880448
vt 0.202250 0.866481
vt 0.253900 0.889516
vt 0.229449 0.877886
vt 0.408674 0.863034
vt 0.379608 0.873682
vt 0.379579 0.864651
vt 0.412955 0.877024
vt 0.419390 0.862541
vt 0.438846 0.875155
vt 0.557580 0.883988
vt 0.652036 0.875045
vt 0.688928 0.884987
vt 0.723186 0.880616
vt 0.883244 0.889204
vt 0.927207 0.868086
vt 0.918130 0.877726
vt 0.972378 0.889757
vt 0.949479 0.880052
vt 0.192226 0.882812
vt 0.157532 0.889343
vt 0.265478 0.882812
vt 0.290371 0.875747
vt 0.280899 0.888182
vt 0.331690 0.882813
vt 0.324802 0.887634
vt 0.365742 0.883956
vt 0.632651 0.891300
vt 0.654093 0.883946
vt 0.706131 0.889917
vt 0.748793 0.884317
vt 0.779941 0.871495
vt 0.767672 0.890733
vt 0.768425 0.872787
vt 0.855227 0.868172
vt 0.874144 0.892606
vt 0.849154 0.874929
vt 0.937500 0.870461
vt 0.936301 0.890103
vt 0.980961 0.879744
vt 0.133773 0.904657
vt 0.046502 0.883775
vt 0.147723 0.891920
vt 0.168349 0.890625
vt 0.183728 0.900863
vt 0.261085 0.896048
vt 0.299059 0.882182
vt 0.293883 0.892121
vt 0.350089 0.895608
vt 0.355221 0.890625
vt 0.390246 0.885169
vt 0.376577 0.895023
vt 0.428968 0.884192
vt 0.410922 0.895995
vt 0.434804 0.894393
vt 0.550987 0.888692
vt 0.537459 0.891531
vt 0.737710 0.890625
vt 0.723582 0.898327
vt 0.831119 0.880762
vt 0.789062 0.890625
vt 0.783416 0.891303
vt 0.835681 0.890396
vt 0.907598 0.882520
vt 0.892289 0.892289
vt 0.915634 0.912417
vt 0.956723 0.894181
vt 0.984363 0.898298
vt 0.207455 0.890625
vt 0.226814 0.914665
vt 0.336900 0.903268
vt 0.311545 0.906769
vt 0.428951 0.900687
vt 0.536458 0.898438
vt 0.514771 0.867235
vt 0.569294 0.897767
vt 0.667137 0.887509
vt 0.663212 0.903377
vt 0.757246 0.899796
vt 0.785795 0.903339
vt 0.872139 0.916503
vt 0.869225 0.897935
vt 0.968776 0.898381
vt 0.023470 0.926910
vt 0.017588 0.897422
vt 0.160456 0.907341
vt 0.141066 0.924185
vt 0.241226 0.909175
vt 0.297014 0.910070
vt 0.392956 0.907205
vt 0.372527 0.909395
vt 0.464244 0.909650
vt 0.567220 0.907796
vt 0.477282 0.907110
vt 0.579468 0.910062
vt 0.757008 0.910205
vt 0.882813 0.913508
vt 0.900696 0.911779
vt 0.194530 0.920861
vt 0.183346 0.914063
vt 0.277082 0.898567
vt 0.266823 0.906916
vt 0.358882 0.917358
vt 0.333278 0.912616
vt 0.601911 0.904463
vt 0.619405 0.912098
vt 0.596141 0.920705
vt 0.638158 0.912767
vt 0.624461 0.900950
vt 0.649132 0.923915
vt 0.684050 0.911799
vt 0.660156 0.917969
vt 0.728771 0.902345
vt 0.703851 0.915901
vt 0.705419 0.906250
vt 0.725619 0.925151
vt 0.805020 0.908007
vt 0.837385 0.914300
vt 0.822143 0.916421
vt 0.999998 0.909207
vt 1.000713 0.922159
vt 0.000001 0.898438
vt 0.014824 0.915146
vt -0.000041 0.930015
vt 0.132706 0.921946
vt 0.146464 0.944461
vt 0.222785 0.921875
vt 0.258163 0.930626
vt 0.249699 0.932628
vt 0.267344 0.914266
vt 0.299984 0.925299
vt 0.280275 0.924014
vt 0.310521 0.921143
vt 0.333620 0.927969
vt 0.336478 0.921875
vt 0.394170 0.921753
vt 0.481074 0.918919
vt 0.470722 0.927776
vt 0.562331 0.914774
vt 0.554582 0.921769
vt 0.613275 0.928890
vt 0.732795 0.930462
vt 0.798436 0.927791
vt 0.945141 0.915022
vt 0.937500 0.928390
vt 0.229393 0.929688
vt 0.351408 0.933241
vt 0.530963 0.930454
vt 0.577938 0.933291
vt 0.657425 0.935552
vt 0.766693 0.936220
vt 0.754359 0.934171
vt 0.785253 0.927788
vt 0.892141 0.926273
vt 0.882813 0.944360
vt 0.920456 0.922685
vt 0.902887 0.937290
vt 0.017334 0.940240
vt 0.106657 0.962532
vt 0.243729 0.943711
vt 0.204817 0.992188
vt 0.316423 0.941698
vt 0.453039 0.944238
vt 0.447696 0.937289
vt 0.509333 0.934275
vt 0.565052 0.938742
vt 0.612411 0.944422
vt 0.688103 0.924588
vt 0.673692 0.938367
vt 0.719641 0.942698
vt 0.741119 0.937600
vt 0.768399 0.943443
vt 0.850377 0.946115
vt 0.860276 0.916908
vt 0.879579 0.950613
vt 0.857578 0.955202
vt 0.914062 0.950521
vt 0.963532 0.937643
vt 0.048587 0.932079
vt 0.023318 0.937500
vt 0.282111 0.959368
vt 0.266153 0.956381
vt 0.273711 0.932409
vt 0.287089 0.945313
vt 0.358660 0.946303
vt 0.344333 0.946595
vt 0.421875 0.938798
vt 0.409909 0.945313
vt 0.426849 0.916824
vt 0.433961 0.950554
vt 0.459440 0.916081
vt 0.538352 0.946880
vt 0.592859 0.937500
vt 0.585545 0.950687
vt 0.700946 0.951605
vt 0.898879 0.948510
vt 0.073665 0.952071
vt 0.296135 0.956785
vt 0.301493 0.940599
vt 0.304688 0.958849
vt 0.400794 0.938242
vt 0.407532 0.953125
vt 0.498322 0.952971
vt 0.508361 0.953125
vt 0.540941 0.955244
vt 0.625000 0.964350
vt 0.640832 0.945840
vt 0.637474 0.956918
vt 0.097552 0.953464
vt 0.084048 0.960938
vt 0.320399 0.953125
vt 0.346662 0.969709
vt 0.322033 0.961973
vt 0.409298 0.966884
vt 0.363986 0.958086
vt 0.417134 0.960938
vt 0.500359 0.960039
vt 0.583529 0.960938
vt 0.570116 0.951780
vt 0.696148 0.945393
vt 0.672882 0.961010
vt 0.677986 0.969148
vt 0.714679 0.976074
vt 0.727393 0.955975
vt 0.882813 0.961670
vt 0.911199 0.976065
vt 0.000000 1.000000
vt 0.100744 0.970510
vt 0.132812 1.000000
vt 0.109375 0.999998
vt 0.292505 0.972551
vt 0.546590 0.990485
vt 0.586121 0.968750
vt 0.653258 0.975067
vt 0.738485 0.951639
vt 0.727220 0.968750
vt 0.760417 0.992188
vt 0.802046 0.999472
vt 0.870953 0.960854
vt 0.875059 0.978337
vt 0.882427 0.993461
vt 0.279608 0.984375
vt 0.267623 0.972549
vt 0.312238 0.980384
vt 0.388965 0.977164
vt 0.343952 0.979353
vt 0.406382 0.976801
vt 0.658433 0.985007
vt 0.811230 0.988074
vt 0.812544 0.999923
vt 0.101547 0.999873
vt 0.282225 0.998765
vt 0.298566 1.000074
vt 0.678155 0.985455
vt 0.867098 0.999987
vt 1.000000 1.000000
vt 0.914063 1.000000
vt 0.917126 0.975347
vt 0.256748 0.967704
vt 0.289062 0.987307
vt 0.633318 0.979121
vt 0.633652 0.991663
vt 0.607642 0.985913
vt 0.699249 0.992188
vt 0.676484 0.999995
vt 0.719322 0.982166
vt 0.906250 1.000000
vt 0.203076 0.000000
vt 0.210938 0.000000
vt 0.250083 0.000000
vt 0.226562 0.000011
vt 0.257812 0.000000
vt 0.281467 0.000235
vt 0.265366 0.000000
vt 0.314066 -0.000074
vt 0.351420 0.000000
vt 0.361274 0.000000
vt 0.430159 0.000000
vt 0.421875 0.000000
vt 0.456856 0.000000
vt 0.484732 0.000000
vt 0.554726 0.000000
vt 0.561953 0.011266
vt 0.695336 0.000000
vt 0.717278 0.000000
vt 0.733695 0.000000
vt 0.757813 0.000000
vt 0.745183 0.000000
vt 0.773494 0.000000
vt 0.867188 0.000000
vt 0.858162 0.001304
vt 0.875575 0.000000
vt 0.899001 0.000000
vt 0.937857 0.000000
vt 0.968052 -0.000078
vt 1.000000 0.070273
vt 1.000000 0.163902
vt 0.992188 0.177638
vt 1.000000 0.234632
vt 1.000000 0.305019
vt 1.000000 0.531790
vt 0.989703 0.539754
vt 0.987479 0.527760
vt 1.000049 0.562492
vt 1.000000 0.581082
vt 1.000000 0.614395
vt 1.000006 0.627588
vt 1.000000 0.718792
vt 0.758171 1.000000
vt 0.693840 1.000000
vt 0.603904 1.001069
vt 0.551671 1.000000
vt 0.484377 1.000000
vt 0.480539 0.991740
vt 0.477094 1.000000
vt 0.417187 1.000083
vt 0.218750 1.000000
vt 0.204108 1.000000
vt 0.000000 0.812180
vt 0.001233 0.691705
vt 0.002720 0.672028
vt 0.000000 0.679688
vt 0.000000 0.648438
vt 0.000000 0.626302
vt -0.000120 0.538729
vt 0.000000 0.523438
vt 0.000000 0.410595
vt 0.000000 0.389744
vt 0.000000 0.369213
vt 0.000000 0.342786
vt 0.000000 0.202256
vt 0.000000 0.171875
vt 0.000000 0.148791
vt 0.000000 0.140625
vt 0.218733 0.000061
vt 0.573721 0.007812
vt 0.792996 0.000000
vt 0.809440 0.000005
vt 0.916906 0.007812
vt 0.461295 0.028640
vt 0.680676 0.023438
vt 0.728344 0.033031
vt 0.704170 0.024483
vt 0.836390 0.000000
vt 0.000001 0.043015
vt 0.334286 0.032557
vt 0.449632 0.036407
vt 0.658334 0.031250
vt 0.722689 0.035189
vt 0.234368 0.049836
vt 0.818086 0.034881
vt 1.000045 0.031196
vt 0.473900 0.042875
vt 0.359584 0.047000
vt 0.000001 0.078049
vt 0.471953 0.060350
vt 0.371983 0.054694
vt 0.355278 0.070812
vt 0.324020 0.062651
vt 0.553318 0.070964
vt 0.726563 0.064398
vt 0.625953 0.071062
vt 0.444559 0.079587
vt 0.765934 0.086273
vt 0.818915 0.100384
vt 0.984309 0.107444
vt 1.000000 0.101562
vt 0.352157 0.101509
vt 0.407554 0.109884
vt 0.889196 0.138115
vt 0.358997 0.141004
vt 0.295917 0.140331
vt 0.894001 0.147880
vt 0.598741 0.143890
vt 0.907293 0.174663
vt 0.528859 0.179792
vt 0.611494 0.187725
vt 0.304688 0.190613
vt 0.407782 0.205606
vt 0.452430 0.196007
vt 0.430081 0.202732
vt 0.570007 0.207680
vt 0.697353 0.205425
vt 0.385032 0.218200
vt 0.765625 0.210908
vt 0.789063 0.210938
vt 0.487229 0.221604
vt 0.649877 0.227446
vt 0.494984 0.243104
vt 0.820313 0.253720
vt 0.789062 0.272598
vt 0.418585 0.281250
vt 0.796875 0.285348
vt 0.617011 0.295077
vt 0.266003 0.296875
vt 0.896368 0.298494
vt 0.999994 0.288713
vt 0.999977 0.296875
vt 0.289455 0.311185
vt 0.279483 0.308206
vt 0.290183 0.319518
vt 0.273438 0.320313
vt 0.617188 0.320313
vt 0.609375 0.320313
vt 0.757919 0.328230
vt 0.015699 0.335141
vt 0.242703 0.343314
vt 0.370065 0.343750
vt 0.210122 0.352132
vt 0.632813 0.351563
vt 0.898111 0.360331
vt 0.234375 0.359375
vt 0.645810 0.364918
vt 0.234375 0.367188
vt 0.296875 0.367188
vt 0.963158 0.375000
vt 0.016084 0.377661
vt 0.632813 0.376134
vt 0.640625 0.375000
vt 0.726483 0.375215
vt 0.311904 0.394610
vt 0.178633 0.397426
vt 0.834007 0.398721
vt 0.843750 0.390625
vt 1.000009 0.382804
vt 0.517112 0.406884
vt 0.529970 0.404925
vt 1.000196 0.396506
vt 0.193341 0.411351
vt 0.594667 0.413145
vt 0.277012 0.421918
vt 0.595505 0.420120
vt 0.602875 0.420563
vt 0.757540 0.426717
vt 0.314041 0.425106
vt 0.605471 0.425779
vt 0.918260 0.421875
vt 0.866717 0.441057
vt 0.999965 0.428131
vt 0.734375 0.438400
vt 0.999796 0.452863
vt 0.678717 0.468104
vt 0.921875 0.471705
vt 0.452847 0.484375
vt 0.395746 0.509646
vt 0.126863 0.509172
vt 0.000004 0.515551
vt 0.999913 0.501285
vt 0.491499 0.529841
vt 0.571641 0.537734
vt 0.695312 0.531250
vt 0.885926 0.531250
vt -0.000009 0.551401
vt 0.358198 0.546306
vt 0.492188 0.539062
vt 0.488854 0.554901
vt 0.500000 0.551532
vt 0.867659 0.546875
vt 0.345073 0.561965
vt 0.203125 0.557682
vt 0.355072 0.561555
vt 0.366717 0.555185
vt 0.707346 0.555166
vt 0.999790 0.554094
vt 0.595053 0.578125
vt 0.239287 0.573034
vt 0.224072 0.575701
vt 0.256927 0.592234
vt 0.640625 0.585938
vt 0.648438 0.585938
vt 0.089688 0.594460
vt 0.609375 0.601562
vt 0.044840 0.635434
vt 0.507100 0.638442
vt 0.032618 0.640075
vt 0.503177 0.655828
vt 0.358815 0.649234
vt 0.999698 0.687112
vt 0.374925 0.661982
vt 0.396740 0.656250
vt 0.578122 0.671555
vt 0.422621 0.679271
vt 0.070964 0.709725
vt 0.924713 0.703125
vt 0.232703 0.720987
vt 0.944785 0.714032
vt 0.851419 0.714337
vt 0.816473 0.723914
vt 0.756277 0.754741
vt 0.843796 0.732417
vt 0.784720 0.747862
vt 0.764487 0.761264
vt 0.177655 0.752032
vt 0.934918 0.742188
vt 0.930459 0.751529
vt 0.610087 0.765066
vt 0.402688 0.780153
vt 0.138015 0.765613
vt 0.170500 0.776356
vt 0.700446 0.769785
vt 0.912355 0.765625
vt 0.894352 0.762406
vt 0.097629 0.787053
vt 0.288227 0.781645
vt 0.616200 0.775949
vt 0.601098 0.786660
vt 0.907097 0.773438
vt 0.718750 0.783376
vt 0.910522 0.781250
vt 0.507617 0.804302
vt 0.713933 0.804918
vt 0.899636 0.809167
vt 0.586572 0.804688
vt 0.219712 0.828732
vt 0.205321 0.824361
vt 0.675602 0.823927
vt 0.093933 0.840692
vt 0.942055 0.842192
vt 0.413104 0.847475
vt 0.443356 0.850613
vt 0.827189 0.848209
vt 0.577519 0.856382
vt 1.000000 0.851563
vt 0.999606 0.863084
vt 0.611719 0.867188
vt 0.820313 0.867188
vt 0.989957 0.868208
vt 0.408327 0.889045
vt 0.718750 0.886399
vt 1.000008 0.878786
vt 0.236644 0.890919
vt 1.000004 0.898566
vt 0.684283 0.900609
vt 0.699691 0.898438
vt 0.171875 0.919883
vt 0.164094 0.917139
vt 0.432868 0.914062
vt 0.139142 0.941703
vt 0.977159 0.932456
vt 0.605879 0.921875
vt 0.999852 0.941691
vt 0.352188 0.959054
vt 0.140625 1.000000
vt 0.439897 0.966886
vt 0.580402 0.971318
vt 0.333347 0.984375
vt 0.343308 0.999980
vt 0.000101 0.000000
vt 0.562500 0.000000
vt 0.574903 0.000000
vt 0.618015 0.000000
vt 0.639473 0.000000
vt 0.651515 0.000000
vt 0.924727 0.000000
vt 0.781250 0.000000
vt 1.000000 0.597656
vt 1.000000 0.460938
vt 1.000000 0.699972
vt 0.635805 1.000000
vt 0.000000 0.085969
vt 0.000000 0.023258
vt 0.000000 0.015625
s 0
usemtl Material.001
f 146/1/1 177/2/1 44/3/1
f 45/4/2 204/5/2 146/1/2
f 178/6/3 205/7/3 268/8/3
f 46/9/4 205/7/4 178/6/4
f 179/10/5 234/11/5 47/12/5
f 147/13/6 206/14/6 179/10/6
f 153/15/7 212/16/7 54/17/7
f 154/18/8 184/19/8 183/20/8
f 155/21/9 185/22/9 154/18/9
f 156/23/10 247/24/10 155/21/10
f 157/25/11 186/26/11 156/23/11
f 158/27/12 188/28/12 187/29/12
f 159/30/13 188/28/13 158/27/13
f 160/31/14 161/32/14 189/33/14
f 165/34/15 192/35/15 164/36/15
f 166/37/16 192/35/16 165/34/16
f 167/38/17 193/39/17 166/37/17
f 167/38/18 194/40/18 193/39/18
f 167/38/19 168/41/19 194/40/19
f 169/42/20 226/43/20 168/41/20
f 170/44/21 226/43/21 169/42/21
f 170/44/22 227/45/22 226/43/22
f 171/46/23 229/47/23 170/44/23
f 172/48/24 229/47/24 171/46/24
f 172/48/25 261/49/25 229/47/25
f 172/48/26 195/50/26 261/49/26
f 76/51/27 262/52/27 197/53/27
f 173/54/28 198/55/28 231/56/28
f 173/54/29 199/57/29 198/55/29
f 174/58/30 200/59/30 199/57/30
f 232/60/31 266/61/31 203/62/31
f 146/1/32 204/5/32 177/2/32
f 46/9/33 234/11/33 205/7/33
f 180/63/34 239/64/34 208/65/34
f 150/66/35 209/67/35 180/63/35
f 181/68/36 210/69/36 150/66/36
f 182/70/37 241/71/37 181/68/37
f 182/70/38 211/72/38 241/71/38
f 182/70/39 212/16/39 211/72/39
f 184/19/40 214/73/40 183/20/40
f 185/22/41 215/74/41 184/19/41
f 156/23/42 248/75/42 247/24/42
f 186/26/43 248/75/43 156/23/43
f 188/28/44 216/76/44 187/29/44
f 161/32/45 253/77/45 189/33/45
f 161/32/46 217/78/46 253/77/46
f 190/79/47 219/80/47 218/81/47
f 191/82/48 220/83/48 219/80/48
f 192/35/49 220/83/49 191/82/49
f 193/39/50 224/84/50 223/85/50
f 196/86/51 230/87/51 195/50/51
f 176/88/52 287/89/52 201/90/52
f 176/88/53 202/91/53 265/92/53
f 203/62/54 266/61/54 202/91/54
f 85/93/55 288/94/55 232/60/55
f 148/95/56 238/96/56 147/13/56
f 148/95/57 207/97/57 238/96/57
f 180/63/58 271/98/58 239/64/58
f 213/99/59 244/100/59 212/16/59
f 215/74/60 246/101/60 214/73/60
f 188/28/61 301/102/61 216/76/61
f 218/81/62 253/77/62 217/78/62
f 220/83/63 255/103/63 254/104/63
f 221/105/64 255/103/64 220/83/64
f 222/106/65 255/103/65 221/105/65
f 223/85/66 256/107/66 222/106/66
f 229/47/67 261/49/67 228/108/67
f 195/50/68 230/87/68 311/109/68
f 197/53/69 283/110/69 196/86/69
f 199/57/70 264/111/70 198/55/70
f 200/59/71 264/111/71 199/57/71
f 266/61/72 232/60/72 267/112/72
f 207/97/73 270/113/73 238/96/73
f 240/114/74 272/115/74 321/116/74
f 241/71/75 273/117/75 272/115/75
f 245/118/76 274/119/76 244/100/76
f 246/101/77 274/119/77 245/118/77
f 247/24/78 274/119/78 215/74/78
f 186/26/79 299/120/79 248/75/79
f 301/102/80 251/121/80 216/76/80
f 188/28/81 276/122/81 302/123/81
f 252/124/82 276/122/82 189/33/82
f 218/81/83 277/125/83 253/77/83
f 218/81/84 254/104/84 277/125/84
f 255/103/85 278/126/85 254/104/85
f 222/106/86 305/127/86 255/103/86
f 258/128/87 309/129/87 308/130/87
f 261/49/88 282/131/88 228/108/88
f 285/132/89 263/133/89 231/56/89
f 265/92/90 316/134/90 287/89/90
f 266/61/91 316/134/91 265/92/91
f 235/135/92 269/136/92 292/137/92
f 237/138/93 318/139/93 236/140/93
f 273/117/94 294/141/94 272/115/94
f 242/142/95 296/143/95 295/144/95
f 252/124/96 303/145/96 331/146/96
f 278/126/97 304/147/97 254/104/97
f 279/148/98 307/149/98 354/150/98
f 309/129/99 334/151/99 308/130/99
f 280/152/100 335/153/100 309/129/100
f 282/131/101 359/154/101 358/155/101
f 282/131/102 310/156/102 359/154/102
f 261/49/103 310/156/103 282/131/103
f 200/59/104 316/134/104 264/111/104
f 290/157/105 365/158/105 233/159/105
f 268/8/106 337/160/106 290/157/106
f 268/8/107 291/161/107 337/160/107
f 291/161/108 205/7/108 366/162/108
f 237/138/109 319/163/109 318/139/109
f 270/113/110 339/164/110 238/96/110
f 294/141/111 343/165/111 272/115/111
f 296/143/112 345/166/112 295/144/112
f 297/167/113 322/168/113 296/143/113
f 300/169/114 348/170/114 299/120/114
f 251/121/115 329/171/115 372/172/115
f 301/102/116 329/171/116 251/121/116
f 302/123/117 276/122/117 330/173/117
f 305/127/118 352/174/118 304/147/118
f 306/175/119 354/150/119 332/176/119
f 307/149/120 333/177/120 354/150/120
f 279/148/121 333/177/121 307/149/121
f 308/130/122 445/178/122 279/148/122
f 314/179/123 401/180/123 336/181/123
f 286/182/124 315/183/124 285/132/124
f 316/134/125 286/182/125 264/111/125
f 366/162/126 337/160/126 291/161/126
f 319/163/127 338/184/127 318/139/127
f 320/185/128 340/186/128 270/113/128
f 294/141/129 344/187/129 343/165/129
f 295/144/130 345/166/130 294/141/130
f 323/188/131 322/168/131 297/167/131
f 327/189/132 370/190/132 326/191/132
f 298/192/133 347/193/133 327/189/133
f 298/192/134 348/170/134 347/193/134
f 299/120/135 348/170/135 298/192/135
f 300/169/136 349/194/136 348/170/136
f 360/195/137 379/196/137 378/197/137
f 313/198/138 380/199/138 312/200/138
f 336/181/139 380/199/139 313/198/139
f 315/183/140 381/201/140 314/179/140
f 286/182/141 361/202/141 315/183/141
f 317/203/142 364/204/142 363/205/142
f 341/206/143 367/207/143 340/186/143
f 343/165/144 386/208/144 342/209/144
f 344/187/145 386/208/145 343/165/145
f 345/166/146 368/210/146 387/211/146
f 347/193/147 370/190/147 327/189/147
f 348/170/148 371/212/148 347/193/148
f 349/194/149 391/213/149 348/170/149
f 276/122/150 351/214/150 373/215/150
f 354/150/151 443/216/151 353/217/151
f 333/177/152 443/216/152 354/150/152
f 358/155/153 359/154/153 377/218/153
f 361/202/154 286/182/154 430/219/154
f 316/134/155 362/220/155 430/219/155
f 364/204/156 404/221/156 363/205/156
f 234/11/157 292/137/157 627/222/157
f 344/187/158 411/223/158 386/208/158
f 344/187/159 387/211/159 411/223/159
f 368/210/160 388/224/160 387/211/160
f 368/210/161 389/225/161 388/224/161
f 347/193/162 418/226/162 370/190/162
f 371/212/163 391/213/163 418/226/163
f 372/172/164 393/227/164 392/228/164
f 372/172/165 329/171/165 393/227/165
f 352/174/166 375/229/166 395/230/166
f 396/231/167 420/232/167 333/177/167
f 357/233/168 377/218/168 398/234/168
f 378/197/169 400/235/169 310/156/169
f 380/199/170 425/236/170 379/196/170
f 382/237/171 448/238/171 381/201/171
f 87/239/172 404/221/172 364/204/172
f 515/240/173 406/241/173 205/7/173
f 338/184/174 407/242/174 431/243/174
f 386/208/175 410/244/175 385/245/175
f 411/223/176 387/211/176 412/246/176
f 389/225/177 390/247/177 415/248/177
f 370/190/178 417/249/178 416/250/178
f 418/226/179 417/249/179 370/190/179
f 394/251/180 458/252/180 373/215/180
f 421/253/181 420/232/181 396/231/181
f 445/178/182 421/253/182 396/231/182
f 445/178/183 422/254/183 421/253/183
f 397/255/184 445/178/184 355/256/184
f 377/218/185 399/257/185 423/258/185
f 380/199/186 426/259/186 425/236/186
f 401/180/187 427/260/187 380/199/187
f 428/261/188 448/238/188 447/262/188
f 402/263/189 429/264/189 382/237/189
f 408/265/190 431/243/190 407/242/190
f 408/265/191 384/266/191 432/267/191
f 409/268/192 433/269/192 384/266/192
f 411/223/193 412/246/193 454/270/193
f 413/271/194 412/246/194 387/211/194
f 388/224/195 415/248/195 414/272/195
f 416/250/196 435/273/196 390/247/196
f 417/249/197 437/274/197 436/275/197
f 392/228/198 393/227/198 439/276/198
f 375/229/199 441/277/199 395/230/199
f 442/278/200 441/277/200 375/229/200
f 422/254/201 464/279/201 421/253/201
f 398/234/202 423/258/202 446/280/202
f 427/260/203 426/259/203 380/199/203
f 429/264/204 488/281/204 448/238/204
f 402/263/205 430/219/205 429/264/205
f 430/219/206 362/220/206 513/282/206
f 431/243/207 492/283/207 292/137/207
f 408/265/208 432/267/208 472/284/208
f 384/266/209 433/269/209 432/267/209
f 434/285/210 454/270/210 453/286/210
f 414/272/211 475/287/211 413/271/211
f 415/248/212 476/288/212 414/272/212
f 435/273/213 476/288/213 415/248/213
f 437/274/214 477/289/214 436/275/214
f 418/226/215 456/290/215 438/291/215
f 391/213/216 480/292/216 456/290/216
f 440/293/217 459/294/217 458/252/217
f 440/293/218 441/277/218 459/294/218
f 442/278/219 460/295/219 504/296/219
f 443/216/220 462/297/220 461/298/220
f 422/254/221 466/299/221 465/300/221
f 397/255/222 484/301/222 466/299/222
f 446/280/223 484/301/223 397/255/223
f 425/236/224 426/259/224 468/302/224
f 447/262/225 448/238/225 487/303/225
f 429/264/226 470/304/226 488/281/226
f 449/305/227 471/306/227 383/307/227
f 404/221/228 490/308/228 449/305/228
f 366/162/229 533/309/229 365/158/229
f 432/267/230 433/269/230 473/310/230
f 452/311/231 474/312/231 451/313/231
f 454/270/232 475/287/232 453/286/232
f 414/272/233 496/314/233 475/287/233
f 414/272/234 476/288/234 496/314/234
f 476/288/235 435/273/235 497/315/235
f 437/274/236 478/316/236 477/289/236
f 456/290/237 480/292/237 520/317/237
f 350/318/238 481/319/238 457/320/238
f 350/318/239 458/252/239 481/319/239
f 482/321/240 502/322/240 441/277/240
f 420/232/241 444/323/241 463/324/241
f 423/258/242 484/301/242 446/280/242
f 399/257/243 467/325/243 485/326/243
f 487/303/244 511/327/244 426/259/244
f 470/304/245 512/328/245 488/281/245
f 430/219/246 489/329/246 470/304/246
f 403/330/247 528/331/247 513/282/247
f 471/306/248 514/332/248 383/307/248
f 473/310/249 494/333/249 472/284/249
f 474/312/250 473/310/250 433/269/250
f 453/286/251 517/334/251 495/335/251
f 498/336/252 477/289/252 519/337/252
f 481/319/253 521/338/253 457/320/253
f 459/294/254 501/339/254 458/252/254
f 482/321/255 503/340/255 502/322/255
f 482/321/256 504/296/256 503/340/256
f 483/341/257 506/342/257 462/297/257
f 464/279/258 465/300/258 507/343/258
f 485/326/259 509/344/259 423/258/259
f 467/325/260 486/345/260 510/346/260
f 487/303/261 526/347/261 511/327/261
f 533/309/262 577/348/262 365/158/262
f 494/333/263 629/349/263 493/350/263
f 495/335/264 516/351/264 474/312/264
f 496/314/265 540/352/265 539/353/265
f 497/315/266 540/352/266 476/288/266
f 435/273/267 518/354/267 497/315/267
f 498/336/268 541/355/268 518/354/268
f 500/356/269 562/357/269 480/292/269
f 504/296/270 505/358/270 503/340/270
f 444/323/271 549/359/271 463/324/271
f 508/360/272 551/361/272 592/362/272
f 508/360/273 466/299/273 551/361/273
f 509/344/274 524/363/274 484/301/274
f 512/328/275 527/364/275 487/303/275
f 490/308/276 530/365/276 514/332/276
f 88/366/277 553/367/277 532/368/277
f 493/350/278 629/349/278 534/369/278
f 516/351/279 537/370/279 536/371/279
f 517/334/280 537/370/280 516/351/280
f 518/354/281 558/372/281 497/315/281
f 498/336/282 542/373/282 541/355/282
f 519/337/283 542/373/283 498/336/283
f 520/317/284 543/374/284 561/375/284
f 521/338/285 544/376/285 500/356/285
f 522/377/286 545/378/286 501/339/286
f 502/322/287 523/379/287 546/380/287
f 505/358/288 566/381/288 548/382/288
f 506/342/289 568/383/289 567/384/289
f 507/343/290 550/385/290 444/323/290
f 466/299/291 524/363/291 551/361/291
f 510/346/292 569/386/292 485/326/292
f 511/327/293 572/387/293 486/345/293
f 512/328/294 552/388/294 527/364/294
f 489/329/295 574/389/295 552/388/295
f 531/390/296 530/365/296 490/308/296
f 577/348/297 554/391/297 405/392/297
f 533/309/298 579/393/298 578/394/298
f 536/371/299 555/395/299 473/310/299
f 538/396/300 556/397/300 537/370/300
f 539/353/301 581/398/301 538/396/301
f 541/355/302 558/372/302 518/354/302
f 519/337/303 584/399/303 542/373/303
f 561/375/304 560/400/304 479/401/304
f 544/376/305 564/402/305 562/357/305
f 523/379/306 547/403/306 546/380/306
f 549/359/307 591/404/307 568/383/307
f 525/405/308 570/406/308 510/346/308
f 527/364/309 594/407/309 526/347/309
f 552/388/310 595/408/310 527/364/310
f 529/409/311 643/410/311 528/331/311
f 531/390/312 600/411/312 530/365/312
f 532/368/313 600/411/313 531/390/313
f 553/367/314 600/411/314 532/368/314
f 553/367/315 89/412/315 600/411/315
f 533/309/176 578/394/176 577/348/176
f 366/162/316 579/393/316 533/309/316
f 603/413/317 579/393/317 366/162/317
f 555/395/318 580/414/318 535/415/318
f 538/396/319 581/398/319 605/416/319
f 541/355/320 609/417/320 558/372/320
f 561/375/321 585/418/321 560/400/321
f 543/374/322 585/418/322 561/375/322
f 563/419/323 612/420/323 562/357/323
f 564/402/324 614/421/324 563/419/324
f 521/338/325 587/422/325 544/376/325
f 546/380/326 590/423/326 522/377/326
f 568/383/327 591/404/327 639/424/327
f 592/362/328 619/425/328 465/300/328
f 571/426/329 593/427/329 525/405/329
f 574/389/330 597/428/330 596/429/330
f 573/430/331 597/428/331 574/389/331
f 576/431/332 626/432/332 529/409/332
f 534/369/333 628/433/333 492/283/333
f 556/397/334 604/434/334 536/371/334
f 605/416/335 581/398/335 606/435/335
f 581/398/336 582/436/336 607/437/336
f 584/399/337 610/438/337 609/417/337
f 586/439/338 611/440/338 543/374/338
f 563/419/339 613/441/339 612/420/339
f 590/423/340 636/442/340 589/443/340
f 546/380/341 637/444/341 616/445/341
f 546/380/342 547/403/342 637/444/342
f 566/381/343 567/384/343 617/446/343
f 619/425/344 618/447/344 507/343/344
f 592/362/345 620/448/345 619/425/345
f 621/449/346 620/448/346 551/361/346
f 569/386/347 622/450/347 621/449/347
f 570/406/348 593/427/348 623/451/348
f 597/428/349 625/452/349 596/429/349
f 599/453/350 626/432/350 576/431/350
f 90/454/351 646/455/351 600/411/351
f 603/413/352 647/456/352 578/394/352
f 534/369/353 629/349/353 628/433/353
f 605/416/354 631/457/354 604/434/354
f 581/398/355 607/437/355 606/435/355
f 608/458/356 632/459/356 582/436/356
f 609/417/357 671/460/357 583/461/357
f 585/418/358 654/462/358 653/463/358
f 585/418/359 611/440/359 634/464/359
f 588/465/360 635/466/360 521/338/360
f 615/467/361 635/466/361 588/465/361
f 616/445/362 657/468/362 590/423/362
f 547/403/363 659/469/363 637/444/363
f 621/449/364 641/470/364 640/471/364
f 621/449/365 622/450/365 641/470/365
f 597/428/366 642/472/366 625/452/366
f 597/428/367 667/473/367 642/472/367
f 602/474/368 647/456/368 601/475/368
f 628/433/369 629/349/369 723/476/369
f 580/414/370 630/477/370 494/333/370
f 604/434/371 651/478/371 650/479/371
f 607/437/372 652/480/372 606/435/372
f 671/460/373 773/481/373 608/458/373
f 633/482/374 672/483/374 610/438/374
f 634/464/375 706/484/375 585/418/375
f 611/440/376 674/485/376 634/464/376
f 586/439/377 655/486/377 674/485/377
f 635/466/378 676/487/378 587/422/378
f 636/442/379 678/488/379 615/467/379
f 637/444/380 684/489/380 658/490/380
f 617/446/381 638/491/381 660/492/381
f 591/404/382 618/447/382 662/493/382
f 619/425/383 620/448/383 663/494/383
f 623/451/384 593/427/384 665/495/384
f 594/407/385 687/496/385 571/426/385
f 624/497/386 687/496/386 594/407/386
f 642/472/387 689/498/387 625/452/387
f 667/473/388 666/499/388 642/472/388
f 643/410/389 691/500/389 667/473/389
f 645/501/390 693/502/390 644/503/390
f 646/455/391 668/504/391 645/501/391
f 601/475/392 721/505/392 35/506/392
f 647/456/393 721/505/393 601/475/393
f 580/414/394 670/507/394 630/477/394
f 649/508/395 670/507/395 580/414/395
f 608/458/396 607/437/396 632/459/396
f 633/482/397 706/484/397 673/509/397
f 654/462/398 706/484/398 653/463/398
f 656/510/399 708/511/399 614/421/399
f 635/466/400 677/512/400 676/487/400
f 681/513/401 658/490/401 682/514/401
f 658/490/402 731/515/402 683/516/402
f 658/490/403 684/489/403 731/515/403
f 638/491/404 661/517/404 712/518/404
f 641/470/405 664/519/405 713/520/405
f 625/452/406 688/521/406 624/497/406
f 689/498/407 688/521/407 625/452/407
f 666/499/408 690/522/408 642/472/408
f 667/473/409 691/500/409 666/499/409
f 668/504/410 694/523/410 693/502/410
f 696/524/411 695/525/411 646/455/411
f 647/456/412 698/526/412 697/527/412
f 648/528/413 698/526/413 603/413/413
f 649/508/414 650/479/414 701/529/414
f 652/480/415 702/530/415 631/457/415
f 608/458/416 773/481/416 607/437/416
f 671/460/417 726/531/417 773/481/417
f 672/483/418 673/509/418 704/532/418
f 674/485/419 707/533/419 706/484/419
f 675/534/420 750/535/420 674/485/420
f 613/441/421 708/511/421 612/420/421
f 677/512/422 729/536/422 676/487/422
f 682/514/423 782/537/423 681/513/423
f 683/516/424 710/538/424 658/490/424
f 661/517/425 733/539/425 712/518/425
f 662/493/426 618/447/426 757/540/426
f 620/448/427 685/541/427 734/542/427
f 664/519/428 665/495/428 713/520/428
f 688/521/429 715/543/429 736/544/429
f 689/498/430 715/543/430 688/521/430
f 666/499/431 717/545/431 738/546/431
f 691/500/432 717/545/432 666/499/432
f 693/502/433 719/547/433 718/548/433
f 694/523/434 719/547/434 693/502/434
f 696/524/435 720/549/435 695/525/435
f 698/526/436 722/550/436 697/527/436
f 627/222/437 699/551/437 722/550/437
f 723/476/438 844/552/438 627/222/438
f 670/507/439 701/529/439 724/553/439
f 682/514/440 709/554/440 753/555/440
f 712/518/441 787/556/441 732/557/441
f 712/518/442 733/539/442 787/556/442
f 618/447/443 759/558/443 757/540/443
f 685/541/444 762/559/444 734/542/444
f 665/495/445 735/560/445 763/561/445
f 714/562/446 735/560/446 686/563/446
f 715/543/447 737/564/447 736/544/447
f 689/498/448 716/565/448 737/564/448
f 717/545/449 739/566/449 738/546/449
f 719/547/450 769/567/450 718/548/450
f 694/523/451 769/567/451 719/547/451
f 720/549/452 795/568/452 740/569/452
f 92/570/453 741/571/453 696/524/453
f 724/553/454 743/572/454 670/507/454
f 725/573/455 746/574/455 652/480/455
f 704/532/456 749/575/456 748/576/456
f 727/577/457 749/575/457 705/578/457
f 781/579/458 752/580/458 677/512/458
f 679/581/459 805/582/459 678/488/459
f 679/581/460 730/583/460 805/582/460
f 710/538/461 753/555/461 709/554/461
f 732/557/462 787/556/462 785/584/462
f 618/447/463 663/494/463 759/558/463
f 763/561/464 791/585/464 762/559/464
f 735/560/465 764/586/465 763/561/465
f 735/560/466 714/562/466 764/586/466
f 716/565/467 738/546/467 765/587/467
f 738/546/468 767/588/468 766/589/468
f 739/566/469 767/588/469 738/546/469
f 695/525/470 740/569/470 794/590/470
f 796/591/471 822/592/471 721/505/471
f 722/550/472 770/593/472 697/527/472
f 722/550/473 823/594/473 770/593/473
f 699/551/474 823/594/474 722/550/474
f 700/595/475 896/596/475 723/476/475
f 772/597/476 771/598/476 744/599/476
f 745/600/477 798/601/477 772/597/477
f 745/600/478 746/574/478 798/601/478
f 725/573/479 773/481/479 746/574/479
f 747/602/480 774/603/480 773/481/480
f 752/580/481 781/579/481 780/604/481
f 805/582/482 781/579/482 678/488/482
f 756/605/483 785/584/483 832/606/483
f 763/561/484 764/586/484 791/585/484
f 766/589/485 815/607/485 738/546/485
f 768/608/486 840/609/486 739/566/486
f 768/608/487 817/610/487 840/609/487
f 769/567/488 817/610/488 768/608/488
f 740/569/489 795/568/489 794/590/489
f 770/593/490 823/594/490 796/591/490
f 744/599/491 771/598/491 824/611/491
f 773/481/492 774/603/492 799/612/492
f 748/576/493 775/613/493 801/614/493
f 779/615/494 751/616/494 804/617/494
f 752/580/495 780/604/495 751/616/495
f 755/618/496 808/619/496 783/620/496
f 784/621/497 831/622/497 755/618/497
f 784/621/498 832/606/498 831/622/498
f 787/556/499 859/623/499 786/624/499
f 788/625/500 760/626/500 860/627/500
f 789/628/501 835/629/501 761/630/501
f 793/631/502 813/632/502 812/633/502
f 817/610/503 816/634/503 840/609/503
f 668/504/504 870/635/504 817/610/504
f 795/568/505 820/636/505 819/637/505
f 795/568/506 93/638/506 820/636/506
f 699/551/507 844/552/507 823/594/507
f 772/597/508 797/639/508 899/640/508
f 747/602/509 880/641/509 774/603/509
f 800/642/510 880/641/510 747/602/510
f 801/614/511 775/613/511 800/642/511
f 776/643/512 849/644/512 775/613/512
f 851/645/513 804/617/513 852/646/513
f 751/616/514 853/647/514 804/617/514
f 806/648/515 829/649/515 805/582/515
f 860/627/516 809/650/516 788/625/516
f 760/626/517 835/629/517 860/627/517
f 812/633/518 813/632/518 836/651/518
f 814/652/519 837/653/519 793/631/519
f 816/634/520 868/654/520 840/609/520
f 821/655/521 874/656/521 742/657/521
f 796/591/522 875/658/522 842/659/522
f 844/552/523 876/660/523 823/594/523
f 771/598/524 897/661/524 824/611/524
f 845/662/525 899/640/525 797/639/525
f 825/663/526 846/664/526 845/662/526
f 880/641/527 848/665/527 799/612/527
f 800/642/528 849/644/528 880/641/528
f 776/643/529 850/666/529 849/644/529
f 803/667/530 851/645/530 826/668/530
f 780/604/531 906/669/531 751/616/531
f 829/649/532 855/670/532 854/671/532
f 806/648/533 855/670/533 829/649/533
f 830/672/534 886/673/534 856/674/534
f 832/606/535 857/675/535 831/622/535
f 810/676/536 811/677/536 861/678/536
f 836/651/537 813/632/537 862/679/537
f 839/680/538 864/681/538 838/682/538
f 868/654/539 866/683/539 840/609/539
f 820/636/540 873/684/540 819/637/540
f 842/659/541 894/685/541 796/591/541
f 899/640/542 878/686/542 771/598/542
f 845/662/543 879/687/543 899/640/543
f 846/664/544 847/688/544 879/687/544
f 849/644/545 881/689/545 880/641/545
f 849/644/546 882/690/546 881/689/546
f 851/645/547 850/666/547 826/668/547
f 853/647/548 906/669/548 905/691/548
f 751/616/549 906/669/549 853/647/549
f 806/648/550 928/692/550 885/693/550
f 856/674/551 928/692/551 807/694/551
f 857/675/552 909/695/552 886/673/552
f 933/696/553 888/697/553 859/623/553
f 789/628/554 911/698/554 835/629/554
f 811/677/555 862/679/555 889/699/555
f 837/653/556 890/700/556 813/632/556
f 863/701/557 937/702/557 814/652/557
f 864/681/558 891/703/558 863/701/558
f 865/704/559 891/703/559 839/680/559
f 841/705/560 867/706/560 868/654/560
f 871/707/561 938/708/561 892/709/561
f 872/710/562 939/711/562 871/707/562
f 873/684/563 918/712/563 818/713/563
f 843/714/564 842/659/564 875/658/564
f 876/660/565 920/715/565 843/714/565
f 844/552/566 896/596/566 991/716/566
f 848/665/567 900/717/567 847/688/567
f 880/641/568 901/718/568 900/717/568
f 882/690/569 903/719/569 902/720/569
f 850/666/570 904/721/570 903/719/570
f 851/645/571 904/721/571 850/666/571
f 883/722/572 904/721/572 851/645/572
f 780/604/573 927/723/573 906/669/573
f 856/674/574 908/724/574 928/692/574
f 886/673/575 909/695/575 908/724/575
f 833/725/576 931/726/576 887/727/576
f 858/728/577 931/726/577 833/725/577
f 861/678/578 912/729/578 911/698/578
f 889/699/579 912/729/579 861/678/579
f 891/703/580 915/730/580 863/701/580
f 865/704/581 915/730/581 891/703/581
f 866/683/582 1019/731/582 865/704/582
f 867/706/583 841/705/583 1019/731/583
f 892/709/584 916/732/584 869/733/584
f 872/710/585 917/734/585 939/711/585
f 894/685/586 32/735/586 33/736/586
f 842/659/587 32/735/587 894/685/587
f 877/737/588 897/661/588 921/738/588
f 900/717/589 923/739/589 945/740/589
f 901/718/590 925/741/590 924/742/590
f 903/719/591 949/743/591 925/741/591
f 904/721/592 950/744/592 903/719/592
f 905/691/593 904/721/593 883/722/593
f 906/669/594 927/723/594 926/745/594
f 907/746/595 884/747/595 954/748/595
f 909/695/596 930/749/596 908/724/596
f 909/695/597 957/750/597 930/749/597
f 910/751/598 982/752/598 858/728/598
f 911/698/599 912/729/599 961/753/599
f 862/679/600 936/754/600 889/699/600
f 865/704/601 1019/731/601 966/755/601
f 916/732/602 1019/731/602 841/705/602
f 918/712/603 941/756/603 940/757/603
f 893/758/604 941/756/604 918/712/604
f 920/715/605 990/759/605 919/760/605
f 896/596/606 968/761/606 991/716/606
f 897/661/607 970/762/607 921/738/607
f 897/661/608 971/763/608 970/762/608
f 944/764/609 943/765/609 898/766/609
f 922/767/610 973/768/610 944/764/610
f 923/739/611 946/769/611 945/740/611
f 924/742/612 948/770/612 947/771/612
f 925/741/613 948/770/613 924/742/613
f 925/741/614 949/743/614 948/770/614
f 905/691/615 951/772/615 904/721/615
f 905/691/616 952/773/616 951/772/616
f 905/691/617 926/745/617 952/773/617
f 926/745/618 953/774/618 977/775/618
f 908/724/619 930/749/619 1007/776/619
f 910/751/620 983/777/620 1010/778/620
f 910/751/621 958/779/621 983/777/621
f 932/780/622 959/781/622 958/779/622
f 961/753/623 934/782/623 935/783/623
f 913/784/624 937/702/624 963/785/624
f 915/730/625 966/755/625 965/786/625
f 939/711/626 988/787/626 938/708/626
f 917/734/627 989/788/627 939/711/627
f 95/789/628 967/790/628 941/756/628
f 970/762/629 969/791/629 968/761/629
f 878/686/630 898/766/630 992/792/630
f 898/766/631 943/765/631 972/793/631
f 945/740/632 946/769/632 973/768/632
f 948/770/633 975/794/633 974/795/633
f 951/772/634 952/773/634 998/796/634
f 926/745/635 977/775/635 952/773/635
f 954/748/636 1002/797/636 953/774/636
f 955/798/637 980/799/637 979/800/637
f 956/801/638 980/799/638 928/692/638
f 929/802/639 1007/776/639 956/801/639
f 930/749/640 981/803/640 1008/804/640
f 936/754/641 985/805/641 912/729/641
f 966/755/642 986/806/642 965/786/642
f 1019/731/643 1018/807/643 966/755/643
f 1019/731/644 1020/808/644 987/809/644
f 916/732/645 1020/808/645 1019/731/645
f 988/787/646 1020/808/646 916/732/646
f 989/788/647 917/734/647 1022/810/647
f 991/716/648 1027/811/648 895/812/648
f 969/791/649 991/716/649 968/761/649
f 942/813/650 1028/814/650 971/763/650
f 972/793/651 992/792/651 898/766/651
f 973/768/652 994/815/652 993/816/652
f 974/795/653 995/817/653 994/815/653
f 976/818/654 997/819/654 996/820/654
f 1002/797/655 1001/821/655 977/775/655
f 954/748/656 978/822/656 1003/823/656
f 980/799/657 1004/824/657 979/800/657
f 980/799/658 1005/825/658 1004/824/658
f 930/749/659 1008/804/659 1007/776/659
f 982/752/660 1010/778/660 1009/826/660
f 960/827/661 1011/828/661 959/781/661
f 1013/829/662 1012/830/662 1011/828/662
f 965/786/663 1051/831/663 964/832/663
f 986/806/664 1018/807/664 1017/833/664
f 989/788/665 1021/834/665 988/787/665
f 989/788/666 1022/810/666 1021/834/666
f 917/734/667 940/757/667 1022/810/667
f 941/756/668 1023/835/668 940/757/668
f 967/790/669 1025/836/669 1024/837/669
f 32/735/670 1053/838/670 31/839/670
f 991/716/671 969/791/671 1081/840/671
f 1087/841/672 1030/842/672 943/765/672
f 994/815/673 1087/841/673 993/816/673
f 995/817/674 1032/843/674 1031/844/674
f 995/817/675 1033/845/675 1032/843/675
f 996/820/676 1034/846/676 1033/845/676
f 1000/847/677 1038/848/677 1037/849/677
f 1001/821/678 1038/848/678 1000/847/678
f 1003/823/679 1062/850/679 1002/797/679
f 1006/851/680 1045/852/680 1044/853/680
f 1007/776/681 1065/854/681 1046/855/681
f 1008/804/682 1065/854/682 1007/776/682
f 983/777/683 1067/856/683 1009/826/683
f 983/777/684 1048/857/684 1067/856/684
f 983/777/685 984/858/685 1048/857/685
f 959/781/686 1049/859/686 984/858/686
f 1012/830/687 1049/859/687 1011/828/687
f 1012/830/688 1013/829/688 1068/860/688
f 1014/861/689 1050/862/689 936/754/689
f 1051/831/690 1016/863/690 964/832/690
f 965/786/691 1017/833/691 1051/831/691
f 1019/731/692 1073/864/692 1018/807/692
f 1021/834/693 1074/865/693 1020/808/693
f 1022/810/694 1075/866/694 1021/834/694
f 940/757/695 1052/867/695 1022/810/695
f 1023/835/696 1052/867/696 940/757/696
f 990/759/697 1054/868/697 1026/869/697
f 1055/870/698 1082/871/698 1028/814/698
f 972/793/699 1084/872/699 1055/870/699
f 972/793/700 1029/873/700 1084/872/700
f 1032/843/701 1058/874/701 1057/875/701
f 1033/845/702 1059/876/702 1058/874/702
f 1034/846/703 1059/876/703 1033/845/703
f 1035/877/704 1059/876/704 1034/846/704
f 1036/878/705 1060/879/705 1035/877/705
f 1037/849/706 1060/879/706 1036/878/706
f 1038/848/707 1092/880/707 1037/849/707
f 1039/881/708 1061/882/708 1038/848/708
f 1003/823/709 1040/883/709 1094/884/709
f 1043/885/710 1063/886/710 1042/887/710
f 1043/885/711 1099/888/711 1063/886/711
f 984/858/712 1067/856/712 1048/857/712
f 1049/859/713 1125/889/713 984/858/713
f 985/805/714 1050/862/714 1069/890/714
f 1018/807/715 1073/864/715 1017/833/715
f 1023/835/716 1024/837/716 1076/891/716
f 1078/892/717 1077/893/717 1053/838/717
f 1053/838/718 1079/894/718 1078/892/718
f 1054/868/719 1079/894/719 1053/838/719
f 1054/868/720 1080/895/720 1079/894/720
f 1027/811/721 1134/896/721 990/759/721
f 1084/872/722 1083/897/722 1055/870/722
f 1058/874/723 1088/898/723 1057/875/723
f 1060/879/724 1091/899/724 1059/876/724
f 1061/882/725 1093/900/725 1092/880/725
f 1041/901/726 1095/902/726 1040/883/726
f 1063/886/727 1097/903/727 1096/904/727
f 1064/905/728 1123/906/728 1099/888/728
f 1065/854/729 1100/907/729 1123/906/729
f 1071/908/730 1072/909/730 1104/910/730
f 1051/831/731 1072/909/731 1016/863/731
f 1073/864/732 1130/911/732 1106/912/732
f 1080/895/733 1132/913/733 1079/894/733
f 991/716/734 1081/840/734 1112/914/734
f 969/791/735 1113/915/735 1135/916/735
f 1083/897/736 1138/917/736 1082/871/736
f 1085/918/737 1139/919/737 1084/872/737
f 1088/898/738 1115/920/738 1087/841/738
f 1089/921/739 1116/922/739 1088/898/739
f 1091/899/740 1144/923/740 1090/924/740
f 1093/900/741 1170/925/741 1092/880/741
f 1095/902/742 1120/926/742 1094/884/742
f 1041/901/743 1096/904/743 1095/902/743
f 1097/903/744 1176/927/744 1121/928/744
f 1097/903/745 1098/929/745 1176/927/745
f 1099/888/746 1122/930/746 1098/929/746
f 1123/906/747 1122/930/747 1099/888/747
f 1100/907/748 1124/931/748 1123/906/748
f 1066/932/749 1149/933/749 1101/934/749
f 1066/932/750 1102/935/750 1181/936/750
f 1125/889/751 1150/937/751 1102/935/751
f 1049/859/752 1183/938/752 1125/889/752
f 1103/939/753 1152/940/753 1068/860/753
f 1070/941/754 1104/910/754 1127/942/754
f 1051/831/755 1129/943/755 1072/909/755
f 1108/944/756 1131/945/756 1075/866/756
f 1110/946/757 1188/947/757 1109/948/757
f 1083/897/758 1161/949/758 1138/917/758
f 1116/922/759 1142/950/759 1088/898/759
f 1090/924/760 1144/923/760 1143/951/760
f 1091/899/761 1169/952/761 1144/923/761
f 1091/899/762 1117/953/762 1169/952/762
f 1170/925/763 1117/953/763 1091/899/763
f 1118/954/764 1171/955/764 1093/900/764
f 1172/956/765 1171/955/765 1118/954/765
f 1145/957/766 1120/926/766 1146/958/766
f 1121/928/767 1175/959/767 1096/904/767
f 1121/928/768 1176/927/768 1175/959/768
f 1098/929/769 1177/960/769 1176/927/769
f 1098/929/770 1122/930/770 1177/960/770
f 1125/889/771 1183/938/771 1182/961/771
f 1104/910/772 1128/962/772 1153/963/772
f 1105/964/773 1129/943/773 1051/831/773
f 1132/913/774 1158/965/774 1111/966/774
f 991/716/775 1112/914/775 1134/896/775
f 1135/916/776 1192/967/776 1112/914/776
f 1136/968/777 1192/967/777 1135/916/777
f 1137/969/778 1160/970/778 1136/968/778
f 1142/950/779 1166/971/779 1165/972/779
f 1143/951/780 1168/973/780 1116/922/780
f 1145/957/781 1205/974/781 1119/975/781
f 1146/958/782 1205/974/782 1145/957/782
f 1095/902/783 1173/976/783 1120/926/783
f 1096/904/784 1175/959/784 1174/977/784
f 1122/930/785 1208/978/785 1177/960/785
f 1122/930/786 1209/979/786 1208/978/786
f 1150/937/787 1182/961/787 1212/980/787
f 1127/942/788 1184/981/788 1126/982/788
f 1105/964/789 1154/983/789 1185/984/789
f 1155/985/790 1131/945/790 1222/986/790
f 1110/946/791 1224/987/791 1188/947/791
f 1076/891/792 1024/837/792 1189/988/792
f 1225/989/793 1190/990/793 1025/836/793
f 1158/965/794 1159/991/794 1191/992/794
f 1134/896/795 1159/991/795 1133/993/795
f 1136/968/796 1160/970/796 1193/994/796
f 1137/969/797 1161/949/797 1194/995/797
f 1163/996/798 1197/997/798 1162/998/798
f 1165/972/799 1198/999/799 1164/1000/799
f 1166/971/800 1198/999/800 1165/972/800
f 1168/973/801 1199/1001/801 1167/1002/801
f 1169/952/802 1200/1003/802 1144/923/802
f 1171/955/803 1204/1004/803 1203/1005/803
f 1172/956/804 1204/1004/804 1171/955/804
f 1173/976/805 1267/1006/805 1146/958/805
f 1174/977/806 1268/1007/806 1206/1008/806
f 1179/1009/807 1180/1010/807 1210/1011/807
f 1181/936/808 1211/1012/808 1180/1010/808
f 1212/980/809 1245/1013/809 1213/1014/809
f 1182/961/810 1183/938/810 1245/1013/810
f 1184/981/811 1216/1015/811 1152/940/811
f 1128/962/812 1220/1016/812 1219/1017/812
f 1128/962/813 1221/1018/813 1220/1016/813
f 1185/984/814 1221/1018/814 1128/962/814
f 1154/983/815 1221/1018/815 1185/984/815
f 1186/1019/816 1187/1020/816 1248/1021/816
f 1188/947/817 1223/1022/817 1131/945/817
f 1224/987/818 1249/1023/818 1188/947/818
f 1110/946/819 1189/988/819 1224/987/819
f 1158/965/820 1191/992/820 1250/1024/820
f 1159/991/821 1134/896/821 1397/1025/821
f 1136/968/822 1227/1026/822 1192/967/822
f 1193/994/823 1227/1026/823 1136/968/823
f 1194/995/824 1193/994/824 1160/970/824
f 1083/897/825 1254/1027/825 1161/949/825
f 1196/1028/826 1228/1029/826 1195/1030/826
f 1197/997/827 1228/1029/827 1196/1028/827
f 1199/1001/828 1231/1031/828 1166/971/828
f 1168/973/829 1259/1032/829 1199/1001/829
f 1201/1033/830 1262/1034/830 1291/1035/830
f 1203/1005/831 1234/1036/831 1202/1037/831
f 1204/1004/832 1236/1038/832 1235/1039/832
f 1205/974/833 1236/1038/833 1204/1004/833
f 1267/1006/834 1266/1040/834 1236/1038/834
f 1173/976/835 1206/1008/835 1330/1041/835
f 1174/977/836 1237/1042/836 1268/1007/836
f 1177/960/837 1239/1043/837 1238/1044/837
f 1208/978/838 1240/1045/838 1239/1043/838
f 1178/1046/839 1240/1045/839 1209/979/839
f 1179/1009/840 1210/1011/840 1242/1047/840
f 1212/980/841 1243/1048/841 1211/1012/841
f 1218/1049/842 1247/1050/842 1217/1051/842
f 1187/1020/843 1279/1052/843 1248/1021/843
f 1249/1023/844 1312/1053/844 1310/1054/844
f 1224/987/845 1312/1053/845 1249/1023/845
f 1024/837/846 1190/990/846 1313/1055/846
f 1157/1056/847 1226/1057/847 1280/1058/847
f 1227/1026/848 1283/1059/848 1192/967/848
f 1193/994/849 1251/1060/849 1227/1026/849
f 1193/994/850 1252/1061/850 1251/1060/850
f 1229/1062/851 1256/1063/851 1197/997/851
f 1230/1064/852 1258/1065/852 1257/1066/852
f 1233/1067/853 1263/1068/853 1262/1034/853
f 1234/1036/854 1264/1069/854 1263/1068/854
f 1206/1008/855 1268/1007/855 1330/1041/855
f 1207/1070/856 1352/1071/856 1297/1072/856
f 1238/1044/857 1352/1071/857 1207/1070/857
f 1178/1046/858 1241/1073/858 1269/1074/858
f 1210/1011/859 1243/1048/859 1300/1075/859
f 1244/1076/860 1336/1077/860 1243/1048/860
f 1245/1013/861 1301/1078/861 1271/1079/861
f 1245/1013/862 1183/938/862 1301/1078/862
f 1215/1080/863 1273/1081/863 1272/1082/863
f 1246/1083/864 1274/1084/864 1216/1015/864
f 1219/1017/865 1276/1085/865 1218/1049/865
f 1249/1023/866 1310/1054/866 1223/1022/866
f 1189/988/867 1312/1053/867 1224/987/867
f 1280/1058/868 29/1086/868 1077/893/868
f 1112/914/869 1282/1087/869 1134/896/869
f 1251/1060/870 1284/1088/870 1227/1026/870
f 1252/1061/871 1285/1089/871 1251/1060/871
f 1231/1031/872 1289/1090/872 1258/1065/872
f 1260/1091/873 1290/1092/873 1259/1032/873
f 1263/1068/874 1294/1093/874 1293/1094/874
f 1263/1068/875 1264/1069/875 1294/1093/875
f 1267/1006/876 1329/1095/876 1296/1096/876
f 1330/1041/877 1329/1095/877 1267/1006/877
f 1268/1007/878 1297/1072/878 1330/1041/878
f 1269/1074/879 1298/1097/879 1240/1045/879
f 1213/1014/880 1359/1098/880 1244/1076/880
f 1215/1080/881 1302/1099/881 1214/1100/881
f 1272/1082/882 1302/1099/882 1215/1080/882
f 1246/1083/883 1275/1101/883 1305/1102/883
f 1277/1103/884 1306/1104/884 1276/1085/884
f 1278/1105/885 1341/1106/885 1277/1103/885
f 1310/1054/886 1312/1053/886 1311/1107/886
f 1189/988/887 1313/1055/887 1312/1053/887
f 29/1086/888 1280/1058/888 1314/1108/888
f 1397/1025/889 1316/1109/889 1191/992/889
f 1284/1088/890 1367/1110/890 1283/1059/890
f 1252/1061/891 1318/1111/891 1285/1089/891
f 1287/1112/892 1288/1113/892 1346/1114/892
f 1257/1066/893 1321/1115/893 1256/1063/893
f 1289/1090/894 1321/1115/894 1257/1066/894
f 1290/1092/895 1323/1116/895 1289/1090/895
f 1261/1117/896 1324/1118/896 1260/1091/896
f 1261/1117/897 1325/1119/897 1324/1118/897
f 1291/1035/898 1292/1120/898 1326/1121/898
f 1295/1122/899 1351/1123/899 1264/1069/899
f 1265/1124/900 1328/1125/900 1295/1122/900
f 1265/1124/901 1266/1040/901 1328/1125/901
f 1239/1043/902 1331/1126/902 1238/1044/902
f 1239/1043/903 1298/1097/903 1331/1126/903
f 1300/1075/904 1334/1127/904 1299/1128/904
f 1213/1014/905 1337/1129/905 1359/1098/905
f 1304/1130/906 1338/1131/906 1303/1132/906
f 1304/1130/907 1305/1102/907 1339/1133/907
f 1276/1085/908 1306/1104/908 1363/1134/908
f 1307/1135/909 1342/1136/909 1341/1106/909
f 1317/1137/910 1398/1138/910 1282/1087/910
f 1318/1111/911 1345/1139/911 1370/1140/911
f 1320/1141/912 1347/1142/912 1288/1113/912
f 1321/1115/913 1348/1143/913 1320/1141/913
f 1290/1092/914 1349/1144/914 1323/1116/914
f 1324/1118/915 1350/1145/915 1290/1092/915
f 1324/1118/916 1325/1119/916 1350/1145/916
f 1261/1117/917 1374/1146/917 1325/1119/917
f 1261/1117/918 1326/1121/918 1374/1146/918
f 1292/1120/919 1327/1147/919 1326/1121/919
f 1294/1093/920 1377/1148/920 1376/1149/920
f 1329/1095/921 1379/1150/921 1266/1040/921
f 1297/1072/922 1352/1071/922 1381/1151/922
f 1332/1152/923 1333/1153/923 1354/1154/923
f 1337/1129/924 1360/1155/924 1359/1098/924
f 1421/1156/925 1337/1129/925 1213/1014/925
f 1272/1082/926 1386/1157/926 1302/1099/926
f 1339/1133/927 1362/1158/927 1338/1131/927
f 1342/1136/928 1424/1159/928 1341/1106/928
f 1343/1160/929 1342/1136/929 1307/1135/929
f 99/1161/930 1395/1162/930 1313/1055/930
f 1315/1163/931 1226/1057/931 1434/1164/931
f 1281/1165/932 1365/1166/932 1250/1024/932
f 1397/1025/933 1281/1165/933 1316/1109/933
f 1282/1087/934 1366/1167/934 1397/1025/934
f 1347/1142/935 1371/1168/935 1346/1114/935
f 1349/1144/936 1406/1169/936 1373/1170/936
f 1326/1121/937 1410/1171/937 1375/1172/937
f 1327/1147/938 1376/1149/938 1410/1171/938
f 1351/1123/939 1411/1173/939 1377/1148/939
f 1329/1095/940 1380/1174/940 1379/1150/940
f 1353/1175/941 1354/1154/941 1382/1176/941
f 1333/1153/942 1355/1177/942 1383/1178/942
f 1360/1155/943 1358/1179/943 1359/1098/943
f 1361/1180/944 1386/1157/944 1272/1082/944
f 1306/1104/945 1389/1181/945 1363/1134/945
f 1391/1182/946 1390/1183/946 1343/1160/946
f 1308/1184/947 1392/1185/947 1391/1182/947
f 1430/1186/948 1429/1187/948 1394/1188/948
f 1226/1057/949 1365/1166/949 1435/1189/949
f 1398/1138/950 1317/1137/950 1464/1190/950
f 1367/1110/951 1368/1191/951 1399/1192/951
f 1370/1140/952 1400/1193/952 1369/1194/952
f 1372/1195/953 1404/1196/953 1347/1142/953
f 1350/1145/954 1470/1197/954 1349/1144/954
f 1374/1146/955 1407/1198/955 1350/1145/955
f 1374/1146/956 1375/1172/956 1408/1199/956
f 1377/1148/957 1411/1173/957 1442/1200/957
f 1378/1201/958 1412/1202/958 1411/1173/958
f 1378/1201/959 1413/1203/959 1412/1202/959
f 1380/1174/960 1415/1204/960 1414/1205/960
f 1381/1151/961 1445/1206/961 1415/1204/961
f 1416/1207/962 1445/1206/962 1381/1151/962
f 1382/1176/963 1417/1208/963 1353/1175/963
f 1360/1155/964 1420/1209/964 1358/1179/964
f 1387/1210/965 1450/1211/965 1423/1212/965
f 1340/1213/966 1451/1214/966 1306/1104/966
f 1390/1183/967 1453/1215/967 1342/1136/967
f 1391/1182/968 1426/1216/968 1390/1183/968
f 1394/1188/969 1428/1217/969 1393/1218/969
f 1394/1188/970 1429/1187/970 1458/1219/970
f 1396/1220/971 1431/1221/971 1395/1162/971
f 1434/1164/972 1462/1222/972 1433/1223/972
f 1365/1166/973 1436/1224/973 1435/1189/973
f 1397/1025/974 1366/1167/974 1492/1225/974
f 1317/1137/975 1438/1226/975 1464/1190/975
f 1370/1140/976 1440/1227/976 1400/1193/976
f 1402/1228/977 1466/1229/977 1401/1230/977
f 1371/1168/978 1467/1231/978 1402/1228/978
f 1403/1232/979 1467/1231/979 1371/1168/979
f 1406/1169/980 1469/1233/980 1405/1234/980
f 1375/1172/981 1409/1235/981 1472/1236/981
f 1376/1149/982 1442/1200/982 1410/1171/982
f 1411/1173/983 1535/1237/983 1442/1200/983
f 1411/1173/984 1412/1202/984 1535/1237/984
f 1415/1204/985 1445/1206/985 1475/1238/985
f 1354/1154/986 1446/1239/986 1382/1176/986
f 1418/1240/987 1479/1241/987 1383/1178/987
f 1427/1242/988 1455/1243/988 1392/1185/988
f 1428/1217/989 1457/1244/989 1456/1245/989
f 1428/1217/990 1458/1219/990 1457/1244/990
f 1429/1187/991 1459/1246/991 1458/1219/991
f 1311/1107/992 1460/1247/992 1430/1186/992
f 1395/1162/993 1460/1247/993 1311/1107/993
f 1431/1221/994 1460/1247/994 1395/1162/994
f 1434/1164/995 1435/1189/995 1462/1222/995
f 1492/1225/996 1437/1248/996 1397/1025/996
f 1366/1167/997 1463/1249/997 1492/1225/997
f 1407/1198/998 1408/1199/998 1471/1250/998
f 1410/1171/999 1503/1251/999 1473/1252/999
f 1445/1206/1000 1476/1253/1000 1475/1238/1000
f 1417/1208/1001 1478/1254/1001 1331/1126/1001
f 1419/1255/1002 1510/1256/1002 1418/1240/1002
f 1447/1257/1003 1481/1258/1003 1480/1259/1003
f 1420/1209/1004 1481/1258/1004 1447/1257/1004
f 1384/1260/1005 1422/1261/1005 1515/1262/1005
f 1449/1263/1006 1483/1264/1006 1448/1265/1006
f 1388/1266/1007 1449/1263/1007 1450/1211/1007
f 1389/1181/1008 1449/1263/1008 1388/1266/1008
f 1454/1267/1009 1486/1268/1009 1426/1216/1009
f 1431/1221/1010 1487/1269/1010 1460/1247/1010
f 1462/1222/1011 1488/1270/1011 1433/1223/1011
f 1462/1222/1012 1525/1271/1012 1488/1270/1012
f 1462/1222/1013 1489/1272/1013 1525/1271/1013
f 1436/1224/1014 1437/1248/1014 1491/1273/1014
f 1437/1248/1015 1492/1225/1015 1527/1274/1015
f 1465/1275/1016 1494/1276/1016 1399/1192/1016
f 1466/1229/1017 1529/1277/1017 1562/1278/1017
f 1403/1232/1018 1496/1279/1018 1467/1231/1018
f 1470/1197/1019 1565/1280/1019 1469/1233/1019
f 1471/1250/1020 1497/1281/1020 1566/1282/1020
f 1472/1236/1021 1499/1283/1021 1498/1284/1021
f 1503/1251/1022 1502/1285/1022 1473/1252/1022
f 1443/1286/1023 1506/1287/1023 1536/1288/1023
f 1475/1238/1024 1476/1253/1024 1537/1289/1024
f 1477/1290/1025 1507/1291/1025 1476/1253/1025
f 1480/1259/1026 1511/1292/1026 1510/1256/1026
f 1481/1258/1027 1512/1293/1027 1480/1259/1027
f 1482/1294/1028 1516/1295/1028 1422/1261/1028
f 1451/1214/1029 1519/1296/1029 1389/1181/1029
f 1451/1214/1030 1550/1297/1030 1519/1296/1030
f 1451/1214/1031 1484/1298/1031 1550/1297/1031
f 1485/1299/1032 1551/1300/1032 1484/1298/1032
f 1520/1301/1033 1486/1268/1033 1552/1302/1033
f 1486/1268/1034 1454/1267/1034 1521/1303/1034
f 1456/1245/1035 1522/1304/1035 1427/1242/1035
f 1458/1219/1036 1523/1305/1036 1457/1244/1036
f 1460/1247/1037 1524/1306/1037 1459/1246/1037
f 1488/1270/1038 1525/1271/1038 25/1307/1038
f 1494/1276/1039 1528/1308/1039 1493/1309/1039
f 1468/1310/1040 1530/1311/1040 1403/1232/1040
f 1566/1282/1041 1590/1312/1041 1470/1197/1041
f 1499/1283/1042 1500/1313/1042 1533/1314/1042
f 1503/1251/1043 1570/1315/1043 1534/1316/1043
f 1442/1200/1044 1570/1315/1044 1503/1251/1044
f 1504/1317/1045 1570/1315/1045 1442/1200/1045
f 1506/1287/1046 1596/1318/1046 1536/1288/1046
f 1506/1287/1047 1597/1319/1047 1596/1318/1047
f 1475/1238/1048 1537/1289/1048 1506/1287/1048
f 1476/1253/1049 1538/1320/1049 1537/1289/1049
f 1507/1291/1050 1539/1321/1050 1538/1320/1050
f 1508/1322/1051 1539/1321/1051 1507/1291/1051
f 1511/1292/1052 1576/1323/1052 1510/1256/1052
f 1481/1258/1053 1542/1324/1053 1512/1293/1053
f 1513/1325/1054 1602/1326/1054 1481/1258/1054
f 1514/1327/1055 1543/1328/1055 1513/1325/1055
f 1515/1262/1056 1544/1329/1056 1514/1327/1056
f 1517/1330/1057 1547/1331/1057 1482/1294/1057
f 1548/1332/1058 1519/1296/1058 1549/1333/1058
f 1520/1301/1059 1608/1334/1059 1551/1300/1059
f 1455/1243/1060 1521/1303/1060 1454/1267/1060
f 100/1335/1061 1557/1336/1061 1556/1337/1061
f 25/1307/1062 1525/1271/1062 1558/1338/1062
f 1489/1272/1063 1582/1339/1063 1525/1271/1063
f 1527/1274/1064 1492/1225/1064 1559/1340/1064
f 1464/1190/1065 1559/1340/1065 1463/1249/1065
f 1528/1308/1066 1586/1341/1066 1493/1309/1066
f 1529/1277/1067 1563/1342/1067 1562/1278/1067
f 1565/1280/1068 1531/1343/1068 1589/1344/1068
f 1498/1284/1069 1592/1345/1069 1497/1281/1069
f 1498/1284/1070 1567/1346/1070 1592/1345/1070
f 1533/1314/1071 1567/1346/1071 1498/1284/1071
f 1500/1313/1072 1568/1347/1072 1533/1314/1072
f 1501/1348/1073 1569/1349/1073 1593/1350/1073
f 1473/1252/1074 1569/1349/1074 1501/1348/1074
f 1502/1285/1075 1569/1349/1075 1473/1252/1075
f 1505/1351/1076 1536/1288/1076 1571/1352/1076
f 1542/1324/1077 1577/1353/1077 1511/1292/1077
f 1515/1262/1078 1545/1354/1078 1628/1355/1078
f 1549/1333/1079 1606/1356/1079 1548/1332/1079
f 1551/1300/1080 1578/1357/1080 1550/1297/1080
f 1486/1268/1081 1632/1358/1081 1552/1302/1081
f 1455/1243/1082 1633/1359/1082 1521/1303/1082
f 1522/1304/1083 1553/1360/1083 1455/1243/1083
f 1557/1336/1084 1580/1361/1084 1556/1337/1084
f 1525/1271/1085 1582/1339/1085 1558/1338/1085
f 1490/1362/1086 1526/1363/1086 1584/1364/1086
f 1561/1365/1087 1611/1366/1087 1560/1367/1087
f 1496/1279/1088 1615/1368/1088 1529/1277/1088
f 1567/1346/1089 1650/1369/1089 1592/1345/1089
f 1568/1347/1090 1567/1346/1090 1533/1314/1090
f 1504/1317/1091 1571/1352/1091 1595/1370/1091
f 1536/1288/1092 1622/1371/1092 1653/1372/1092
f 1572/1373/1093 1598/1374/1093 1538/1320/1093
f 1574/1375/1094 1599/1376/1094 1573/1377/1094
f 1577/1353/1095 1601/1378/1095 1576/1323/1095
f 1543/1328/1096 1627/1379/1096 1513/1325/1096
f 1546/1380/1097 1603/1381/1097 1545/1354/1097
f 1517/1330/1098 1606/1356/1098 1605/1382/1098
f 1549/1333/1099 1689/1383/1099 1606/1356/1099
f 1550/1297/1100 1607/1384/1100 1519/1296/1100
f 1578/1357/1101 1607/1384/1101 1550/1297/1101
f 1553/1360/1102 1634/1385/1102 1455/1243/1102
f 1553/1360/1103 1635/1386/1103 1634/1385/1103
f 1579/1387/1104 1610/1388/1104 1555/1389/1104
f 1559/1340/1105 1641/1390/1105 1585/1391/1105
f 1464/1190/1106 1641/1390/1106 1559/1340/1106
f 1587/1392/1107 1647/1393/1107 1496/1279/1107
f 1588/1394/1108 1587/1392/1108 1530/1311/1108
f 1531/1343/1109 1590/1312/1109 1675/1395/1109
f 1591/1396/1110 1616/1397/1110 1590/1312/1110
f 1568/1347/1111 1618/1398/1111 1567/1346/1111
f 1569/1349/1112 1620/1399/1112 1619/1400/1112
f 1594/1401/1113 1620/1399/1113 1569/1349/1113
f 1570/1315/1114 1621/1402/1114 1652/1403/1114
f 1570/1315/1115 1595/1370/1115 1621/1402/1115
f 1571/1352/1116 1653/1372/1116 1595/1370/1116
f 1597/1319/1117 1598/1374/1117 1623/1404/1117
f 1572/1373/1118 1655/1405/1118 1598/1374/1118
f 1599/1376/1119 1624/1406/1119 1572/1373/1119
f 1602/1326/1120 1626/1407/1120 1577/1353/1120
f 1544/1329/1121 1660/1408/1121 1746/1409/1121
f 1628/1355/1122 1630/1410/1122 1629/1411/1122
f 1549/1333/1123 1607/1384/1123 1631/1412/1123
f 1608/1334/1124 1665/1413/1124 1578/1357/1124
f 1579/1387/1125 1636/1414/1125 1610/1388/1125
f 102/1415/1126 1637/1416/1126 1581/1417/1126
f 1582/1339/1127 1639/1418/1127 1638/1419/1127
f 1583/1420/1128 1639/1418/1128 1582/1339/1128
f 1613/1421/1129 1645/1422/1129 1612/1423/1129
f 1615/1368/1130 1646/1424/1130 1614/1425/1130
f 1589/1344/1131 1674/1426/1131 1588/1394/1131
f 1616/1397/1132 1701/1427/1132 1590/1312/1132
f 1593/1350/1133 1651/1428/1133 1568/1347/1133
f 1619/1400/1134 1651/1428/1134 1593/1350/1134
f 1652/1403/1135 1681/1429/1135 1594/1401/1135
f 1595/1370/1136 1653/1372/1136 1682/1430/1136
f 1622/1371/1137 1623/1404/1137 1654/1431/1137
f 1598/1374/1138 1655/1405/1138 1684/1432/1138
f 1624/1406/1139 1656/1433/1139 1655/1405/1139
f 1627/1379/1140 1659/1434/1140 1602/1326/1140
f 1629/1411/1141 1687/1435/1141 1628/1355/1141
f 1689/1383/1142 1664/1436/1142 1606/1356/1142
f 1719/1437/1143 1665/1413/1143 1608/1334/1143
f 1667/1438/1144 1666/1439/1144 1634/1385/1144
f 1636/1414/1145 1696/1440/1145 1610/1388/1145
f 1637/1416/1146 1669/1441/1146 1636/1414/1146
f 1640/1442/1147 1698/1443/1147 1697/1444/1147
f 1464/1190/1148 1642/1445/1148 1730/1446/1148
f 1643/1447/1149 1670/1448/1149 1642/1445/1149
f 1644/1449/1150 1760/1450/1150 1643/1447/1150
f 1645/1422/1151 1671/1451/1151 1644/1449/1151
f 1648/1452/1152 1672/1453/1152 1647/1393/1152
f 1649/1454/1153 1673/1455/1153 1648/1452/1153
f 1651/1428/1154 1678/1456/1154 1618/1398/1154
f 1619/1400/1155 1680/1457/1155 1679/1458/1155
f 1620/1399/1156 1703/1459/1156 1680/1457/1156
f 1620/1399/1157 1681/1429/1157 1703/1459/1157
f 1652/1403/1158 1621/1402/1158 1705/1460/1158
f 1653/1372/1159 1683/1461/1159 1740/1462/1159
f 1653/1372/1160 1654/1431/1160 1683/1461/1160
f 1658/1463/1161 1657/1464/1161 1625/1465/1161
f 1626/1407/1162 1686/1466/1162 1601/1378/1162
f 1666/1439/1163 1695/1467/1163 1721/1468/1163
f 1668/1469/1164 1695/1467/1164 1667/1438/1164
f 1696/1440/1165 1724/1470/1165 1610/1388/1165
f 1669/1441/1166 1696/1440/1166 1636/1414/1166
f 1638/1419/1167 1729/1471/1167 1728/1472/1167
f 1698/1443/1168 1641/1390/1168 1699/1473/1168
f 1672/1453/1169 1731/1474/1169 1646/1424/1169
f 1674/1426/1170 1675/1395/1170 1733/1475/1170
f 1616/1397/1171 1763/1476/1171 1701/1427/1171
f 1676/1477/1172 1765/1478/1172 1616/1397/1172
f 1678/1456/1173 1735/1479/1173 1617/1480/1173
f 1679/1458/1174 1702/1481/1174 1651/1428/1174
f 1652/1403/1175 1705/1460/1175 1704/1482/1175
f 1621/1402/1176 1706/1483/1176 1705/1460/1176
f 1682/1430/1177 1740/1462/1177 1706/1483/1177
f 1654/1431/1178 1707/1484/1178 1683/1461/1178
f 1684/1432/1179 1708/1485/1179 1707/1484/1179
f 1685/1486/1180 1773/1487/1180 1708/1485/1180
f 1685/1486/1181 1656/1433/1181 1773/1487/1181
f 1657/1464/1182 1709/1488/1182 1600/1489/1182
f 1658/1463/1183 1744/1490/1183 1657/1464/1183
f 1659/1434/1184 1710/1491/1184 1602/1326/1184
f 1659/1434/1185 1746/1409/1185 1710/1491/1185
f 1688/1492/1186 1714/1493/1186 1713/1494/1186
f 1663/1495/1187 1715/1496/1187 1662/1497/1187
f 1690/1498/1188 1750/1499/1188 1631/1412/1188
f 1691/1500/1189 1751/1501/1189 1719/1437/1189
f 1698/1443/1190 1699/1473/1190 1758/1502/1190
f 1671/1451/1191 1760/1450/1191 1644/1449/1191
f 1616/1397/1192 1765/1478/1192 1764/1503/1192
f 1677/1504/1193 1734/1505/1193 1676/1477/1193
f 1677/1504/1194 1735/1479/1194 1734/1505/1194
f 1679/1458/1195 1736/1506/1195 1702/1481/1195
f 1704/1482/1196 1737/1507/1196 1681/1429/1196
f 1683/1461/1197 1741/1508/1197 1740/1462/1197
f 1683/1461/1198 1707/1484/1198 1741/1508/1198
f 1708/1485/1199 1773/1487/1199 1772/1509/1199
f 1686/1466/1200 1745/1510/1200 1658/1463/1200
f 1715/1496/1201 1747/1511/1201 1661/1512/1201
f 1663/1495/1202 1716/1513/1202 1748/1514/1202
f 1689/1383/1203 1749/1515/1203 1718/1516/1203
f 1689/1383/1204 1750/1499/1204 1749/1515/1204
f 1719/1437/1205 1751/1501/1205 1690/1498/1205
f 1691/1500/1206 1752/1517/1206 1751/1501/1206
f 1692/1518/1207 1752/1517/1207 1691/1500/1207
f 1720/1519/1208 1753/1520/1208 1693/1521/1208
f 1694/1522/1209 1721/1468/1209 1754/1523/1209
f 1695/1467/1210 1755/1524/1210 1721/1468/1210
f 1722/1525/1211 1817/1526/1211 1695/1467/1211
f 1725/1527/1212 1756/1528/1212 1724/1470/1212
f 1758/1502/1213 1757/1529/1213 1729/1471/1213
f 1642/1445/1214 1848/1530/1214 1730/1446/1214
f 1760/1450/1215 1788/1531/1215 1643/1447/1215
f 1825/1532/1216 1762/1533/1216 1645/1422/1216
f 1731/1474/1217 1825/1532/1217 1700/1534/1217
f 1732/1535/1218 1791/1536/1218 1648/1452/1218
f 1733/1475/1219 1827/1537/1219 1674/1426/1219
f 1733/1475/1220 1763/1476/1220 1827/1537/1220
f 1702/1481/1221 1796/1538/1221 1678/1456/1221
f 1736/1506/1222 1767/1539/1222 1766/1540/1222
f 1703/1459/1223 1737/1507/1223 1768/1541/1223
f 1738/1542/1224 1830/1543/1224 1704/1482/1224
f 1738/1542/1225 1739/1544/1225 1800/1545/1225
f 1740/1462/1226 1802/1546/1226 1770/1547/1226
f 1742/1548/1227 1771/1549/1227 1707/1484/1227
f 1656/1433/1228 1774/1550/1228 1773/1487/1228
f 1715/1496/1229 1778/1551/1229 1747/1511/1229
f 1716/1513/1230 1779/1552/1230 1748/1514/1230
f 1751/1501/1231 1812/1553/1231 1750/1499/1231
f 1752/1517/1232 1813/1554/1232 1751/1501/1232
f 1692/1518/1233 1781/1555/1233 1752/1517/1233
f 1753/1520/1234 1781/1555/1234 1692/1518/1234
f 1694/1522/1235 1814/1556/1235 1753/1520/1235
f 1754/1523/1236 1814/1556/1236 1694/1522/1236
f 1816/1557/1237 1815/1558/1237 1721/1468/1237
f 105/1559/1238 1784/1560/1238 1727/1561/1238
f 24/1562/1239 1785/1563/1239 23/1564/1239
f 1728/1472/1240 1757/1529/1240 1785/1563/1240
f 1699/1473/1241 1786/1565/1241 1758/1502/1241
f 1760/1450/1242 1824/1566/1242 1788/1531/1242
f 1762/1533/1243 1825/1532/1243 1789/1567/1243
f 1763/1476/1244 1792/1568/1244 1827/1537/1244
f 1764/1503/1245 1793/1569/1245 1763/1476/1245
f 1764/1503/1246 1765/1478/1246 1793/1569/1246
f 1734/1505/1247 1794/1570/1247 1765/1478/1247
f 1766/1540/1248 1798/1571/1248 1797/1572/1248
f 1767/1539/1249 1768/1541/1249 1798/1571/1249
f 1739/1544/1250 1770/1547/1250 1800/1545/1250
f 1772/1509/1251 1803/1573/1251 1742/1548/1251
f 1774/1550/1252 1804/1574/1252 1773/1487/1252
f 1744/1490/1253 1805/1575/1253 1743/1576/1253
f 1746/1409/1254 1806/1577/1254 1710/1491/1254
f 1775/1578/1255 1806/1577/1255 1746/1409/1255
f 1776/1579/1256 1806/1577/1256 1775/1578/1256
f 1776/1579/1257 1807/1580/1257 1806/1577/1257
f 1712/1581/1258 1713/1494/1258 1808/1582/1258
f 1779/1552/1259 1810/1583/1259 1715/1496/1259
f 1717/1584/1260 1811/1585/1260 1716/1513/1260
f 1780/1586/1261 1811/1585/1261 1717/1584/1261
f 1820/1587/1262 1819/1588/1262 1782/1589/1262
f 1756/1528/1263 1820/1587/1263 1783/1590/1263
f 1725/1527/1264 1893/1591/1264 1756/1528/1264
f 1784/1560/1265 1821/1592/1265 1726/1593/1265
f 1757/1529/1266 1895/1594/1266 1785/1563/1266
f 1699/1473/1267 1822/1595/1267 1786/1565/1267
f 1787/1596/1268 1847/1597/1268 1759/1598/1268
f 1788/1531/1269 1897/1599/1269 1670/1448/1269
f 1760/1450/1270 1761/1600/1270 1824/1566/1270
f 1762/1533/1271 1789/1567/1271 1761/1600/1271
f 1790/1601/1272 1849/1602/1272 1825/1532/1272
f 1794/1570/1273 1828/1603/1273 1765/1478/1273
f 1796/1538/1274 1853/1604/1274 1795/1605/1274
f 1829/1606/1275 1854/1607/1275 1796/1538/1275
f 1768/1541/1276 1797/1572/1276 1798/1571/1276
f 1770/1547/1277 1801/1608/1277 1831/1609/1277
f 1771/1549/1278 1832/1610/1278 1741/1508/1278
f 1860/1611/1279 1832/1610/1279 1771/1549/1279
f 1804/1574/1280 1834/1612/1280 1833/1613/1280
f 1745/1510/1281 1805/1575/1281 1744/1490/1281
f 1809/1614/1282 1838/1615/1282 1777/1616/1282
f 1815/1558/1283 1841/1617/1283 1814/1556/1283
f 1816/1557/1284 1841/1617/1284 1815/1558/1284
f 1821/1592/1285 1845/1618/1285 1725/1527/1285
f 1761/1600/1286 1874/1619/1286 1824/1566/1286
f 1789/1567/1287 1874/1619/1287 1761/1600/1287
f 1826/1620/1288 1850/1621/1288 1790/1601/1288
f 1791/1536/1289 1826/1620/1289 1731/1474/1289
f 1827/1537/1290 1851/1622/1290 1791/1536/1290
f 1828/1603/1291 1852/1623/1291 1793/1569/1291
f 1794/1570/1292 1876/1624/1292 1828/1603/1292
f 1799/1625/1293 1855/1626/1293 1768/1541/1293
f 1856/1627/1294 1855/1626/1294 1799/1625/1294
f 1830/1543/1295 1879/1628/1295 1856/1627/1295
f 1800/1545/1296 1880/1629/1296 1879/1628/1296
f 1800/1545/1297 1857/1630/1297 1880/1629/1297
f 1801/1608/1298 1859/1631/1298 1858/1632/1298
f 1832/1610/1299 1860/1611/1299 1859/1631/1299
f 1803/1573/1300 1907/1633/1300 1860/1611/1300
f 1834/1612/1301 1908/1634/1301 1833/1613/1301
f 1805/1575/1302 1883/1635/1302 1835/1636/1302
f 1836/1637/1303 1884/1638/1303 1805/1575/1303
f 1806/1577/1304 1861/1639/1304 1836/1637/1304
f 1806/1577/1305 1886/1640/1305 1861/1639/1305
f 1838/1615/1306 1862/1641/1306 1837/1642/1306
f 1811/1585/1307 1863/1643/1307 1779/1552/1307
f 1781/1555/1308 1867/1644/1308 1866/1645/1308
f 1839/1646/1309 1867/1644/1309 1781/1555/1309
f 1841/1617/1310 1840/1647/1310 1814/1556/1310
f 1816/1557/1311 1868/1648/1311 1841/1617/1311
f 1842/1649/1312 1869/1650/1312 1816/1557/1312
f 1818/1651/1313 1870/1652/1313 1817/1526/1313
f 1845/1618/1314 1893/1591/1314 1725/1527/1314
f 1846/1653/1315 1925/1654/1315 1895/1594/1315
f 1822/1595/1316 1872/1655/1316 1846/1653/1316
f 1847/1597/1317 1896/1656/1317 1822/1595/1317
f 1851/1622/1318 1899/1657/1318 1791/1536/1318
f 1852/1623/1319 1955/1658/1319 1792/1568/1319
f 1855/1626/1320 1878/1659/1320 1797/1572/1320
f 1859/1631/1321 1882/1660/1321 1881/1661/1321
f 1860/1611/1322 1882/1660/1322 1859/1631/1322
f 1803/1573/1323 1908/1634/1323 1907/1633/1323
f 1835/1636/1324 1883/1635/1324 1834/1612/1324
f 1861/1639/1325 1886/1640/1325 1885/1662/1325
f 1886/1640/1326 1807/1580/1326 1887/1663/1326
f 1865/1664/1327 1891/1665/1327 1864/1666/1327
f 1840/1647/1328 1867/1644/1328 1839/1646/1328
f 1868/1648/1329 1892/1667/1329 1841/1617/1329
f 1843/1668/1330 1844/1669/1330 1922/1670/1330
f 1871/1671/1331 1894/1672/1331 1845/1618/1331
f 1846/1653/1332 1872/1655/1332 1926/1673/1332
f 1873/1674/1333 1896/1656/1333 1847/1597/1333
f 1874/1619/1334 1875/1675/1334 1929/1676/1334
f 1849/1602/1335 1850/1621/1335 1898/1677/1335
f 1850/1621/1336 1826/1620/1336 1931/1678/1336
f 1827/1537/1337 1955/1658/1337 1953/1679/1337
f 1876/1624/1338 1900/1680/1338 1852/1623/1338
f 1878/1659/1339 1903/1681/1339 1902/1682/1339
f 1855/1626/1340 1904/1683/1340 1962/1684/1340
f 1856/1627/1341 1879/1628/1341 1904/1683/1341
f 1879/1628/1342 1880/1629/1342 1997/1685/1342
f 1881/1661/1343 1906/1686/1343 1858/1632/1343
f 1884/1638/1344 1909/1687/1344 1805/1575/1344
f 1886/1640/1345 1887/1663/1345 1910/1688/1345
f 1888/1689/1346 1913/1690/1346 1912/1691/1346
f 1888/1689/1347 1915/1692/1347 1914/1693/1347
f 1889/1694/1348 1916/1695/1348 1888/1689/1348
f 1864/1666/1349 1918/1696/1349 1890/1697/1349
f 1891/1665/1350 1918/1696/1350 1864/1666/1350
f 1865/1664/1351 1919/1698/1351 1891/1665/1351
f 1865/1664/1352 1866/1645/1352 1941/1699/1352
f 1840/1647/1353 1921/1700/1353 1867/1644/1353
f 1869/1650/1354 1978/1701/1354 1868/1648/1354
f 1870/1652/1355 1869/1650/1355 1842/1649/1355
f 1873/1674/1356 1948/1702/1356 1896/1656/1356
f 1848/1530/1357 1949/1703/1357 1873/1674/1357
f 1897/1599/1358 1950/1704/1358 1927/1705/1358
f 1897/1599/1359 1928/1706/1359 1950/1704/1359
f 1875/1675/1360 1951/1707/1360 1929/1676/1360
f 1955/1658/1361 1954/1708/1361 1953/1679/1361
f 1852/1623/1362 1956/1709/1362 1955/1658/1362
f 1901/1710/1363 1933/1711/1363 1932/1712/1363
f 1902/1682/1364 1994/1713/1364 1959/1714/1364
f 1903/1681/1365 1995/1715/1365 1902/1682/1365
f 1962/1684/1366 1961/1716/1366 1878/1659/1366
f 1857/1630/1367 1934/1717/1367 1880/1629/1367
f 1881/1661/1368 1935/1718/1368 1906/1686/1368
f 1907/1633/1369 1967/1719/1369 1881/1661/1369
f 1907/1633/1370 2055/1720/1370 1967/1719/1370
f 1907/1633/1371 1908/1634/1371 2055/1720/1371
f 1887/1663/1372 1936/1721/1372 1910/1688/1372
f 1887/1663/1373 1937/1722/1373 1936/1721/1373
f 1911/1723/1374 1937/1722/1374 1807/1580/1374
f 1914/1693/1375 1971/1724/1375 1913/1690/1375
f 1917/1725/1376 1939/1726/1376 1916/1695/1376
f 1891/1665/1377 1974/1727/1377 1918/1696/1377
f 1920/1728/1378 1942/1729/1378 1866/1645/1378
f 1892/1667/1379 1921/1700/1379 1840/1647/1379
f 1922/1670/1380 1979/1730/1380 1870/1652/1380
f 1926/1673/1381 1946/1731/1381 1984/1732/1381
f 1872/1655/1382 1947/1733/1382 1926/1673/1382
f 1930/1734/1383 1952/1735/1383 1898/1677/1383
f 1899/1657/1384 1953/1679/1384 1990/1736/1384
f 1932/1712/1385 1958/1737/1385 1957/1738/1385
f 1933/1711/1386 1958/1737/1386 1932/1712/1386
f 1934/1717/1387 1964/1739/1387 1997/1685/1387
f 1911/1723/1388 1970/1740/1388 1937/1722/1388
f 1915/1692/1389 1972/1741/1389 1914/1693/1389
f 1916/1695/1390 1972/1741/1390 1915/1692/1390
f 1919/1698/1391 1975/1742/1391 1891/1665/1391
f 1941/1699/1392 1975/1742/1392 1919/1698/1392
f 1892/1667/1393 1977/1743/1393 1921/1700/1393
f 1922/1670/1394 2009/1744/1394 1979/1730/1394
f 1944/1745/1395 1980/1746/1395 1923/1747/1395
f 1949/1703/1396 1985/1748/1396 1873/1674/1396
f 1927/1705/1397 1986/1749/1397 1848/1530/1397
f 1950/1704/1398 1951/1707/1398 1988/1750/1398
f 1898/1677/1399 1989/1751/1399 1875/1675/1399
f 1952/1735/1400 2019/1752/1400 2018/1753/1400
f 1956/1709/1401 1991/1754/1401 1955/1658/1401
f 1956/1709/1402 1957/1738/1402 1991/1754/1402
f 1958/1737/1403 1992/1755/1403 1957/1738/1403
f 1960/1756/1404 2023/1757/1404 1995/1715/1404
f 1963/1758/1405 1996/1759/1405 1962/1684/1405
f 1964/1739/1406 2049/1760/1406 1997/1685/1406
f 1934/1717/1407 1965/1761/1407 1999/1762/1407
f 1968/1763/1408 2056/1764/1408 2055/1720/1408
f 1968/1763/1409 1969/1765/1409 2057/1766/1409
f 1909/1687/1410 2003/1767/1410 2028/1768/1410
f 2003/1767/1411 1936/1721/1411 2030/1769/1411
f 1970/1740/1412 2031/1770/1412 1937/1722/1412
f 1971/1724/1413 2004/1771/1413 1970/1740/1413
f 1972/1741/1414 2033/1772/1414 1914/1693/1414
f 1939/1726/1415 2005/1773/1415 1916/1695/1415
f 1940/1774/1416 2064/1775/1416 1973/1776/1416
f 1975/1742/1417 2035/1777/1417 1974/1727/1417
f 1941/1699/1418 2036/1778/1418 1975/1742/1418
f 1976/1779/1419 2006/1780/1419 1942/1729/1419
f 1923/1747/1420 2010/1781/1420 1922/1670/1420
f 1980/1746/1421 2010/1781/1421 1923/1747/1421
f 1981/1782/1422 2011/1783/1422 1980/1746/1422
f 1982/1784/1423 2012/1785/1423 1945/1786/1423
f 1927/1705/1424 1987/1787/1424 1986/1749/1424
f 1898/1677/1425 2018/1753/1425 2043/1788/1425
f 1990/1736/1426 2044/1789/1426 2019/1752/1426
f 1953/1679/1427 1991/1754/1427 2045/1790/1427
f 1992/1755/1428 2020/1791/1428 2046/1792/1428
f 1997/1685/1429 2048/1793/1429 1963/1758/1429
f 1999/1762/1430 2024/1794/1430 1998/1795/1430
f 2002/1796/1431 2086/1797/1431 2001/1798/1431
f 2030/1769/1432 2029/1799/1432 2003/1767/1432
f 1936/1721/1433 2031/1770/1433 2030/1769/1433
f 2004/1771/1434 2032/1800/1434 1970/1740/1434
f 1975/1742/1435 2036/1778/1435 2035/1777/1435
f 1942/1729/1436 2037/1801/1436 2036/1778/1436
f 1942/1729/1437 2006/1780/1437 2037/1801/1437
f 2007/1802/1438 2038/1803/1438 1976/1779/1438
f 2013/1804/1439 2074/1805/1439 1982/1784/1439
f 1948/1702/1440 1985/1748/1440 2041/1806/1440
f 1986/1749/1441 2015/1807/1441 2016/1808/1441
f 1951/1707/1442 1989/1751/1442 2042/1809/1442
f 1990/1736/1443 2045/1790/1443 2044/1789/1443
f 1991/1754/1444 2099/1810/1444 2045/1790/1444
f 1992/1755/1445 2080/1811/1445 2079/1812/1445
f 1996/1759/1446 2047/1813/1446 1961/1716/1446
f 1999/1762/1447 2053/1814/1447 2024/1794/1447
f 2029/1799/1448 2060/1815/1448 2088/1816/1448
f 2030/1769/1449 2031/1770/1449 2060/1815/1449
f 2032/1800/1450 2061/1817/1450 2031/1770/1450
f 2036/1778/1451 2065/1818/1451 2035/1777/1451
f 2037/1801/1452 2066/1819/1452 2036/1778/1452
f 2038/1803/1453 2067/1820/1453 2006/1780/1453
f 1977/1743/1454 2068/1821/1454 1921/1700/1454
f 2039/1822/1455 2069/1823/1455 1977/1743/1455
f 2010/1781/1456 2072/1824/1456 2071/1825/1456
f 2011/1783/1457 2072/1824/1457 2010/1781/1457
f 2011/1783/1458 2073/1826/1458 2072/1824/1458
f 2014/1827/1459 2041/1806/1459 1947/1733/1459
f 2096/1828/1460 2015/1807/1460 1986/1749/1460
f 2045/1790/1461 2099/1810/1461 2078/1829/1461
f 2023/1757/1462 2082/1830/1462 1994/1713/1462
f 2047/1813/1463 2083/1831/1463 2023/1757/1463
f 2048/1793/1464 2102/1832/1464 2047/1813/1464
f 2050/1833/1465 2103/1834/1465 2049/1760/1465
f 2052/1835/1466 2084/1836/1466 2051/1837/1466
f 2055/1720/1467 2085/1838/1467 2054/1839/1467
f 2056/1764/1468 2133/1840/1468 2085/1838/1468
f 2056/1764/1469 2057/1766/1469 2133/1840/1469
f 2135/1841/1470 2027/1842/1470 2160/1843/1470
f 2032/1800/1471 2090/1844/1471 2061/1817/1471
f 2062/1845/1472 2090/1844/1472 2032/1800/1472
f 2064/1775/1473 2092/1846/1473 2034/1847/1473
f 2066/1819/1474 2065/1818/1474 2036/1778/1474
f 2070/1848/1475 2094/1849/1475 2039/1822/1475
f 2074/1805/1476 2118/1850/1476 2073/1826/1476
f 1947/1733/1477 2041/1806/1477 2122/1851/1477
f 1989/1751/1478 2075/1852/1478 2097/1853/1478
f 2099/1810/1479 2126/1854/1479 2182/1855/1479
f 2046/1792/1480 2079/1812/1480 2100/1856/1480
f 2080/1811/1481 2128/1857/1481 2127/1858/1481
f 2048/1793/1482 2103/1834/1482 2102/1832/1482
f 2052/1835/1483 2054/1839/1483 2132/1859/1483
f 2088/1816/1484 2137/1860/1484 2087/1861/1484
f 2089/1862/1485 2106/1863/1485 2105/1864/1485
f 2090/1844/1486 2140/1865/1486 2089/1862/1486
f 2107/1866/1487 2091/1867/1487 2141/1868/1487
f 2092/1846/1488 2108/1869/1488 2091/1867/1488
f 2093/1870/1489 2109/1871/1489 2092/1846/1489
f 2067/1820/1490 2113/1872/1490 2037/1801/1490
f 2038/1803/1491 2114/1873/1491 2067/1820/1491
f 2007/1802/1492 2114/1873/1492 2038/1803/1492
f 2070/1848/1493 2116/1874/1493 2094/1849/1493
f 2071/1825/1494 2117/1875/1494 2070/1848/1494
f 2095/1876/1495 2119/1877/1495 2118/1850/1495
f 2015/1807/1496 2096/1828/1496 2178/1878/1496
f 2042/1809/1497 2097/1853/1497 2124/1879/1497
f 2075/1852/1498 2125/1880/1498 2097/1853/1498
f 2079/1812/1499 2184/1881/1499 2126/1854/1499
f 2082/1830/1500 2129/1882/1500 2101/1883/1500
f 2102/1832/1501 2130/1884/1501 2083/1831/1501
f 2103/1834/1502 2156/1885/1502 2102/1832/1502
f 2133/1840/1503 2057/1766/1503 2134/1886/1503
f 2086/1797/1504 2161/1887/1504 2027/1842/1504
f 2104/1888/1505 2188/1889/1505 2137/1860/1505
f 2090/1844/1506 2166/1890/1506 2140/1865/1506
f 2108/1869/1507 2168/1891/1507 2091/1867/1507
f 2092/1846/1508 2142/1892/1508 2108/1869/1508
f 2109/1871/1509 2142/1892/1509 2092/1846/1509
f 2065/1818/1510 2143/1893/1510 2093/1870/1510
f 2065/1818/1511 2110/1894/1511 2143/1893/1511
f 2115/1895/1512 2144/1896/1512 2007/1802/1512
f 2116/1874/1513 2196/1897/1513 2094/1849/1513
f 2117/1875/1514 2116/1874/1514 2070/1848/1514
f 2118/1850/1515 2145/1898/1515 2073/1826/1515
f 2120/1899/1516 2119/1877/1516 2095/1876/1516
f 2015/1807/1517 2178/1878/1517 2123/1900/1517
f 2097/1853/1518 2181/1901/1518 2149/1902/1518
f 2097/1853/1519 2125/1880/1519 2181/1901/1519
f 2098/1903/1520 2150/1904/1520 2209/1905/1520
f 2182/1855/1521 2126/1854/1521 2183/1906/1521
f 2128/1857/1522 2152/1907/1522 2127/1858/1522
f 2129/1882/1523 2153/1908/1523 2101/1883/1523
f 2130/1884/1524 2154/1909/1524 2129/1882/1524
f 2131/1910/1525 2157/1911/1525 2103/1834/1525
f 2131/1910/1526 2158/1912/1526 2157/1911/1526
f 2132/1859/1527 2159/1913/1527 2217/1914/1527
f 2133/1840/1528 2159/1913/1528 2054/1839/1528
f 2133/1840/1529 2134/1886/1529 2218/1915/1529
f 2136/1916/1530 2162/1917/1530 2058/1918/1530
f 2137/1860/1531 2188/1889/1531 2136/1916/1531
f 2104/1888/1532 2163/1919/1532 2188/1889/1532
f 2143/1893/1533 2169/1920/1533 2109/1871/1533
f 2111/1921/1534 2170/1922/1534 2110/1894/1534
f 2111/1921/1535 2193/1923/1535 2170/1922/1535
f 2112/1924/1536 2193/1923/1536 2111/1921/1536
f 2113/1872/1537 2193/1923/1537 2112/1924/1537
f 2121/1925/1538 2202/1926/1538 2201/1927/1538
f 2122/1851/1539 2202/1926/1539 2121/1925/1539
f 2123/1900/1540 2178/1878/1540 2177/1928/1540
f 2148/1929/1541 2205/1930/1541 2204/1931/1541
f 2149/1902/1542 2181/1901/1542 2180/1932/1542
f 2126/1854/1543 2212/1933/1543 2183/1906/1543
f 2126/1854/1544 2184/1881/1544 2212/1933/1544
f 2128/1857/1545 2185/1934/1545 2152/1907/1545
f 2153/1908/1546 2185/1934/1546 2128/1857/1546
f 2132/1859/1547 2187/1935/1547 2158/1912/1547
f 2132/1859/1548 2217/1914/1548 2187/1935/1548
f 2218/1915/1549 2217/1914/1549 2133/1840/1549
f 2134/1886/1550 2057/1766/1550 2247/1936/1550
f 2164/1937/1551 2165/1938/1551 2192/1939/1551
f 2166/1890/1552 2167/1940/1552 2223/1941/1552
f 2168/1891/1553 2225/1942/1553 2224/1943/1553
f 2142/1892/1554 2226/1944/1554 2108/1869/1554
f 2169/1920/1555 2227/1945/1555 2109/1871/1555
f 2143/1893/1556 2170/1922/1556 2169/1920/1556
f 2113/1872/1557 2194/1946/1557 2193/1923/1557
f 2171/1947/1558 2195/1948/1558 2114/1873/1558
f 2172/1949/1559 2230/1950/1559 2144/1896/1559
f 2196/1897/1560 2197/1951/1560 2232/1952/1560
f 2173/1953/1561 2197/1951/1561 2196/1897/1561
f 2199/1954/1562 2233/1955/1562 2174/1956/1562
f 2175/1957/1563 2257/1958/1563 2146/1959/1563
f 2200/1960/1564 2234/1961/1564 18/1962/1564
f 2179/1963/1565 2206/1964/1565 2205/1930/1565
f 2179/1963/1566 2180/1932/1566 2207/1965/1566
f 2181/1901/1567 2208/1966/1567 2180/1932/1567
f 2181/1901/1568 2237/1967/1568 2208/1966/1568
f 2125/1880/1569 2209/1905/1569 2237/1967/1569
f 2182/1855/1570 2240/1968/1570 2211/1969/1570
f 2184/1881/1571 2213/1970/1571 2212/1933/1571
f 2152/1907/1572 2213/1970/1572 2184/1881/1572
f 2185/1934/1573 2213/1970/1573 2152/1907/1573
f 2155/1971/1574 2244/1972/1574 2130/1884/1574
f 2157/1911/1575 2214/1973/1575 2156/1885/1575
f 2157/1911/1576 2215/1974/1576 2214/1973/1576
f 2186/1975/1577 2215/1974/1577 2157/1911/1577
f 2217/1914/1578 2218/1915/1578 2342/1976/1578
f 2134/1886/1579 2247/1936/1579 2218/1915/1579
f 2219/1977/1580 2247/1936/1580 2057/1766/1580
f 2160/1843/1581 2162/1917/1581 2249/1978/1581
f 2188/1889/1582 2220/1979/1582 2162/1917/1582
f 2191/1980/1583 2221/1981/1583 2190/1982/1583
f 2192/1939/1584 2221/1981/1584 2191/1980/1584
f 2166/1890/1585 2223/1941/1585 2165/1938/1585
f 2167/1940/1586 2224/1943/1586 2223/1941/1586
f 2109/1871/1587 2227/1945/1587 2226/1944/1587
f 2169/1920/1588 2228/1983/1588 2227/1945/1588
f 2194/1946/1589 2281/1984/1589 2193/1923/1589
f 2113/1872/1590 2229/1985/1590 2194/1946/1590
f 2195/1948/1591 2229/1985/1591 2113/1872/1591
f 2196/1897/1592 2231/1986/1592 2230/1950/1592
f 2173/1953/1593 2233/1955/1593 2197/1951/1593
f 2233/1955/1594 2198/1987/1594 2256/1988/1594
f 2199/1954/1595 2257/1958/1595 2198/1987/1595
f 2201/1927/1596 2235/1989/1596 2259/1990/1596
f 2206/1964/1597 2290/1991/1597 2205/1930/1597
f 2207/1965/1598 2291/1992/1598 2179/1963/1598
f 2208/1966/1599 2207/1965/1599 2180/1932/1599
f 2211/1969/1600 2240/1968/1600 2239/1993/1600
f 2183/1906/1601 2241/1994/1601 2240/1968/1601
f 2212/1933/1602 2213/1970/1602 2241/1994/1602
f 2185/1934/1603 2242/1995/1603 2213/1970/1603
f 2129/1882/1604 2243/1996/1604 2153/1908/1604
f 2214/1973/1605 2269/1997/1605 2156/1885/1605
f 2214/1973/1606 2215/1974/1606 2271/1998/1606
f 2216/1999/1607 2245/2000/1607 2186/1975/1607
f 2187/1935/1608 2342/1976/1608 2246/2001/1608
f 2221/1981/1609 2276/2002/1609 2252/2003/1609
f 2192/1939/1610 2277/2004/1610 2221/1981/1610
f 2222/2005/1611 2277/2004/1611 2192/1939/1611
f 2224/1943/1612 2253/2006/1612 2223/1941/1612
f 2225/1942/1613 2278/2007/1613 2224/1943/1613
f 2227/1945/1614 2315/2008/1614 2226/1944/1614
f 2228/1983/1615 2279/2009/1615 2227/1945/1615
f 2193/1923/1616 2281/1984/1616 2170/1922/1616
f 2195/1948/1617 2283/2010/1617 2229/1985/1617
f 2230/1950/1618 2283/2010/1618 2195/1948/1618
f 2231/1986/1619 2283/2010/1619 2230/1950/1619
f 2232/1952/1620 2320/2011/1620 2231/1986/1620
f 2233/1955/1621 2256/1988/1621 2255/2012/1621
f 2175/1957/1622 2176/2013/1622 2258/2014/1622
f 2177/1928/1623 2261/2015/1623 2203/2016/1623
f 2236/2017/1624 2327/2018/1624 2204/1931/1624
f 2206/1964/1625 2291/1992/1625 2290/1991/1625
f 2207/1965/1626 2263/2019/1626 2262/2020/1626
f 2208/1966/1627 2263/2019/1627 2207/1965/1627
f 2238/2021/1628 2264/2022/1628 2237/1967/1628
f 2210/2023/1629 2265/2024/1629 2238/2021/1629
f 2239/1993/1630 2265/2024/1630 2210/2023/1630
f 2240/1968/1631 2267/2025/1631 2266/2026/1631
f 2241/1994/1632 2299/2027/1632 2267/2025/1632
f 2242/1995/1633 2268/2028/1633 2299/2027/1633
f 2244/1972/1634 2301/2029/1634 2243/1996/1634
f 2246/2001/1635 2272/2030/1635 2216/1999/1635
f 2218/1915/1636 2247/1936/1636 2304/2031/1636
f 2249/1978/1637 2273/2032/1637 2219/1977/1637
f 2251/2033/1638 2275/2034/1638 2250/2035/1638
f 2252/2003/1639 2276/2002/1639 2251/2033/1639
f 2254/2036/1640 2347/2037/1640 2225/1942/1640
f 2231/1986/1641 2284/2038/1641 2283/2010/1641
f 2232/1952/1642 2285/2039/1642 2320/2011/1642
f 2286/2040/1643 2285/2039/1643 2232/1952/1643
f 2257/1958/1644 2287/2041/1644 2256/1988/1644
f 2257/1958/1645 2288/2042/1645 2323/2043/1645
f 2258/2014/1646 2288/2042/1646 2257/1958/1646
f 2264/2022/1647 2293/2044/1647 2263/2019/1647
f 2265/2024/1648 2294/2045/1648 2264/2022/1648
f 2267/2025/1649 2298/2046/1649 2297/2047/1649
f 2269/1997/1650 2302/2048/1650 2244/1972/1650
f 2270/2049/1651 2302/2048/1651 2269/1997/1651
f 2215/1974/1652 2245/2000/1652 2303/2050/1652
f 2273/2032/1653 2306/2051/1653 2248/2052/1653
f 2249/1978/1654 2307/2053/1654 2273/2032/1654
f 2275/2034/1655 2309/2054/1655 2274/2055/1655
f 2276/2002/1656 2310/2056/1656 2275/2034/1656
f 2277/2004/1657 2312/2057/1657 2311/2058/1657
f 2222/2005/1658 2313/2059/1658 2312/2057/1658
f 2253/2006/1659 2370/2060/1659 2222/2005/1659
f 2254/2036/1660 2314/2061/1660 2347/2037/1660
f 2279/2009/1661 2316/2062/1661 2315/2008/1661
f 2280/2063/1662 2317/2064/1662 2228/1983/1662
f 2194/1946/1663 2351/2065/1663 2281/1984/1663
f 2282/2066/1664 2351/2065/1664 2194/1946/1664
f 2283/2010/1665 2318/2067/1665 2282/2066/1665
f 2284/2038/1666 2319/2068/1666 2283/2010/1666
f 2287/2041/1667 2407/2069/1667 2256/1988/1667
f 2289/2070/1668 2356/2071/1668 16/2072/1668
f 2293/2044/1669 2329/2073/1669 2292/2074/1669
f 2295/2075/1670 2332/2076/1670 2294/2045/1670
f 2296/2077/1671 2333/2078/1671 2295/2075/1671
f 2297/2047/1672 2334/2079/1672 2333/2078/1672
f 2300/2080/1673 2337/2081/1673 2336/2082/1673
f 2301/2029/1674 2338/2083/1674 2337/2081/1674
f 2302/2048/1675 2338/2083/1675 2301/2029/1675
f 2270/2049/1676 2339/2084/1676 2365/2085/1676
f 2303/2050/1677 2339/2084/1677 2271/1998/1677
f 2272/2030/1678 2340/2086/1678 2245/2000/1678
f 2246/2001/1679 2342/1976/1679 2341/2087/1679
f 2308/2088/1680 2309/2054/1680 2395/2089/1680
f 2312/2057/1681 2313/2059/1681 2345/2090/1681
f 2317/2064/1682 2402/2091/1682 2279/2009/1682
f 2320/2011/1683 2321/2092/1683 2373/2093/1683
f 2322/2094/1684 2406/2095/1684 2285/2039/1684
f 2323/2043/1685 2375/2096/1685 2287/2041/1685
f 2260/2097/1686 2325/2098/1686 2358/2099/1686
f 2290/1991/1687 2359/2100/1687 2327/2018/1687
f 2328/2101/1688 2292/2074/1688 2415/2102/1688
f 2329/2073/1689 2361/2103/1689 2292/2074/1689
f 2330/2104/1690 2378/2105/1690 2329/2073/1690
f 2333/2078/1691 2380/2106/1691 2295/2075/1691
f 2333/2078/1692 2362/2107/1692 2380/2106/1692
f 2335/2108/1693 2363/2109/1693 2362/2107/1693
f 2337/2081/1694 2364/2110/1694 2336/2082/1694
f 2338/2083/1695 2385/2111/1695 2337/2081/1695
f 2302/2048/1696 2385/2111/1696 2338/2083/1696
f 2340/2086/1697 2366/2112/1697 2303/2050/1697
f 2272/2030/1698 2341/2087/1698 2367/2113/1698
f 2342/1976/1699 2304/2031/1699 2392/2114/1699
f 2395/2089/1700 2394/2115/1700 2307/2053/1700
f 2309/2054/1701 2343/2116/1701 2396/2117/1701
f 2311/2058/1702 2369/2118/1702 2310/2056/1702
f 2312/2057/1703 2345/2090/1703 2369/2118/1703
f 2313/2059/1704 2370/2060/1704 2397/2119/1704
f 2347/2037/1705 2398/2120/1705 2346/2121/1705
f 2348/2122/1706 2400/2123/1706 2314/2061/1706
f 2349/2124/1707 2403/2125/1707 2402/2091/1707
f 2351/2065/1708 2404/2126/1708 2350/2127/1708
f 2352/2128/1709 2371/2129/1709 2282/2066/1709
f 2319/2068/1710 2372/2130/1710 2318/2067/1710
f 2321/2092/1711 2374/2131/1711 2373/2093/1711
f 2407/2069/1712 2375/2096/1712 2408/2132/1712
f 2287/2041/1713 2375/2096/1713 2407/2069/1713
f 2323/2043/1714 2410/2133/1714 2409/2134/1714
f 2288/2042/1715 2410/2133/1715 2323/2043/1715
f 2353/2135/1716 2410/2133/1716 2288/2042/1716
f 2353/2135/1717 2354/2136/1717 2411/2137/1717
f 2359/2100/1718 2325/2098/1718 2326/2138/1718
f 2360/2139/1719 2450/2140/1719 2414/2141/1719
f 2328/2101/1720 2377/2142/1720 2360/2139/1720
f 2331/2143/1721 2417/2144/1721 2330/2104/1721
f 2362/2107/1722 2382/2145/1722 2381/2146/1722
f 2367/2113/1723 2389/2147/1723 2340/2086/1723
f 2391/2148/1724 2390/2149/1724 2341/2087/1724
f 2368/2150/1725 2462/2151/1725 2273/2032/1725
f 2343/2116/1726 2344/2152/1726 2396/2117/1726
f 2316/2062/1727 2401/2153/1727 2348/2122/1727
f 2371/2129/1728 2438/2154/1728 2405/2155/1728
f 2319/2068/1729 2442/2156/1729 2372/2130/1729
f 2355/2157/1730 2476/2158/1730 14/2159/1730
f 2361/2103/1731 2416/2160/1731 2292/2074/1731
f 2378/2105/1732 2451/2161/1732 2361/2103/1732
f 2379/2162/1733 2452/2163/1733 2378/2105/1733
f 2381/2146/1734 2419/2164/1734 2380/2106/1734
f 2382/2145/1735 2455/2165/1735 2420/2166/1735
f 2383/2167/1736 2456/2168/1736 2455/2165/1736
f 2383/2167/1737 2421/2169/1737 2456/2168/1737
f 2388/2170/1738 2426/2171/1738 2387/2172/1738
f 2390/2149/1739 2429/2173/1739 2341/2087/1739
f 2390/2149/1740 2430/2174/1740 2429/2173/1740
f 2391/2148/1741 2392/2114/1741 2430/2174/1741
f 2368/2150/1742 2463/2175/1742 2462/2151/1742
f 2396/2117/1743 2432/2176/1743 2395/2089/1743
f 2369/2118/1744 2433/2177/1744 2344/2152/1744
f 2397/2119/1745 2434/2178/1745 2369/2118/1745
f 2398/2120/1746 2495/2179/1746 2397/2119/1746
f 2399/2180/1747 2435/2181/1747 2398/2120/1747
f 2401/2153/1748 2436/2182/1748 2400/2123/1748
f 2402/2091/1749 2466/2183/1749 2401/2153/1749
f 2403/2125/1750 2466/2183/1750 2402/2091/1750
f 2404/2126/1751 2437/2184/1751 2403/2125/1751
f 2371/2129/1752 2439/2185/1752 2438/2154/1752
f 2372/2130/1753 2442/2156/1753 2441/2186/1753
f 2374/2131/1754 2443/2187/1754 2373/2093/1754
f 2374/2131/1755 2444/2188/1755 2443/2187/1755
f 2406/2095/1756 2444/2188/1756 2374/2131/1756
f 2407/2069/1757 2408/2132/1757 2472/2189/1757
f 2375/2096/1758 2473/2190/1758 2408/2132/1758
f 2409/2134/1759 2445/2191/1759 2375/2096/1759
f 2355/2157/1760 2447/2192/1760 2476/2158/1760
f 2412/2193/1761 2478/2194/1761 2447/2192/1761
f 2414/2141/1762 2448/2195/1762 2413/2196/1762
f 2377/2142/1763 2480/2197/1763 2450/2140/1763
f 2416/2160/1764 2508/2198/1764 2415/2102/1764
f 2418/2199/1765 2454/2200/1765 2453/2201/1765
f 2381/2146/1766 2420/2166/1766 2511/2202/1766
f 2424/2203/1767 2458/2204/1767 2423/2205/1767
f 2425/2206/1768 2458/2204/1768 2424/2203/1768
f 2426/2171/1769 2458/2204/1769 2425/2206/1769
f 2427/2207/1770 2458/2204/1770 2426/2171/1770
f 2428/2208/1771 2459/2209/1771 2389/2147/1771
f 2430/2174/1772 2460/2210/1772 2429/2173/1772
f 2392/2114/1773 2462/2151/1773 2461/2211/1773
f 2431/2212/1774 2490/2213/1774 2463/2175/1774
f 2431/2212/1775 2432/2176/1775 2491/2214/1775
f 2434/2178/1776 2465/2215/1776 2433/2177/1776
f 2435/2181/1777 2495/2179/1777 2398/2120/1777
f 2437/2184/1778 2468/2216/1778 2403/2125/1778
f 2371/2129/1779 2470/2217/1779 2439/2185/1779
f 2371/2129/1780 2440/2218/1780 2470/2217/1780
f 2443/2187/1781 2471/2219/1781 2442/2156/1781
f 2444/2188/1782 2502/2220/1782 2443/2187/1782
f 2445/2191/1783 2446/2221/1783 2474/2222/1783
f 2449/2223/1784 2479/2224/1784 2448/2195/1784
f 2508/2198/1785 2481/2225/1785 2415/2102/1785
f 2451/2161/1786 2508/2198/1786 2416/2160/1786
f 2452/2163/1787 2482/2226/1787 2451/2161/1787
f 2453/2201/1788 2483/2227/1788 2452/2163/1788
f 2454/2200/1789 2509/2228/1789 2453/2201/1789
f 2418/2199/1790 2484/2229/1790 2454/2200/1790
f 2419/2164/1791 2485/2230/1791 2484/2229/1791
f 2419/2164/1792 2511/2202/1792 2485/2230/1792
f 2421/2169/1793 2457/2231/1793 2513/2232/1793
f 2457/2231/1794 2486/2233/1794 2540/2234/1794
f 2458/2204/1795 2488/2235/1795 2487/2236/1795
f 2427/2207/1796 2488/2235/1796 2458/2204/1796
f 2430/2174/1797 2518/2237/1797 2460/2210/1797
f 2430/2174/1798 2461/2211/1798 2519/2238/1798
f 2465/2215/1799 2494/2239/1799 2433/2177/1799
f 2467/2240/1800 2555/2241/1800 2466/2183/1800
f 2469/2242/1801 2522/2243/1801 2468/2216/1801
f 2470/2217/1802 2499/2244/1802 2439/2185/1802
f 2472/2189/1803 2504/2245/1803 2444/2188/1803
f 2473/2190/1804 2504/2245/1804 2472/2189/1804
f 2474/2222/1805 2505/2246/1805 2504/2245/1805
f 2446/2221/1806 2561/2247/1806 2474/2222/1806
f 2476/2158/1807 2477/2248/1807 2475/2249/1807
f 2448/2195/1808 2479/2224/1808 2506/2250/1808
f 2451/2161/1809 2534/2251/1809 2508/2198/1809
f 2482/2226/1810 2534/2251/1810 2451/2161/1810
f 2485/2230/1811 2510/2252/1811 2484/2229/1811
f 2485/2230/1812 2511/2202/1812 2510/2252/1812
f 2513/2232/1813 2538/2253/1813 2511/2202/1813
f 2457/2231/1814 2540/2234/1814 2514/2254/1814
f 2487/2236/1815 2542/2255/1815 2486/2233/1815
f 2519/2238/1816 2543/2256/1816 2430/2174/1816
f 2490/2213/1817 2546/2257/1817 2462/2151/1817
f 2490/2213/1818 2547/2258/1818 2546/2257/1818
f 2491/2214/1819 2547/2258/1819 2490/2213/1819
f 2491/2214/1820 2492/2259/1820 2547/2258/1820
f 2492/2259/1821 2493/2260/1821 2548/2261/1821
f 2550/2262/1822 2494/2239/1822 2465/2215/1822
f 2497/2263/1823 2552/2264/1823 2496/2265/1823
f 2436/2182/1824 2553/2266/1824 2552/2264/1824
f 2466/2183/1825 2555/2241/1825 2521/2267/1825
f 2499/2244/1826 2577/2268/1826 2498/2269/1826
f 2470/2217/1827 2500/2270/1827 2558/2271/1827
f 2471/2219/1828 2523/2272/1828 2501/2273/1828
f 2504/2245/1829 2525/2274/1829 2444/2188/1829
f 2505/2246/1830 2561/2247/1830 2526/2275/1830
f 2475/2249/1831 2563/2276/1831 2527/2277/1831
f 2475/2249/1832 2528/2278/1832 2563/2276/1832
f 2477/2248/1833 2529/2279/1833 2528/2278/1833
f 2506/2250/1834 2530/2280/1834 2529/2279/1834
f 2506/2250/1835 2531/2281/1835 2530/2280/1835
f 2508/2198/1836 2533/2282/1836 2507/2283/1836
f 2509/2228/1837 2535/2284/1837 2482/2226/1837
f 2454/2200/1838 2568/2285/1838 2509/2228/1838
f 2510/2252/1839 2536/2286/1839 2454/2200/1839
f 2511/2202/1840 2512/2287/1840 2537/2288/1840
f 2513/2232/1841 2514/2254/1841 2539/2289/1841
f 2515/2290/1842 2516/2291/1842 2571/2292/1842
f 2517/2293/1843 2543/2256/1843 2516/2291/1843
f 2519/2238/1844 2544/2294/1844 2543/2256/1844
f 2548/2261/1845 2547/2258/1845 2492/2259/1845
f 2494/2239/1846 2549/2295/1846 2493/2260/1846
f 2520/2296/1847 2551/2297/1847 2550/2262/1847
f 2521/2267/1848 2554/2298/1848 2553/2266/1848
f 2522/2243/1849 2556/2299/1849 2555/2241/1849
f 2523/2272/1850 2558/2271/1850 2501/2273/1850
f 2523/2272/1851 2524/2300/1851 2559/2301/1851
f 2528/2278/1852 2587/2302/1852 2563/2276/1852
f 2532/2303/1853 2564/2304/1853 2531/2281/1853
f 2533/2282/1854 2565/2305/1854 2590/2306/1854
f 2535/2284/1855 2566/2307/1855 2534/2251/1855
f 2536/2286/1856 2594/2308/1856 2454/2200/1856
f 2510/2252/1857 2595/2309/1857 2536/2286/1857
f 2538/2253/1858 2598/2310/1858 2597/2311/1858
f 2540/2234/1859 2600/2312/1859 2570/2313/1859
f 2540/2234/1860 2541/2314/1860 2600/2312/1860
f 2571/2292/1861 2541/2314/1861 2542/2255/1861
f 2545/2315/1862 2544/2294/1862 2519/2238/1862
f 2548/2261/1863 2574/2316/1863 2547/2258/1863
f 2549/2295/1864 2574/2316/1864 2548/2261/1864
f 2551/2297/1865 2549/2295/1865 2550/2262/1865
f 2552/2264/1866 2607/2317/1866 2551/2297/1866
f 2553/2266/1867 2575/2318/1867 2552/2264/1867
f 2554/2298/1868 2630/2319/1868 2553/2266/1868
f 2557/2320/1869 2610/2321/1869 2556/2299/1869
f 2523/2272/1870 2578/2322/1870 2558/2271/1870
f 2524/2300/1871 2579/2323/1871 2559/2301/1871
f 2560/2324/1872 2663/2325/1872 2503/2326/1872
f 2561/2247/1873 2582/2327/1873 2581/2328/1873
f 2582/2327/1874 2583/2329/1874 2640/2330/1874
f 2446/2221/1875 2584/2331/1875 2583/2329/1875
f 2586/2332/1876 2585/2333/1876 2562/2334/1876
f 2532/2303/1877 2589/2335/1877 2564/2304/1877
f 2566/2307/1878 2590/2306/1878 2565/2305/1878
f 2567/2336/1879 2591/2337/1879 2566/2307/1879
f 2537/2288/1880 2596/2338/1880 2595/2309/1880
f 2539/2289/1881 2569/2339/1881 2598/2310/1881
f 2570/2313/1882 2599/2340/1882 2569/2339/1882
f 2572/2341/1883 2602/2342/1883 2601/2343/1883
f 2545/2315/1884 2604/2344/1884 2544/2294/1884
f 2573/2345/1885 2604/2344/1885 2545/2315/1885
f 2549/2295/1886 2605/2346/1886 2574/2316/1886
f 2551/2297/1887 2606/2347/1887 2549/2295/1887
f 2607/2317/1888 2629/2348/1888 2551/2297/1888
f 2576/2349/1889 2609/2350/1889 2554/2298/1889
f 2577/2268/1890 2659/2351/1890 2634/2352/1890
f 2579/2323/1891 2524/2300/1891 2614/2353/1891
f 2586/2332/1892 2617/2354/1892 2585/2333/1892
f 2587/2302/1893 2618/2355/1893 2617/2354/1893
f 2589/2335/1894 2620/2356/1894 2619/2357/1894
f 2590/2306/1895 2620/2356/1895 2589/2335/1895
f 2591/2337/1896 2620/2356/1896 2590/2306/1896
f 2592/2358/1897 2621/2359/1897 2567/2336/1897
f 2595/2309/1898 2622/2360/1898 2594/2308/1898
f 2595/2309/1899 2596/2338/1899 2622/2360/1899
f 2598/2310/1900 2623/2361/1900 2597/2311/1900
f 2569/2339/1901 2599/2340/1901 2623/2361/1901
f 2601/2343/1902 2624/2362/1902 2600/2312/1902
f 2601/2343/1903 2625/2363/1903 2624/2362/1903
f 2601/2343/1904 2602/2342/1904 2625/2363/1904
f 2573/2345/1905 2627/2364/1905 2604/2344/1905
f 2606/2347/1906 2628/2365/1906 2549/2295/1906
f 2609/2350/1907 2631/2366/1907 2608/2367/1907
f 2610/2321/1908 2632/2368/1908 2609/2350/1908
f 2610/2321/1909 2633/2369/1909 2632/2368/1909
f 2610/2321/1910 2611/2370/1910 2633/2369/1910
f 2612/2371/1911 2613/2372/1911 2635/2373/1911
f 2615/2374/1912 2664/2375/1912 2560/2324/1912
f 2585/2333/1913 9/2376/1913 10/2377/1913
f 2585/2333/1914 2641/2378/1914 9/2376/1914
f 2585/2333/1915 2668/2379/1915 2641/2378/1915
f 2617/2354/1916 2668/2379/1916 2585/2333/1916
f 2618/2355/1917 2642/2380/1917 2617/2354/1917
f 2619/2357/1918 2643/2381/1918 2642/2380/1918
f 2620/2356/1919 2644/2382/1919 2643/2381/1919
f 2591/2337/1920 2644/2382/1920 2620/2356/1920
f 2621/2359/1921 2644/2382/1921 2591/2337/1921
f 2592/2358/1922 2645/2383/1922 2621/2359/1922
f 2622/2360/1923 2647/2384/1923 2646/2385/1923
f 2596/2338/1924 2648/2386/1924 2622/2360/1924
f 2597/2311/1925 2672/2387/1925 2648/2386/1925
f 2597/2311/1926 2699/2388/1926 2672/2387/1926
f 2599/2340/1927 2649/2389/1927 2673/2390/1927
f 2624/2362/1928 2650/2391/1928 2649/2389/1928
f 2625/2363/1929 2650/2391/1929 2624/2362/1929
f 2625/2363/1930 2651/2392/1930 2650/2391/1930
f 2603/2393/1931 2652/2394/1931 2602/2342/1931
f 2628/2365/1932 2655/2395/1932 2605/2346/1932
f 2630/2319/1933 2680/2396/1933 2575/2318/1933
f 2608/2367/1934 2709/2397/1934 2630/2319/1934
f 2633/2369/1935 2611/2370/1935 2632/2368/1935
f 2638/2398/1936 2667/2399/1936 2666/2400/1936
f 2583/2329/1937 2684/2401/1937 2640/2330/1937
f 2616/2402/1938 2684/2401/1938 2583/2329/1938
f 2641/2378/1939 2782/2403/1939 9/2376/1939
f 2643/2381/1940 2670/2404/1940 2669/2405/1940
f 2644/2382/1941 2670/2404/1941 2643/2381/1941
f 2621/2359/1942 2691/2406/1942 2644/2382/1942
f 2621/2359/1943 2645/2383/1943 2691/2406/1943
f 2646/2385/1944 2671/2407/1944 2693/2408/1944
f 2646/2385/1945 2647/2384/1945 2694/2409/1945
f 2648/2386/1946 2696/2410/1946 2622/2360/1946
f 2623/2361/1947 2673/2390/1947 2699/2388/1947
f 2649/2389/1948 2650/2391/1948 2701/2411/1948
f 2603/2393/1949 2674/2412/1949 2702/2413/1949
f 2653/2414/1950 2674/2412/1950 2603/2393/1950
f 2653/2414/1951 2676/2415/1951 2675/2416/1951
f 2626/2417/1952 2677/2418/1952 2676/2415/1952
f 2654/2419/1953 2677/2418/1953 2627/2364/1953
f 2656/2420/1954 2679/2421/1954 2628/2365/1954
f 2657/2422/1955 2679/2421/1955 2656/2420/1955
f 2709/2397/1956 2680/2396/1956 2630/2319/1956
f 2632/2368/1957 2711/2423/1957 2681/2424/1957
f 2611/2370/1958 2752/2425/1958 2711/2423/1958
f 2636/2426/1959 2661/2427/1959 2733/2428/1959
f 2663/2325/1960 2682/2429/1960 2735/2430/1960
f 2665/2431/1961 2713/2432/1961 2664/2375/1961
f 2684/2401/1962 2686/2433/1962 2685/2434/1962
f 2646/2385/1963 2694/2409/1963 2671/2407/1963
f 2672/2387/1964 2698/2435/1964 2697/2436/1964
f 2673/2390/1965 2700/2437/1965 2699/2388/1965
f 2649/2389/1966 2701/2411/1966 2700/2437/1966
f 2674/2412/1967 2728/2438/1967 2703/2439/1967
f 2653/2414/1968 2675/2416/1968 2728/2438/1968
f 2677/2418/1969 2654/2419/1969 2704/2440/1969
f 2678/2441/1970 2706/2442/1970 2705/2443/1970
f 2679/2421/1971 2707/2444/1971 2678/2441/1971
f 2680/2396/1972 2708/2445/1972 2657/2422/1972
f 2631/2366/1973 2681/2424/1973 2710/2446/1973
f 2735/2430/1974 2756/2447/1974 2663/2325/1974
f 2665/2431/1975 2714/2448/1975 2736/2449/1975
f 2684/2401/1976 2716/2450/1976 2683/2451/1976
f 2685/2434/1977 2716/2450/1977 2684/2401/1977
f 2688/2452/1978 2718/2453/1978 2687/2454/1978
f 2689/2455/1979 2738/2456/1979 2718/2453/1979
f 2691/2406/1980 2645/2383/1980 2719/2457/1980
f 2692/2458/1981 2720/2459/1981 2645/2383/1981
f 2671/2407/1982 2721/2460/1982 2693/2408/1982
f 2694/2409/1983 2722/2461/1983 2671/2407/1983
f 2695/2462/1984 2696/2410/1984 2694/2409/1984
f 2697/2436/1985 2761/2463/1985 2696/2410/1985
f 2698/2435/1986 2724/2464/1986 2697/2436/1986
f 2701/2411/1987 2726/2465/1987 2725/2466/1987
f 2701/2411/1988 2727/2467/1988 2726/2465/1988
f 2702/2413/1989 2744/2468/1989 2727/2467/1989
f 2675/2416/1990 2729/2469/1990 2728/2438/1990
f 2676/2415/1991 2704/2440/1991 2729/2469/1991
f 2705/2443/1992 2730/2470/1992 2654/2419/1992
f 2706/2442/1993 2730/2470/1993 2705/2443/1993
f 2679/2421/1994 2731/2471/1994 2707/2444/1994
f 2708/2445/1995 2731/2471/1995 2679/2421/1995
f 2709/2397/1996 2749/2472/1996 2680/2396/1996
f 2710/2446/1997 2750/2473/1997 2709/2397/1997
f 2711/2423/1998 2732/2474/1998 2681/2424/1998
f 2685/2434/1999 2758/2475/1999 2716/2450/1999
f 2685/2434/2000 2717/2476/2000 2758/2475/2000
f 2718/2453/2001 2830/2477/2001 2687/2454/2001
f 2722/2461/2002 2760/2478/2002 2721/2460/2002
f 2694/2409/2003 2696/2410/2003 2857/2479/2003
f 2696/2410/2004 2761/2463/2004 2786/2480/2004
f 2724/2464/2005 2741/2481/2005 2697/2436/2005
f 2725/2466/2006 2743/2482/2006 2742/2483/2006
f 2726/2465/2007 2727/2467/2007 2766/2484/2007
f 2730/2470/2008 2746/2485/2008 2704/2440/2008
f 2707/2444/2009 2747/2486/2009 2706/2442/2009
f 2707/2444/2010 2731/2471/2010 2747/2486/2010
f 2712/2487/2011 2733/2428/2011 2802/2488/2011
f 2736/2449/2012 2734/2489/2012 2735/2430/2012
f 2737/2490/2013 2758/2475/2013 2717/2476/2013
f 2739/2491/2014 2808/2492/2014 2690/2493/2014
f 2721/2460/2015 2760/2478/2015 2720/2459/2015
f 2724/2464/2016 2763/2494/2016 2762/2495/2016
f 2742/2483/2017 2763/2494/2017 2724/2464/2017
f 2743/2482/2018 2764/2496/2018 2742/2483/2018
f 2703/2439/2019 2767/2497/2019 2744/2468/2019
f 2728/2438/2020 2768/2498/2020 2767/2497/2020
f 2730/2470/2021 2769/2499/2021 2746/2485/2021
f 2747/2486/2022 2769/2499/2022 2730/2470/2022
f 2731/2471/2023 2770/2500/2023 2747/2486/2023
f 2749/2472/2024 2750/2473/2024 2748/2501/2024
f 2751/2502/2025 2773/2503/2025 2732/2474/2025
f 2776/2504/2026 2802/2488/2026 2777/2505/2026
f 2754/2506/2027 2755/2507/2027 2778/2508/2027
f 2782/2403/2028 2806/2509/2028 2783/2510/2028
f 2645/2383/2029 2760/2478/2029 2810/2511/2029
f 2761/2463/2030 2787/2512/2030 2786/2480/2030
f 2723/2513/2031 2787/2512/2031 2761/2463/2031
f 2741/2481/2032 2787/2512/2032 2723/2513/2032
f 2741/2481/2033 2762/2495/2033 2787/2512/2033
f 2767/2497/2034 2792/2514/2034 2791/2515/2034
f 2768/2498/2035 2794/2516/2035 2793/2517/2035
f 2745/2518/2036 2795/2519/2036 2794/2516/2036
f 2745/2518/2037 2746/2485/2037 2795/2519/2037
f 2770/2500/2038 2769/2499/2038 2747/2486/2038
f 2750/2473/2039 2798/2520/2039 2748/2501/2039
f 2710/2446/2040 2798/2520/2040 2750/2473/2040
f 2774/2521/2041 2800/2522/2041 2752/2425/2041
f 2777/2505/2042 2801/2523/2042 2776/2504/2042
f 2755/2507/2043 2803/2524/2043 2778/2508/2043
f 2756/2447/2044 2803/2524/2044 2755/2507/2044
f 2781/2525/2045 2892/2526/2045 2826/2527/2045
f 2806/2509/2046 2828/2528/2046 2783/2510/2046
f 2738/2456/2047 2807/2529/2047 2718/2453/2047
f 2760/2478/2048 2785/2530/2048 2834/2531/2048
f 2788/2532/2049 2764/2496/2049 2812/2533/2049
f 2794/2516/2050 2795/2519/2050 2814/2534/2050
f 2769/2499/2051 2815/2535/2051 2746/2485/2051
f 2710/2446/2052 2818/2536/2052 2817/2537/2052
f 2774/2521/2053 2843/2538/2053 2800/2522/2053
f 2778/2508/2054 2821/2539/2054 2802/2488/2054
f 2823/2540/2055 2822/2541/2055 2804/2542/2055
f 2807/2529/2056 2831/2543/2056 2853/2544/2056
f 2810/2511/2057 2833/2545/2057 2832/2546/2057
f 2760/2478/2058 2833/2545/2058 2810/2511/2058
f 2835/2547/2059 2857/2479/2059 2786/2480/2059
f 2788/2532/2060 2812/2533/2060 2762/2495/2060
f 2789/2548/2061 2813/2549/2061 2837/2550/2061
f 2791/2515/2062 2838/2551/2062 2790/2552/2062
f 2792/2514/2063 2838/2551/2063 2791/2515/2063
f 2839/2553/2064 2838/2551/2064 2793/2517/2064
f 2770/2500/2065 2841/2554/2065 2769/2499/2065
f 2798/2520/2066 2865/2555/2066 2797/2556/2066
f 2798/2520/2067 2842/2557/2067 2865/2555/2067
f 2819/2558/2068 2844/2559/2068 2843/2538/2068
f 2820/2560/2069 2884/2561/2069 2801/2523/2069
f 2803/2524/2070 2886/2562/2070 2778/2508/2070
f 2823/2540/2071 2847/2563/2071 2822/2541/2071
f 2825/2564/2072 2848/2565/2072 2890/2566/2072
f 2826/2527/2073 2849/2567/2073 2825/2564/2073
f 2826/2527/2074 2892/2526/2074 2872/2568/2074
f 2827/2569/2075 2828/2528/2075 8/2570/2075
f 2831/2543/2076 2854/2571/2076 2876/2572/2076
f 2832/2546/2077 2833/2545/2077 2855/2573/2077
f 2836/2574/2078 2858/2575/2078 2931/2576/2078
f 2790/2552/2079 2859/2577/2079 2813/2549/2079
f 2840/2578/2080 2862/2579/2080 2814/2534/2080
f 2815/2535/2081 2863/2580/2081 2910/2581/2081
f 2842/2557/2082 2866/2582/2082 2865/2555/2082
f 2843/2538/2083 2870/2583/2083 2800/2522/2083
f 2844/2559/2084 2916/2584/2084 2843/2538/2084
f 2845/2585/2085 2883/2586/2085 2844/2559/2085
f 2803/2524/2086 2871/2587/2086 2886/2562/2086
f 2846/2588/2087 2871/2587/2087 2803/2524/2087
f 2847/2563/2088 2888/2589/2088 2822/2541/2088
f 2847/2563/2089 2889/2590/2089 2888/2589/2089
f 2847/2563/2090 2890/2566/2090 2889/2590/2090
f 2828/2528/2091 2850/2591/2091 2893/2592/2091
f 2829/2593/2092 2851/2594/2092 2873/2595/2092
f 2853/2544/2093 2874/2596/2093 2852/2597/2093
f 2853/2544/2094 2875/2598/2094 2874/2596/2094
f 2831/2543/2095 2875/2598/2095 2853/2544/2095
f 2854/2571/2096 2896/2599/2096 2876/2572/2096
f 2854/2571/2097 2877/2600/2097 2896/2599/2097
f 2855/2573/2098 2897/2601/2098 2877/2600/2098
f 2833/2545/2099 2898/2602/2099 2855/2573/2099
f 2859/2577/2100 2905/2603/2100 2813/2549/2100
f 2838/2551/2101 2860/2604/2101 2907/2605/2101
f 2910/2581/2102 2862/2579/2102 2840/2578/2102
f 2865/2555/2103 2912/2606/2103 2864/2607/2103
f 2866/2582/2104 2914/2608/2104 2865/2555/2104
f 2867/2609/2105 2914/2608/2105 2866/2582/2105
f 2868/2610/2106 2881/2611/2106 2842/2557/2106
f 2843/2538/2107 2916/2584/2107 2870/2583/2107
f 2844/2559/2108 2883/2586/2108 2916/2584/2108
f 2850/2591/2109 2873/2595/2109 2893/2592/2109
f 2851/2594/2110 2894/2612/2110 2923/2613/2110
f 2851/2594/2111 2874/2596/2111 2894/2612/2111
f 2876/2572/2112 2925/2614/2112 2875/2598/2112
f 2878/2615/2113 2928/2616/2113 2833/2545/2113
f 2900/2617/2114 2901/2618/2114 2929/2619/2114
f 2856/2620/2115 2958/2621/2115 2901/2618/2115
f 2856/2620/2116 2902/2622/2116 2958/2621/2116
f 2835/2547/2117 2787/2512/2117 2903/2623/2117
f 2859/2577/2118 2906/2624/2118 2905/2603/2118
f 2859/2577/2119 2907/2605/2119 2962/2625/2119
f 2862/2579/2120 2909/2626/2120 2908/2627/2120
f 2881/2611/2121 2915/2628/2121 2867/2609/2121
f 2882/2629/2122 2881/2611/2122 2868/2610/2122
f 2885/2630/2123 2917/2631/2123 2884/2561/2123
f 2891/2632/2124 2950/2633/2124 2921/2634/2124
f 2874/2596/2125 2895/2635/2125 2924/2636/2125
f 2897/2601/2126 2926/2637/2126 2896/2599/2126
f 2898/2602/2127 2956/2638/2127 2897/2601/2127
f 2900/2617/2128 2929/2619/2128 2957/2639/2128
f 2879/2640/2129 2903/2623/2129 2930/2641/2129
f 2787/2512/2130 2904/2642/2130 2903/2623/2130
f 2905/2603/2131 2961/2643/2131 2932/2644/2131
f 2905/2603/2132 2906/2624/2132 2933/2645/2132
f 2962/2625/2133 2933/2645/2133 2906/2624/2133
f 2907/2605/2134 2934/2646/2134 2962/2625/2134
f 2908/2627/2135 2935/2647/2135 2907/2605/2135
f 2911/2648/2136 2986/2649/2136 2910/2581/2136
f 2916/2584/2137 2989/2650/2137 2939/2651/2137
f 2887/2652/2138 2946/2653/2138 2945/2654/2138
f 2920/2655/2139 2972/2656/2139 2949/2657/2139
f 2921/2634/2140 2950/2633/2140 2973/2658/2140
f 2951/2659/2141 2975/2660/2141 6/2661/2141
f 2893/2592/2142 2952/2662/2142 2951/2659/2142
f 2874/2596/2143 2924/2636/2143 2953/2663/2143
f 2926/2637/2144 2977/2664/2144 2925/2614/2144
f 2928/2616/2145 2957/2639/2145 2981/2665/2145
f 2901/2618/2146 2958/2621/2146 2982/2666/2146
f 2930/2641/2147 2903/2623/2147 2983/2667/2147
f 2904/2642/2148 2959/2668/2148 2903/2623/2148
f 2933/2645/2149 2985/2669/2149 2905/2603/2149
f 2935/2647/2150 3007/2670/2150 2907/2605/2150
f 2908/2627/2151 2964/2671/2151 2936/2672/2151
f 2909/2626/2152 2986/2649/2152 2964/2671/2152
f 2938/2673/2153 2966/2674/2153 2913/2675/2153
f 2940/2676/2154 2990/2677/2154 2968/2678/2154
f 2941/2679/2155 2991/2680/2155 2940/2676/2155
f 2942/2681/2156 2943/2682/2156 2969/2683/2156
f 2944/2684/2157 2970/2685/2157 2943/2682/2157
f 2918/2686/2158 2970/2685/2158 2944/2684/2158
f 2918/2686/2159 2993/2687/2159 2970/2685/2159
f 2918/2686/2160 2945/2654/2160 2993/2687/2160
f 2948/2688/2161 2971/2689/2161 2947/2690/2161
f 2948/2688/2162 2949/2657/2162 2971/2689/2162
f 115/2691/2163 2974/2692/2163 2922/2693/2163
f 2923/2613/2164 2976/2694/2164 2952/2662/2164
f 2925/2614/2165 2977/2664/2165 2954/2695/2165
f 2956/2638/2166 2980/2696/2166 2979/2697/2166
f 2957/2639/2167 3001/2698/2167 2981/2665/2167
f 2958/2621/2168 3002/2699/2168 2982/2666/2168
f 2930/2641/2169 2983/2667/2169 2958/2621/2169
f 2931/2576/2170 2984/2700/2170 2959/2668/2170
f 2960/2701/2171 3004/2702/2171 2931/2576/2171
f 2962/2625/2172 3006/2703/2172 2933/2645/2172
f 2934/2646/2173 3006/2703/2173 2962/2625/2173
f 2963/2704/2174 3009/2705/2174 2935/2647/2174
f 2936/2672/2175 2964/2671/2175 3009/2705/2175
f 2911/2648/2176 2987/2706/2176 2986/2649/2176
f 2937/2707/2177 2988/2708/2177 2987/2706/2177
f 2965/2709/2178 2988/2708/2178 2937/2707/2178
f 2966/2674/2179 3011/2710/2179 2965/2709/2179
f 2968/2678/2180 2990/2677/2180 2989/2650/2180
f 2941/2679/2181 2969/2683/2181 3033/2711/2181
f 2943/2682/2182 2970/2685/2182 3015/2712/2182
f 2996/2713/2183 5/2714/2183 2975/2660/2183
f 2952/2662/2184 2976/2694/2184 2996/2713/2184
f 2977/2664/2185 2998/2715/2185 2954/2695/2185
f 2955/2716/2186 3000/2717/2186 2978/2718/2186
f 2979/2697/2187 3000/2717/2187 2955/2716/2187
f 2958/2621/2188 2983/2667/2188 3002/2699/2188
f 2903/2623/2189 2984/2700/2189 3003/2719/2189
f 2964/2671/2190 3027/2720/2190 3009/2705/2190
f 2986/2649/2191 3010/2721/2191 3027/2720/2191
f 2987/2706/2192 2988/2708/2192 3010/2721/2192
f 2989/2650/2193 3013/2722/2193 3012/2723/2193
f 2990/2677/2194 3014/2724/2194 2989/2650/2194
f 2991/2680/2195 3032/2725/2195 2990/2677/2195
f 2974/2692/2196 3042/2726/2196 2995/2727/2196
f 2974/2692/2197 116/2728/2197 3042/2726/2197
f 5/2714/2198 2996/2713/2198 4/2729/2198
f 2979/2697/2199 3018/2730/2199 3000/2717/2199
f 2979/2697/2200 3019/2731/2200 3018/2730/2200
f 2981/2665/2201 3068/2732/2201 3067/2733/2201
f 2981/2665/2202 3097/2734/2202 3068/2732/2202
f 2982/2666/2203 3046/2735/2203 3001/2698/2203
f 2982/2666/2204 3020/2736/2204 3046/2735/2204
f 3002/2699/2205 3021/2737/2205 3020/2736/2205
f 2983/2667/2206 3047/2738/2206 3021/2737/2206
f 2983/2667/2207 3003/2719/2207 3047/2738/2207
f 3005/2739/2208 3048/2740/2208 3004/2702/2208
f 3008/2741/2209 3024/2742/2209 3007/2670/2209
f 3025/2743/2210 3051/2744/2210 3008/2741/2210
f 3009/2705/2211 3026/2745/2211 3025/2743/2211
f 3011/2710/2212 3028/2746/2212 2988/2708/2212
f 3013/2722/2213 3031/2747/2213 3030/2748/2213
f 2991/2680/2214 3033/2711/2214 3032/2725/2214
f 2969/2683/2215 3034/2749/2215 3033/2711/2215
f 2992/2750/2216 3035/2751/2216 3034/2749/2216
f 3015/2712/2217 3035/2751/2217 2992/2750/2217
f 2993/2687/2218 3091/2752/2218 3037/2753/2218
f 2971/2689/2219 3061/2754/2219 3060/2755/2219
f 2994/2756/2220 3039/2757/2220 3061/2754/2220
f 3042/2726/2221 3062/2758/2221 3041/2759/2221
f 3017/2760/2222 3064/2761/2222 2996/2713/2222
f 3017/2760/2223 3096/2762/2223 3064/2761/2223
f 3017/2760/2223 2998/2715/2223 3096/2762/2223
f 2999/2763/2224 3043/2764/2224 3096/2762/2224
f 3000/2717/2225 3043/2764/2225 2999/2763/2225
f 3018/2730/2226 3043/2764/2226 3000/2717/2226
f 3020/2736/2227 3021/2737/2227 3046/2735/2227
f 3003/2719/2228 3048/2740/2228 3047/2738/2228
f 3004/2702/2229 3048/2740/2229 3003/2719/2229
f 3008/2741/2230 3076/2765/2230 3024/2742/2230
f 3011/2710/2231 3054/2766/2231 3028/2746/2231
f 3029/2767/2232 3104/2768/2232 3011/2710/2232
f 3030/2748/2233 3081/2769/2233 3029/2767/2233
f 3031/2747/2234 3081/2769/2234 3030/2748/2234
f 3032/2725/2235 3056/2770/2235 3014/2724/2235
f 3034/2749/2236 3058/2771/2236 3033/2711/2236
f 3035/2751/2237 3058/2771/2237 3034/2749/2237
f 3037/2753/2238 3090/2772/2238 3059/2773/2238
f 2996/2713/2239 3063/2774/2239 4/2729/2239
f 3045/2775/2240 3066/2776/2240 3065/2777/2240
f 3046/2735/2241 3098/2778/2241 3001/2698/2241
f 3021/2737/2242 3069/2779/2242 3046/2735/2242
f 3047/2738/2243 3070/2780/2243 3069/2779/2243
f 3048/2740/2244 3071/2781/2244 3070/2780/2244
f 3050/2782/2245 3075/2783/2245 3049/2784/2245
f 3025/2743/2246 3078/2785/2246 3051/2744/2246
f 3052/2786/2247 3079/2787/2247 3026/2745/2247
f 3052/2786/2248 3103/2788/2248 3166/2789/2248
f 3081/2769/2249 3104/2768/2249 3029/2767/2249
f 3031/2747/2250 3082/2790/2250 3081/2769/2250
f 3031/2747/2251 3055/2791/2251 3082/2790/2251
f 3014/2724/2252 3056/2770/2252 3055/2791/2252
f 3057/2792/2253 3084/2793/2253 3083/2794/2253
f 3033/2711/2254 3085/2795/2254 3057/2792/2254
f 3035/2751/2255 3087/2796/2255 3058/2771/2255
f 3038/2797/2256 3092/2798/2256 3091/2752/2256
f 3060/2755/2257 3061/2754/2257 3092/2798/2257
f 3040/2799/2258 3062/2758/2258 3110/2800/2258
f 3043/2764/2259 3113/2801/2259 3096/2762/2259
f 3044/2802/2260 3113/2801/2260 3043/2764/2260
f 3065/2777/2261 3113/2801/2261 3044/2802/2261
f 3045/2775/2262 3136/2803/2262 3115/2804/2262
f 3067/2733/2263 3068/2732/2263 3136/2803/2263
f 3073/2805/2264 3100/2806/2264 3072/2807/2264
f 3073/2805/2265 3101/2808/2265 3100/2806/2265
f 3074/2809/2266 3101/2808/2266 3073/2805/2266
f 3075/2783/2267 3101/2808/2267 3074/2809/2267
f 3050/2782/2268 3102/2810/2268 3075/2783/2268
f 3076/2765/2269 3102/2810/2269 3050/2782/2269
f 3166/2789/2270 3145/2811/2270 3079/2787/2270
f 3082/2790/2250 3105/2812/2250 3081/2769/2250
f 3083/2794/2271 3123/2813/2271 3056/2770/2271
f 3084/2793/2272 3106/2814/2272 3083/2794/2272
f 3091/2752/2273 3092/2798/2273 3175/2815/2273
f 3061/2754/2274 3093/2816/2274 3128/2817/2274
f 3039/2757/2275 3155/2818/2275 3154/2819/2275
f 3113/2801/2276 3114/2820/2276 3131/2821/2276
f 3065/2777/2277 3114/2820/2277 3113/2801/2277
f 3068/2732/2278 3116/2822/2278 3136/2803/2278
f 3098/2778/2279 3099/2823/2279 3117/2824/2279
f 3069/2779/2280 3118/2825/2280 3140/2826/2280
f 3100/2806/2281 3119/2827/2281 3071/2781/2281
f 3104/2768/2282 3166/2789/2282 3103/2788/2282
f 3104/2768/2283 3105/2812/2283 3146/2828/2283
f 3082/2790/2284 3147/2829/2284 3105/2812/2284
f 3106/2814/2285 3149/2830/2285 3083/2794/2285
f 3085/2795/2286 3125/2831/2286 3084/2793/2286
f 3086/2832/2287 3151/2833/2287 3107/2834/2287
f 3089/2835/2288 3174/2836/2288 3108/2837/2288
f 3175/2815/2289 3174/2836/2289 3089/2835/2289
f 3094/2838/2290 3154/2819/2290 3129/2839/2290
f 3110/2800/2291 3111/2840/2291 3155/2818/2291
f 3096/2762/2292 3178/2841/2292 3112/2842/2292
f 3113/2801/2293 3131/2821/2293 3130/2843/2293
f 3114/2820/2294 3132/2844/2294 3131/2821/2294
f 3114/2820/2295 3133/2845/2295 3132/2844/2295
f 3116/2822/2296 3137/2846/2296 3136/2803/2296
f 3139/2847/2297 3138/2848/2297 3099/2823/2297
f 3118/2825/2298 3160/2849/2298 3140/2826/2298
f 3119/2827/2299 3141/2850/2299 3070/2780/2299
f 3120/2851/2300 3142/2852/2300 3100/2806/2300
f 3101/2808/2301 3121/2853/2301 3161/2854/2301
f 3121/2853/2302 3102/2810/2302 3163/2855/2302
f 3078/2785/2303 3122/2856/2303 3144/2857/2303
f 3106/2814/2304 3150/2858/2304 3172/2859/2304
f 3125/2831/2305 3150/2858/2305 3106/2814/2305
f 3127/2860/2306 3152/2861/2306 3126/2862/2306
f 3127/2860/2307 3173/2863/2307 3152/2861/2307
f 3109/2864/2308 3176/2865/2308 3092/2798/2308
f 3128/2817/2309 3129/2839/2309 3216/2866/2309
f 3154/2819/2310 3217/2867/2310 3129/2839/2310
f 3111/2840/2311 3156/2868/2311 3155/2818/2311
f 3134/2869/2312 3065/2777/2312 3200/2870/2312
f 3139/2847/2313 3182/2871/2313 3203/2872/2313
f 3160/2849/2314 3182/2871/2314 3140/2826/2314
f 3163/2855/2315 3162/2873/2315 3121/2853/2315
f 3144/2857/2316 3164/2874/2316 3077/2875/2316
f 3166/2789/2317 3165/2876/2317 3145/2811/2317
f 3148/2877/2318 3169/2878/2318 3147/2829/2318
f 3151/2833/2319 3190/2879/2319 3125/2831/2319
f 3151/2833/2320 3126/2862/2320 3190/2879/2320
f 3152/2861/2321 3173/2863/2321 3191/2880/2321
f 3127/2860/2322 3215/2881/2322 3173/2863/2322
f 3153/2882/2323 3215/2881/2323 3127/2860/2323
f 3217/2867/2324 3216/2866/2324 3129/2839/2324
f 3155/2818/2325 3156/2868/2325 3196/2883/2325
f 3112/2842/2326 3238/2884/2326 3157/2885/2326
f 3130/2843/2327 3158/2886/2327 3241/2887/2327
f 3065/2777/2328 3179/2888/2328 3200/2870/2328
f 3138/2848/2329 3203/2872/2329 3180/2889/2329
f 3142/2852/2330 3184/2890/2330 3183/2891/2330
f 3162/2873/2331 3184/2890/2331 3161/2854/2331
f 3164/2874/2332 3206/2892/2332 3162/2873/2332
f 3164/2874/2333 3185/2893/2333 3207/2894/2333
f 3165/2876/2334 3185/2893/2334 3144/2857/2334
f 3165/2876/2335 3186/2895/2335 3185/2893/2335
f 3190/2879/2336 3191/2880/2336 3212/2896/2336
f 3174/2836/2337 3194/2897/2337 3153/2882/2337
f 3176/2865/2338 3216/2866/2338 3195/2898/2338
f 3133/2845/2339 3199/2899/2339 3198/2900/2339
f 3133/2845/2340 3200/2870/2340 3199/2899/2340
f 3159/2901/2341 3180/2889/2341 3201/2902/2341
f 3182/2871/2342 3204/2903/2342 3181/2904/2342
f 3182/2871/2343 3183/2891/2343 3204/2903/2343
f 3167/2905/2344 3209/2906/2344 3208/2907/2344
f 3187/2908/2345 3209/2906/2345 3168/2909/2345
f 3169/2878/2346 3210/2910/2346 3187/2908/2346
f 3169/2878/2347 3230/2911/2347 3229/2912/2347
f 3189/2913/2348 3211/2914/2348 3188/2915/2348
f 3189/2913/2349 3231/2916/2349 3211/2914/2349
f 3189/2913/2350 3190/2879/2350 3231/2916/2350
f 3192/2917/2351 3214/2918/2351 3213/2919/2351
f 3194/2897/2352 3215/2881/2352 3153/2882/2352
f 3156/2868/2353 121/2920/2353 122/2921/2353
f 3/2922/2354 3177/2923/2354 2/2924/2354
f 3178/2841/2355 3241/2887/2355 3240/2925/2355
f 3198/2900/2356 3199/2899/2356 3258/2926/2356
f 3200/2870/2357 3219/2927/2357 3199/2899/2357
f 3179/2888/2358 3259/2928/2358 3243/2929/2358
f 3201/2902/2359 3202/2930/2359 3259/2928/2359
f 3180/2889/2360 3220/2931/2360 3244/2932/2360
f 3180/2889/2361 3221/2933/2361 3220/2931/2361
f 3181/2904/2362 3222/2934/2362 3221/2933/2362
f 3181/2904/2363 3223/2935/2363 3222/2934/2363
f 3184/2890/2364 3246/2936/2364 3183/2891/2364
f 3226/2937/2365 3225/2938/2365 3206/2892/2365
f 3227/2939/2366 3247/2940/2366 3226/2937/2366
f 3186/2895/2367 3227/2939/2367 3185/2893/2367
f 3186/2895/2368 3208/2907/2368 3227/2939/2368
f 3187/2908/2369 3249/2941/2369 3209/2906/2369
f 3212/2896/2370 3251/2942/2370 3190/2879/2370
f 3213/2919/2371 3233/2943/2371 3192/2917/2371
f 3237/2944/2372 3236/2945/2372 3217/2867/2372
f 3200/2870/2373 3243/2929/2373 3242/2946/2373
f 3223/2935/2374 3245/2947/2374 3222/2934/2374
f 3247/2940/2375 3266/2948/2375 3226/2937/2375
f 3227/2939/2376 3248/2949/2376 3247/2940/2376
f 3208/2907/2377 3248/2949/2377 3227/2939/2377
f 3210/2910/2378 3249/2941/2378 3187/2908/2378
f 3229/2912/2379 3230/2911/2379 3269/2950/2379
f 3212/2896/2380 3253/2951/2380 3252/2952/2380
f 3212/2896/2381 3232/2953/2381 3253/2951/2381
f 3234/2954/2382 3254/2955/2382 3215/2881/2382
f 3235/2956/2383 3255/2957/2383 3195/2898/2383
f 3238/2884/2384 3274/2958/2384 2/2924/2384
f 3241/2887/2385 3314/2959/2385 3240/2925/2385
f 3242/2946/2386 3278/2960/2386 3277/2961/2386
f 3222/2934/2387 3262/2962/2387 3221/2933/2387
f 3222/2934/2388 3245/2947/2388 3262/2962/2388
f 3225/2938/2389 3283/2963/2389 3265/2964/2389
f 3225/2938/2390 3284/2965/2390 3283/2963/2390
f 3248/2949/2391 3267/2966/2391 3247/2940/2391
f 3249/2941/2392 3269/2950/2392 3287/2967/2392
f 3250/2968/2393 3288/2969/2393 3269/2950/2393
f 3211/2914/2394 3288/2969/2394 3250/2968/2394
f 3211/2914/2395 3231/2916/2395 3288/2969/2395
f 3251/2942/2396 3270/2970/2396 3231/2916/2396
f 3251/2942/2397 3252/2952/2397 3289/2971/2397
f 3232/2953/2398 3290/2972/2398 3253/2951/2398
f 3233/2943/2399 3290/2972/2399 3232/2953/2399
f 3213/2919/2400 3337/2973/2400 3233/2943/2400
f 3193/2974/2401 3271/2975/2401 3338/2976/2401
f 3215/2881/2402 3254/2955/2402 3271/2975/2402
f 3236/2945/2403 3272/2977/2403 3235/2956/2403
f 3256/2978/2404 3272/2977/2404 3236/2945/2404
f 3239/2979/2405 3274/2958/2405 3257/2980/2405
f 3259/2928/2406 3294/2981/2406 3293/2982/2406
f 3260/2983/2407 3279/2984/2407 3294/2981/2407
f 3245/2947/2408 3300/2985/2408 3298/2986/2408
f 3263/2987/2409 3281/2988/2409 3224/2989/2409
f 3265/2964/2410 3282/2990/2410 3264/2991/2410
f 3267/2966/2411 3305/2992/2411 3266/2948/2411
f 3268/2993/2412 3287/2967/2412 3286/2994/2412
f 3270/2970/2413 3309/2995/2413 3231/2916/2413
f 3255/2957/2414 3291/2996/2414 3234/2954/2414
f 3239/2979/2415 3275/2997/2415 3274/2958/2415
f 3279/2984/2416 3295/2998/2416 3294/2981/2416
f 3261/2999/2417 3295/2998/2417 3279/2984/2417
f 3261/2999/2418 3296/3000/2418 3295/2998/2418
f 3280/3001/2419 3301/3002/2419 3300/2985/2419
f 3283/2963/2420 3302/3003/2420 3282/2990/2420
f 3305/2992/2421 3303/3004/2421 3284/2965/2421
f 3305/2992/2422 3304/3005/2422 3303/3004/2422
f 3287/2967/2423 3306/3006/2423 3286/2994/2423
f 3287/2967/2424 3307/3007/2424 3306/3006/2424
f 3288/2969/2425 3323/3008/2425 3307/3007/2425
f 3254/2955/2426 3291/2996/2426 3271/2975/2426
f 3255/2957/2427 3272/2977/2427 3291/2996/2427
f 3292/3009/2428 3313/3010/2428 3275/2997/2428
f 3292/3009/2429 3314/2959/2429 3313/3010/2429
f 3297/3011/2430 3330/3012/2430 3318/3013/2430
f 3301/3002/2431 3331/3014/2431 3319/3015/2431
f 3301/3002/2432 3320/3016/2432 3331/3014/2432
f 3303/3004/2433 3321/3017/2433 3302/3003/2433
f 3304/3005/2434 3321/3017/2434 3303/3004/2434
f 3286/2994/2435 3322/3018/2435 3285/3019/2435
f 3308/3020/2436 3324/3021/2436 3288/2969/2436
f 3309/2995/2437 3335/3022/2437 3308/3020/2437
f 3270/2970/2438 3344/3023/2438 3309/2995/2438
f 3270/2970/2439 3310/3024/2439 3344/3023/2439
f 3291/2996/2440 3325/3025/2440 3271/2975/2440
f 3272/2977/2441 3326/3026/2441 3291/2996/2441
f 3313/3010/2442 145/3027/2442 3274/2958/2442
f 3313/3010/2443 3327/3028/2443 145/3027/2443
f 3314/2959/2444 3327/3028/2444 3313/3010/2444
f 3314/2959/2445 3315/3029/2445 143/3030/2445
f 3295/2998/2446 3340/3031/2446 3294/2981/2446
f 3295/2998/2447 3296/3000/2447 3340/3031/2447
f 3319/3015/2448 3331/3014/2448 3330/3012/2448
f 3304/3005/2449 3356/3032/2449 3321/3017/2449
f 3286/2994/2450 3334/3033/2450 3322/3018/2450
f 3286/2994/2451 3306/3006/2451 3334/3033/2451
f 3323/3008/2452 3324/3021/2452 3343/3034/2452
f 3311/3035/2453 3336/3036/2453 3310/3024/2453
f 3290/2972/2454 3360/3037/2454 3311/3035/2454
f 3290/2972/2455 129/3038/2455 3360/3037/2455
f 3312/3039/2456 3339/3040/2456 3338/2976/2456
f 3312/3039/2457 3325/3025/2457 3339/3040/2457
f 3326/3026/2458 3362/3041/2458 3325/3025/2458
f 3340/3031/2459 3345/3042/2459 3328/3043/2459
f 3296/3000/2460 3329/3044/2460 3340/3031/2460
f 3330/3012/2461 3342/3045/2461 3341/3046/2461
f 3331/3014/2462 3349/3047/2462 3342/3045/2462
f 3335/3022/2463 3351/3048/2463 3324/3021/2463
f 3337/2973/2464 3361/3049/2464 3233/2943/2464
f 3338/2976/2465 128/3050/2465 3337/2973/2465
f 3327/3028/2466 144/3051/2466 145/3027/2466
f 143/3030/2467 144/3051/2467 3327/3028/2467
f 3328/3043/2468 3345/3042/2468 140/3052/2468
f 3340/3031/2469 3329/3044/2469 3347/3053/2469
f 3335/3022/2470 3344/3023/2470 3352/3054/2470
f 3338/2976/2471 3339/3040/2471 127/3055/2471
f 124/3056/2472 125/3057/2472 3354/3058/2472
f 140/3052/2473 3277/2961/2473 3317/3059/2473
f 3346/3060/2474 140/3052/2474 3345/3042/2474
f 3350/3061/2475 3358/3062/2475 3357/3063/2475
f 3351/3048/2476 3352/3054/2476 3358/3062/2476
f 3352/3054/2477 3359/3064/2477 132/3065/2477
f 3344/3023/2478 3359/3064/2478 3352/3054/2478
f 3353/3066/2479 3359/3064/2479 3344/3023/2479
f 3326/3026/2480 126/3067/2480 3362/3041/2480
f 46/9/2481 178/6/2481 45/4/2481
f 48/3068/2482 147/13/2482 179/10/2482
f 49/3069/2483 148/95/2483 48/3068/2483
f 51/3070/2484 208/65/2484 50/3071/2484
f 52/3072/2485 180/63/2485 51/3070/2485
f 151/3073/2486 150/66/2486 53/3074/2486
f 54/17/2487 182/70/2487 152/3075/2487
f 55/3076/2488 153/15/2488 54/17/2488
f 56/3077/2489 153/15/2489 55/3076/2489
f 58/3078/2490 155/21/2490 57/3079/2490
f 59/3080/2491 158/27/2491 157/25/2491
f 60/3081/2492 158/27/2492 59/3080/2492
f 160/31/2493 159/30/2493 158/27/2493
f 61/3082/2494 161/32/2494 160/31/2494
f 61/3082/2495 162/3083/2495 161/32/2495
f 67/3084/2496 170/44/2496 169/42/2496
f 68/3085/2497 171/46/2497 170/44/2497
f 69/3086/2498 171/46/2498 68/3085/2498
f 71/3087/2499 172/48/2499 70/3088/2499
f 72/3089/2500 195/50/2500 172/48/2500
f 79/3090/2501 173/54/2501 78/3091/2501
f 80/3092/2502 173/54/2502 79/3090/2502
f 81/3093/2503 174/58/2503 80/3092/2503
f 83/3094/2504 84/3095/2504 176/88/2504
f 203/62/2505 85/93/2505 232/60/2505
f 86/3096/2506 87/239/2506 364/204/2506
f 91/3097/2507 669/3098/2507 696/524/2507
f 92/570/2508 93/638/2508 741/571/2508
f 94/3099/2509 893/758/2509 93/638/2509
f 94/3099/2510 95/789/2510 893/758/2510
f 98/3100/2511 1225/989/2511 1025/836/2511
f 99/1161/2512 1313/1055/2512 1225/989/2512
f 107/3101/2513 1983/3102/2513 1924/3103/2513
f 108/3104/2514 109/3105/2514 2120/1899/2514
f 111/3106/2515 2324/3107/2515 2176/2013/2515
f 114/3108/2516 2737/2490/2516 2686/2433/2516
f 115/2691/2517 116/2728/2517 2974/2692/2517
f 3362/3041/2518 127/3055/2518 3339/3040/2518
f 3361/3049/2519 128/3050/2519 129/3038/2519
f 129/3038/2520 130/3109/2520 3360/3037/2520
f 3360/3037/2521 130/3109/2521 131/3110/2521
f 3360/3037/2522 131/3110/2522 3359/3064/2522
f 3356/3032/2523 134/3111/2523 135/3112/2523
f 3356/3032/2524 135/3112/2524 136/3113/2524
f 3356/3032/2525 136/3113/2525 3355/3114/2525
f 3355/3114/2526 137/3115/2526 138/3116/2526
f 3347/3053/2527 140/3052/2527 3346/3060/2527
f 3277/2961/2528 141/3117/2528 142/3118/2528
f 3274/2958/2529 145/3027/2529 2/2924/2529
f 3157/2885/2530 3/2922/2530 4/2729/2530
f 8/2570/2531 2951/2659/2531 7/3119/2531
f 2562/2334/2532 10/2377/2532 11/3120/2532
f 13/3121/2533 2475/2249/2533 12/3122/2533
f 15/3123/2534 2355/2157/2534 14/2159/2534
f 16/2072/2535 2355/2157/2535 15/3123/2535
f 18/1962/2536 2234/1961/2536 17/3124/2536
f 1895/1594/2537 20/3125/2537 21/3126/2537
f 1433/1223/2538 26/3127/2538 27/3128/2538
f 28/3129/2539 1314/1108/2539 27/3128/2539
f 29/1086/2540 1314/1108/2540 28/3129/2540
f 30/3130/2541 1077/893/2541 29/1086/2541
f 31/839/2542 1077/893/2542 30/3130/2542
f 34/3131/2543 874/656/2543 33/736/2543
f 35/506/2544 721/505/2544 34/3131/2544
f 601/475/2545 35/506/2545 36/3132/2545
f 601/475/2546 36/3132/2546 37/3133/2546
f 554/391/2547 37/3133/2547 38/3134/2547
f 46/9/2548 47/12/2548 234/11/2548
f 149/3135/2549 207/97/2549 148/95/2549
f 191/82/2550 190/79/2550 163/3136/2550 164/36/2550
f 151/3073/2551 181/68/2551 150/66/2551
f 151/3073/2552 152/3075/2552 181/68/2552
f 152/3075/2553 182/70/2553 181/68/2553
f 54/17/2554 212/16/2554 182/70/2554
f 153/15/2555 154/18/2555 183/20/2555
f 154/18/2556 185/22/2556 184/19/2556
f 155/21/2557 247/24/2557 185/22/2557
f 157/25/2558 158/27/2558 187/29/2558
f 159/30/2559 160/31/2559 189/33/2559
f 162/3083/2560 163/3136/2560 190/79/2560
f 197/53/2561 196/86/2561 74/3137/2561 75/3138/2561
f 164/36/2562 192/35/2562 191/82/2562
f 166/37/2563 193/39/2563 192/35/2563
f 195/50/2564 74/3137/2564 196/86/2564
f 236/140/2565 269/136/2565 206/14/2565 147/13/2565
f 75/3138/2566 76/51/2566 197/53/2566
f 173/54/2567 231/56/2567 78/3091/2567
f 174/58/2568 175/3139/2568 201/90/2568
f 176/88/2569 84/3095/2569 202/91/2569
f 84/3095/2570 203/62/2570 202/91/2570
f 178/6/2571 268/8/2571 204/5/2571
f 179/10/2572 235/135/2572 234/11/2572
f 179/10/2573 206/14/2573 235/135/2573
f 217/78/2574 162/3083/2574 190/79/2574 218/81/2574
f 180/63/2575 209/67/2575 271/98/2575
f 150/66/2576 210/69/2576 209/67/2576
f 181/68/2577 241/71/2577 210/69/2577
f 153/15/2578 213/99/2578 212/16/2578
f 153/15/2579 183/20/2579 213/99/2579
f 183/20/2580 214/73/2580 213/99/2580
f 184/19/2581 215/74/2581 214/73/2581
f 157/25/2582 187/29/2582 186/26/2582
f 187/29/2583 216/76/2583 250/3140/2583
f 161/32/2584 162/3083/2584 217/78/2584
f 222/106/2585 192/35/2585 193/39/2585 223/85/2585
f 190/79/2586 191/82/2586 219/80/2586
f 192/35/2587 221/105/2587 220/83/2587
f 192/35/2588 222/106/2588 221/105/2588
f 225/3141/2589 224/84/2589 194/40/2589 168/41/2589
f 193/39/2590 194/40/2590 224/84/2590
f 228/108/2591 260/3142/2591 170/44/2591 229/47/2591
f 168/41/2592 226/43/2592 225/3141/2592
f 226/43/2593 227/45/2593 259/3143/2593
f 227/45/2594 170/44/2594 260/3142/2594
f 231/56/2595 262/52/2595 76/51/2595 77/3144/2595
f 237/138/2596 236/140/2596 147/13/2596 238/96/2596
f 77/3144/2597 78/3091/2597 231/56/2597
f 204/5/2598 233/159/2598 41/3145/2598
f 206/14/2599 269/136/2599 235/135/2599
f 240/114/2600 209/67/2600 210/69/2600 272/115/2600
f 208/65/2601 239/64/2601 207/97/2601
f 209/67/2602 240/114/2602 271/98/2602
f 244/100/2603 213/99/2603 214/73/2603 245/118/2603
f 210/69/2604 241/71/2604 272/115/2604
f 241/71/2605 211/72/2605 242/142/2605
f 211/72/2606 243/3146/2606 242/142/2606
f 211/72/2607 212/16/2607 243/3146/2607
f 212/16/2608 244/100/2608 243/3146/2608
f 249/3147/2609 186/26/2609 187/29/2609 250/3140/2609
f 214/73/2610 246/101/2610 245/118/2610
f 185/22/2611 247/24/2611 215/74/2611
f 276/122/2612 188/28/2612 159/30/2612 189/33/2612
f 250/3140/2613 216/76/2613 251/121/2613
f 257/3148/2614 224/84/2614 225/3141/2614 308/130/2614
f 189/33/2615 253/77/2615 252/124/2615
f 219/80/2616 254/104/2616 218/81/2616
f 219/80/2617 220/83/2617 254/104/2617
f 223/85/2618 257/3148/2618 256/107/2618
f 223/85/2619 224/84/2619 257/3148/2619
f 258/128/2620 308/130/2620 225/3141/2620 226/43/2620
f 281/3149/2621 259/3143/2621 227/45/2621 260/3142/2621
f 226/43/2622 259/3143/2622 258/128/2622
f 293/3150/2623 271/98/2623 240/114/2623 321/116/2623
f 195/50/2624 311/109/2624 261/49/2624
f 196/86/2625 283/110/2625 230/87/2625
f 197/53/2626 262/52/2626 284/3151/2626
f 231/56/2627 263/133/2627 262/52/2627
f 231/56/2628 198/55/2628 285/132/2628
f 201/90/2629 287/89/2629 174/58/2629
f 176/88/2630 265/92/2630 287/89/2630
f 265/92/2631 202/91/2631 266/61/2631
f 85/93/2632 289/3152/2632 288/94/2632
f 204/5/2633 268/8/2633 233/159/2633
f 205/7/2634 291/161/2634 268/8/2634
f 205/7/2635 234/11/2635 515/240/2635
f 273/117/2636 241/71/2636 242/142/2636 295/144/2636
f 300/169/2637 250/3140/2637 251/121/2637 275/3153/2637
f 243/3146/2638 296/143/2638 242/142/2638
f 244/100/2639 324/3154/2639 243/3146/2639
f 244/100/2640 274/119/2640 324/3154/2640
f 246/101/2641 215/74/2641 274/119/2641
f 250/3140/2642 300/169/2642 249/3147/2642
f 305/127/2643 222/106/2643 256/107/2643 306/175/2643
f 301/102/2644 188/28/2644 302/123/2644
f 253/77/2645 277/125/2645 252/124/2645
f 255/103/2646 305/127/2646 278/126/2646
f 354/150/2647 306/175/2647 256/107/2647 257/3148/2647
f 354/150/2648 257/3148/2648 308/130/2648 279/148/2648
f 280/152/2649 309/129/2649 259/3143/2649 281/3149/2649
f 258/128/2650 259/3143/2650 309/129/2650
f 282/131/2651 281/3149/2651 260/3142/2651 228/108/2651
f 283/110/2652 197/53/2652 284/3151/2652 312/200/2652
f 230/87/2653 283/110/2653 311/109/2653
f 336/181/2654 313/198/2654 262/52/2654 263/133/2654
f 262/52/2655 313/198/2655 284/3151/2655
f 286/182/2656 285/132/2656 198/55/2656 264/111/2656
f 270/113/2657 207/97/2657 239/64/2657 320/185/2657
f 174/58/2658 287/89/2658 200/59/2658
f 232/60/2659 288/94/2659 267/112/2659
f 233/159/2660 268/8/2660 290/157/2660
f 234/11/2661 235/135/2661 292/137/2661
f 236/140/2662 318/139/2662 269/136/2662
f 320/185/2663 239/64/2663 271/98/2663 293/3150/2663
f 327/189/2664 274/119/2664 247/24/2664 298/192/2664
f 273/117/2665 295/144/2665 294/141/2665
f 243/3146/2666 297/167/2666 296/143/2666
f 243/3146/2667 324/3154/2667 297/167/2667
f 274/119/2668 326/191/2668 324/3154/2668
f 298/192/2669 247/24/2669 248/75/2669 299/120/2669
f 299/120/2670 186/26/2670 249/3147/2670 300/169/2670
f 303/145/2671 277/125/2671 254/104/2671 304/147/2671
f 276/122/2672 252/124/2672 331/146/2672
f 252/124/2673 277/125/2673 303/145/2673
f 358/155/2674 335/153/2674 281/3149/2674 282/131/2674
f 278/126/2675 305/127/2675 304/147/2675
f 305/127/2676 306/175/2676 332/176/2676
f 280/152/2677 281/3149/2677 335/153/2677
f 314/179/2678 263/133/2678 285/132/2678 315/183/2678
f 311/109/2679 283/110/2679 312/200/2679
f 284/3151/2680 313/198/2680 312/200/2680
f 263/133/2681 314/179/2681 336/181/2681
f 363/205/2682 288/94/2682 289/3152/2682 317/203/2682
f 200/59/2683 287/89/2683 316/134/2683
f 40/3155/2684 41/3145/2684 233/159/2684 365/158/2684
f 339/164/2685 319/163/2685 237/138/2685 238/96/2685
f 342/209/2686 321/116/2686 272/115/2686 343/165/2686
f 328/3156/2687 349/194/2687 300/169/2687 275/3153/2687
f 324/3154/2688 323/188/2688 297/167/2688
f 324/3154/2689 326/191/2689 325/3157/2689
f 274/119/2690 327/189/2690 326/191/2690
f 328/3156/2691 275/3153/2691 251/121/2691 372/172/2691
f 323/188/2692 324/3154/2692 325/3157/2692 369/3158/2692
f 301/102/2693 302/123/2693 330/173/2693
f 276/122/2694 331/146/2694 351/214/2694
f 304/147/2695 352/174/2695 303/145/2695
f 305/127/2696 332/176/2696 352/174/2696
f 279/148/2697 445/178/2697 333/177/2697
f 308/130/2698 334/151/2698 445/178/2698
f 309/129/2699 335/153/2699 334/151/2699
f 261/49/2700 311/109/2700 310/156/2700
f 311/109/2701 360/195/2701 310/156/2701
f 311/109/2702 379/196/2702 360/195/2702
f 311/109/2703 312/200/2703 379/196/2703
f 266/61/2704 267/112/2704 316/134/2704
f 290/157/2705 337/160/2705 365/158/2705
f 515/240/2706 234/11/2706 627/222/2706
f 318/139/2707 338/184/2707 269/136/2707
f 270/113/2708 340/186/2708 339/164/2708
f 320/185/2709 341/206/2709 340/186/2709
f 320/185/2710 293/3150/2710 341/206/2710
f 293/3150/2711 321/116/2711 341/206/2711
f 321/116/2712 342/209/2712 341/206/2712
f 294/141/2713 345/166/2713 344/187/2713
f 296/143/2714 346/3159/2714 345/166/2714
f 296/143/2715 322/168/2715 346/3159/2715
f 374/3160/2716 331/146/2716 303/145/2716 352/174/2716
f 326/191/2717 370/190/2717 325/3157/2717
f 301/102/2718 330/173/2718 350/318/2718
f 351/214/2719 331/146/2719 374/3160/2719
f 357/233/2720 356/3161/2720 334/151/2720 335/153/2720
f 352/174/2721 332/176/2721 353/217/2721
f 332/176/2722 354/150/2722 353/217/2722
f 334/151/2723 355/256/2723 445/178/2723
f 334/151/2724 356/3161/2724 355/256/2724
f 403/330/2725 267/112/2725 288/94/2725 363/205/2725
f 335/153/2726 358/155/2726 357/233/2726
f 336/181/2727 401/180/2727 380/199/2727
f 314/179/2728 428/261/2728 401/180/2728
f 314/179/2729 381/201/2729 428/261/2729
f 316/134/2730 430/219/2730 286/182/2730
f 316/134/143 267/112/143 362/220/143
f 267/112/2731 403/330/2731 362/220/2731
f 385/245/2732 341/206/2732 342/209/2732 386/208/2732
f 365/158/2733 337/160/2733 366/162/2733
f 292/137/2734 269/136/2734 338/184/2734
f 341/206/2735 385/245/2735 367/207/2735
f 390/247/2736 322/168/2736 323/188/2736 369/3158/2736
f 345/166/2737 346/3159/2737 368/210/2737
f 346/3159/2738 389/225/2738 368/210/2738
f 416/250/2739 369/3158/2739 325/3157/2739 370/190/2739
f 382/237/2740 315/183/2740 361/202/2740 402/263/2740
f 348/170/2741 391/213/2741 371/212/2741
f 328/3156/2742 392/228/2742 349/194/2742
f 328/3156/2743 372/172/2743 392/228/2743
f 301/102/2744 350/318/2744 329/171/2744
f 330/173/2745 373/215/2745 350/318/2745
f 330/173/2746 276/122/2746 373/215/2746
f 353/217/2747 376/3162/2747 352/174/2747
f 353/217/2748 443/216/2748 376/3162/2748
f 356/3161/2749 357/233/2749 398/234/2749
f 357/233/2750 358/155/2750 377/218/2750
f 310/156/2751 360/195/2751 378/197/2751
f 312/200/2752 380/199/2752 379/196/2752
f 381/201/2753 315/183/2753 382/237/2753
f 408/265/2754 339/164/2754 340/186/2754 384/266/2754
f 361/202/2755 430/219/2755 402/263/2755
f 403/330/2756 363/205/2756 383/307/2756
f 363/205/2757 404/221/2757 383/307/2757
f 338/184/2758 319/163/2758 407/242/2758
f 319/163/2759 339/164/2759 407/242/2759
f 339/164/2760 408/265/2760 407/242/2760
f 390/247/2761 389/225/2761 346/3159/2761 322/168/2761
f 340/186/2762 367/207/2762 384/266/2762
f 367/207/2763 385/245/2763 384/266/2763
f 344/187/2764 345/166/2764 387/211/2764
f 440/293/2765 394/251/2765 351/214/2765 374/3160/2765
f 347/193/2766 371/212/2766 418/226/2766
f 349/194/2767 419/3163/2767 391/213/2767
f 349/194/2768 392/228/2768 419/3163/2768
f 350/318/2769 457/320/2769 329/171/2769
f 373/215/2770 351/214/2770 394/251/2770
f 446/280/2771 397/255/2771 356/3161/2771 398/234/2771
f 352/174/2772 395/230/2772 374/3160/2772
f 375/229/2773 352/174/2773 376/3162/2773
f 333/177/2774 420/232/2774 443/216/2774
f 333/177/2775 445/178/2775 396/231/2775
f 355/256/2776 356/3161/2776 397/255/2776
f 400/235/2777 399/257/2777 359/154/2777 310/156/2777
f 377/218/2778 359/154/2778 399/257/2778
f 413/271/2779 387/211/2779 388/224/2779 414/272/2779
f 379/196/2780 425/236/2780 378/197/2780
f 381/201/2781 448/238/2781 428/261/2781
f 205/7/2782 406/241/2782 366/162/2782
f 292/137/2783 338/184/2783 431/243/2783
f 385/245/2784 409/268/2784 384/266/2784
f 385/245/2785 410/244/2785 409/268/2785
f 461/298/2786 442/278/2786 376/3162/2786 443/216/2786
f 389/225/2787 415/248/2787 388/224/2787
f 369/3158/2788 416/250/2788 390/247/2788
f 373/215/2789 458/252/2789 350/318/2789
f 376/3162/2790 442/278/2790 375/229/2790
f 424/3164/2791 400/235/2791 378/197/2791 468/302/2791
f 398/234/2792 377/218/2792 423/258/2792
f 399/257/2793 400/235/2793 424/3164/2793
f 438/291/2794 437/274/2794 417/249/2794 418/226/2794
f 378/197/2795 425/236/2795 468/302/2795
f 401/180/2796 428/261/2796 427/260/2796
f 382/237/2797 429/264/2797 448/238/2797
f 404/221/2798 449/305/2798 383/307/2798
f 411/223/2799 434/285/2799 386/208/2799
f 411/223/2800 454/270/2800 434/285/2800
f 390/247/2801 435/273/2801 415/248/2801
f 416/250/2802 436/275/2802 435/273/2802
f 416/250/2803 417/249/2803 436/275/2803
f 440/293/2804 374/3160/2804 395/230/2804 441/277/2804
f 419/3163/2805 480/292/2805 391/213/2805
f 419/3163/2806 392/228/2806 439/276/2806
f 394/251/2807 440/293/2807 458/252/2807
f 469/3165/2808 427/260/2808 428/261/2808 447/262/2808
f 420/232/2809 421/253/2809 444/323/2809
f 421/253/2810 464/279/2810 444/323/2810
f 491/3166/2811 404/221/2811 87/239/2811 450/3167/2811
f 451/313/2812 409/268/2812 410/244/2812 452/311/2812
f 292/137/2813 492/283/2813 627/222/2813
f 408/265/2814 472/284/2814 431/243/2814
f 409/268/2815 451/313/2815 433/269/2815
f 452/311/2816 410/244/2816 386/208/2816 495/335/2816
f 495/335/2817 386/208/2817 434/285/2817 453/286/2817
f 475/287/2818 454/270/2818 412/246/2818 413/271/2818
f 469/3165/2819 487/303/2819 426/259/2819 427/260/2819
f 435/273/2820 436/275/2820 455/3168/2820
f 436/275/2821 498/336/2821 455/3168/2821
f 436/275/2822 477/289/2822 498/336/2822
f 418/226/2823 391/213/2823 456/290/2823
f 393/227/2824 329/171/2824 457/320/2824
f 441/277/2825 504/296/2825 482/321/2825
f 441/277/2826 442/278/2826 504/296/2826
f 442/278/2827 461/298/2827 460/295/2827
f 443/216/2828 463/324/2828 462/297/2828
f 443/216/2829 420/232/2829 463/324/2829
f 422/254/2830 465/300/2830 464/279/2830
f 422/254/2831 445/178/2831 466/299/2831
f 445/178/2832 397/255/2832 466/299/2832
f 399/257/2833 424/3164/2833 467/325/2833
f 424/3164/2834 468/302/2834 467/325/2834
f 479/401/2835 437/274/2835 438/291/2835 499/3169/2835
f 447/262/2836 487/303/2836 469/3165/2836
f 429/264/2837 430/219/2837 470/304/2837
f 362/220/2838 403/330/2838 513/282/2838
f 449/305/2839 490/308/2839 471/306/2839
f 406/241/2840 515/240/2840 366/162/2840
f 432/267/2841 473/310/2841 472/284/2841
f 451/313/2842 474/312/2842 433/269/2842
f 437/274/2843 479/401/2843 478/316/2843
f 480/292/2844 419/3163/2844 439/276/2844 500/356/2844
f 438/291/2845 456/290/2845 499/3169/2845
f 456/290/2846 520/317/2846 499/3169/2846
f 514/332/2847 528/331/2847 403/330/2847 383/307/2847
f 441/277/2848 502/322/2848 459/294/2848
f 462/297/2849 463/324/2849 483/341/2849
f 465/300/2850 466/299/2850 508/360/2850
f 423/258/2851 399/257/2851 485/326/2851
f 467/325/2852 468/302/2852 486/345/2852
f 426/259/2853 511/327/2853 468/302/2853
f 448/238/2854 488/281/2854 487/303/2854
f 493/350/2855 431/243/2855 472/284/2855 494/333/2855
f 471/306/2856 490/308/2856 514/332/2856
f 404/221/2857 491/3166/2857 490/308/2857
f 492/283/2858 431/243/2858 493/350/2858
f 517/334/2859 453/286/2859 475/287/2859 496/314/2859
f 452/311/2860 495/335/2860 474/312/2860
f 518/354/2861 435/273/2861 455/3168/2861 498/336/2861
f 500/356/2862 393/227/2862 457/320/2862 521/338/2862
f 439/276/2863 393/227/2863 500/356/2863
f 506/342/2864 505/358/2864 460/295/2864 461/298/2864
f 458/252/2865 501/339/2865 481/319/2865
f 459/294/2866 546/380/2866 522/377/2866
f 459/294/2867 502/322/2867 546/380/2867
f 504/296/2868 460/295/2868 505/358/2868
f 532/368/2869 491/3166/2869 450/3167/2869 88/366/2869
f 461/298/2870 462/297/2870 506/342/2870
f 464/279/2871 507/343/2871 444/323/2871
f 423/258/2872 509/344/2872 484/301/2872
f 485/326/2873 467/325/2873 510/346/2873
f 468/302/2874 511/327/2874 486/345/2874
f 487/303/2875 527/364/2875 526/347/2875
f 487/303/2876 488/281/2876 512/328/2876
f 430/219/2877 513/282/2877 575/3170/2877
f 491/3166/2878 531/390/2878 490/308/2878
f 491/3166/2879 532/368/2879 531/390/2879
f 561/375/2880 479/401/2880 499/3169/2880 520/317/2880
f 405/392/2881 365/158/2881 577/348/2881
f 474/312/2882 516/351/2882 473/310/2882
f 495/335/2883 517/334/2883 516/351/2883
f 517/334/2884 496/314/2884 539/353/2884
f 496/314/2885 476/288/2885 540/352/2885
f 552/388/2886 512/328/2886 470/304/2886 489/329/2886
f 459/294/2887 522/377/2887 501/339/2887
f 502/322/2888 503/340/2888 523/379/2888
f 506/342/2889 483/341/2889 549/359/2889
f 483/341/2890 463/324/2890 549/359/2890
f 508/360/2891 592/362/2891 465/300/2891
f 466/299/2892 484/301/2892 524/363/2892
f 510/346/2893 486/345/2893 525/405/2893
f 584/399/2894 519/337/2894 477/289/2894 559/3171/2894
f 489/329/2895 430/219/2895 575/3170/2895
f 528/331/2896 514/332/2896 529/409/2896
f 514/332/2897 576/431/2897 529/409/2897
f 514/332/2898 530/365/2898 576/431/2898
f 492/283/2899 493/350/2899 534/369/2899
f 494/333/2900 473/310/2900 535/415/2900
f 516/351/2901 536/371/2901 473/310/2901
f 517/334/2902 538/396/2902 537/370/2902
f 517/334/2903 539/353/2903 538/396/2903
f 539/353/2904 540/352/2904 557/3172/2904
f 559/3171/2905 477/289/2905 478/316/2905 479/401/2905
f 588/465/2906 481/319/2906 501/339/2906 615/467/2906
f 520/317/2907 480/292/2907 543/374/2907
f 480/292/2908 562/357/2908 543/374/2908
f 562/357/2909 500/356/2909 544/376/2909
f 481/319/2910 588/465/2910 521/338/2910
f 567/384/2911 566/381/2911 505/358/2911 506/342/2911
f 501/339/2912 545/378/2912 615/467/2912
f 503/340/2913 547/403/2913 523/379/2913
f 503/340/2914 505/358/2914 548/382/2914
f 591/404/2915 549/359/2915 444/323/2915 550/385/2915
f 506/342/2916 549/359/2916 568/383/2916
f 575/3170/2917 513/282/2917 528/331/2917 598/3173/2917
f 485/326/2918 569/386/2918 509/344/2918
f 486/345/2919 572/387/2919 525/405/2919
f 557/3172/2920 540/352/2920 497/315/2920 558/372/2920
f 366/162/2921 515/240/2921 603/413/2921
f 473/310/2922 555/395/2922 535/415/2922
f 537/370/2923 556/397/2923 536/371/2923
f 560/400/2924 653/463/2924 559/3171/2924 479/401/2924
f 621/449/2925 524/363/2925 509/344/2925 569/386/2925
f 562/357/2926 564/402/2926 563/419/2926
f 547/403/2927 503/340/2927 565/3174/2927
f 503/340/2928 548/382/2928 565/3174/2928
f 572/387/2929 511/327/2929 526/347/2929 594/407/2929
f 510/346/2930 570/406/2930 569/386/2930
f 525/405/2931 572/387/2931 571/426/2931
f 608/458/2932 557/3172/2932 558/372/2932 583/461/2932
f 552/388/2933 596/429/2933 595/408/2933
f 552/388/2934 574/389/2934 596/429/2934
f 489/329/2935 575/3170/2935 574/389/2935
f 528/331/2936 643/410/2936 598/3173/2936
f 530/365/2937 599/453/2937 576/431/2937
f 530/365/2938 600/411/2938 599/453/2938
f 535/415/2939 580/414/2939 494/333/2939
f 538/396/2940 605/416/2940 556/397/2940
f 581/398/2941 539/353/2941 582/436/2941
f 539/353/2942 557/3172/2942 582/436/2942
f 557/3172/2943 608/458/2943 582/436/2943
f 584/399/2944 609/417/2944 541/355/2944 542/373/2944
f 558/372/2945 609/417/2945 583/461/2945
f 589/443/2946 545/378/2946 522/377/2946 590/423/2946
f 559/3171/2947 653/463/2947 584/399/2947
f 560/400/2948 585/418/2948 653/463/2948
f 543/374/2949 562/357/2949 586/439/2949
f 562/357/2950 612/420/2950 586/439/2950
f 544/376/2951 587/422/2951 564/402/2951
f 545/378/2952 589/443/2952 615/467/2952
f 598/3173/2953 573/430/2953 574/389/2953 575/3170/2953
f 565/3174/2954 548/382/2954 617/446/2954
f 567/384/2955 568/383/2955 639/424/2955
f 465/300/2956 619/425/2956 507/343/2956
f 524/363/2957 621/449/2957 551/361/2957
f 525/405/2958 593/427/2958 570/406/2958
f 572/387/2959 594/407/2959 571/426/2959
f 527/364/2960 595/408/2960 594/407/2960
f 595/408/2961 596/429/2961 624/497/2961
f 602/474/2962 601/475/2962 554/391/2962 577/348/2962
f 529/409/2963 626/432/2963 643/410/2963
f 89/412/2964 90/454/2964 600/411/2964
f 602/474/2965 577/348/2965 578/394/2965 647/456/2965
f 623/451/2966 622/450/2966 569/386/2966 570/406/2966
f 578/394/2967 579/393/2967 603/413/2967
f 627/222/2968 492/283/2968 628/433/2968
f 536/371/2969 604/434/2969 555/395/2969
f 556/397/2970 605/416/2970 604/434/2970
f 585/418/2971 543/374/2971 611/440/2971
f 563/419/2972 614/421/2972 613/441/2972
f 590/423/2973 546/380/2973 616/445/2973
f 547/403/2974 565/3174/2974 659/469/2974
f 548/382/2975 566/381/2975 617/446/2975
f 591/404/2976 550/385/2976 618/447/2976
f 550/385/2977 507/343/2977 618/447/2977
f 592/362/2978 551/361/2978 620/448/2978
f 645/501/2979 599/453/2979 600/411/2979 646/455/2979
f 594/407/2980 595/408/2980 624/497/2980
f 596/429/2981 625/452/2981 624/497/2981
f 573/430/2982 667/473/2982 597/428/2982
f 573/430/2983 598/3173/2983 667/473/2983
f 599/453/2984 645/501/2984 626/432/2984
f 633/482/2985 610/438/2985 584/399/2985 653/463/2985
f 515/240/2986 627/222/2986 603/413/2986
f 629/349/2987 494/333/2987 630/477/2987
f 605/416/2988 606/435/2988 631/457/2988
f 607/437/2989 582/436/2989 632/459/2989
f 608/458/2990 583/461/2990 671/460/2990
f 660/492/2991 659/469/2991 565/3174/2991 617/446/2991
f 611/440/2992 586/439/2992 674/485/2992
f 587/422/2993 521/338/2993 635/466/2993
f 589/443/2994 636/442/2994 615/467/2994
f 638/491/2995 617/446/2995 567/384/2995 639/424/2995
f 650/479/2996 649/508/2996 555/395/2996 604/434/2996
f 639/424/2997 591/404/2997 662/493/2997
f 620/448/2998 621/449/2998 640/471/2998
f 598/3173/2999 643/410/2999 667/473/2999
f 626/432/3000 692/3175/3000 643/410/3000
f 626/432/3001 644/503/3001 692/3175/3001
f 626/432/3002 645/501/3002 644/503/3002
f 646/455/3003 90/454/3003 696/524/3003
f 603/413/3004 627/222/3004 648/528/3004
f 628/433/3005 723/476/3005 627/222/3005
f 580/414/3006 555/395/3006 649/508/3006
f 656/510/3007 614/421/3007 564/402/3007 587/422/3007
f 604/434/3008 631/457/3008 651/478/3008
f 606/435/3009 652/480/3009 631/457/3009
f 609/417/3010 672/483/3010 671/460/3010
f 609/417/3011 610/438/3011 672/483/3011
f 585/418/3012 706/484/3012 654/462/3012
f 680/3176/3013 636/442/3013 590/423/3013 657/468/3013
f 681/513/3014 657/468/3014 616/445/3014 658/490/3014
f 665/495/3015 664/519/3015 622/450/3015 623/451/3015
f 616/445/3016 637/444/3016 658/490/3016
f 659/469/3017 660/492/3017 732/557/3017
f 638/491/3018 639/424/3018 661/517/3018
f 639/424/3019 662/493/3019 661/517/3019
f 619/425/3020 663/494/3020 618/447/3020
f 641/470/3021 622/450/3021 664/519/3021
f 700/595/3022 629/349/3022 630/477/3022 670/507/3022
f 593/427/3023 571/426/3023 686/563/3023
f 571/426/3024 687/496/3024 686/563/3024
f 643/410/3025 692/3175/3025 691/500/3025
f 645/501/3026 668/504/3026 693/502/3026
f 677/512/3027 635/466/3027 615/467/3027 781/579/3027
f 672/483/3028 633/482/3028 673/509/3028
f 633/482/3029 653/463/3029 706/484/3029
f 634/464/3030 674/485/3030 706/484/3030
f 655/486/3031 675/534/3031 674/485/3031
f 614/421/3032 708/511/3032 613/441/3032
f 587/422/3033 676/487/3033 656/510/3033
f 679/581/3034 678/488/3034 636/442/3034 680/3176/3034
f 615/467/3035 678/488/3035 781/579/3035
f 711/3177/3036 684/489/3036 637/444/3036 659/469/3036
f 657/468/3037 681/513/3037 680/3176/3037
f 712/518/3038 732/557/3038 660/492/3038 638/491/3038
f 713/520/3039 685/541/3039 640/471/3039 641/470/3039
f 620/448/3040 640/471/3040 685/541/3040
f 718/548/3041 692/3175/3041 644/503/3041 693/502/3041
f 665/495/3042 593/427/3042 686/563/3042
f 624/497/3043 688/521/3043 687/496/3043
f 689/498/3044 642/472/3044 690/522/3044
f 725/573/3045 652/480/3045 607/437/3045 773/481/3045
f 646/455/3046 695/525/3046 668/504/3046
f 647/456/3047 603/413/3047 698/526/3047
f 627/222/3048 844/552/3048 699/551/3048
f 723/476/3049 629/349/3049 700/595/3049
f 670/507/3050 649/508/3050 701/529/3050
f 651/478/3051 631/457/3051 702/530/3051
f 703/3178/3052 671/460/3052 672/483/3052 704/532/3052
f 671/460/3053 703/3178/3053 726/531/3053
f 777/3179/3054 586/439/3054 612/420/3054 708/511/3054
f 673/509/3055 706/484/3055 705/578/3055
f 586/439/3056 777/3179/3056 655/486/3056
f 728/3180/3057 656/510/3057 676/487/3057 729/536/3057
f 730/583/3058 680/3176/3058 681/513/3058 782/537/3058
f 710/538/3059 709/554/3059 682/514/3059 658/490/3059
f 757/540/3060 733/539/3060 661/517/3060 662/493/3060
f 684/489/3061 711/3177/3061 731/515/3061
f 659/469/3062 732/557/3062 711/3177/3062
f 714/562/3063 687/496/3063 688/521/3063 736/544/3063
f 620/448/3064 734/542/3064 663/494/3064
f 665/495/3065 686/563/3065 735/560/3065
f 687/496/3066 714/562/3066 686/563/3066
f 739/566/3067 691/500/3067 692/3175/3067 718/548/3067
f 689/498/3068 690/522/3068 716/565/3068
f 690/522/3069 666/499/3069 738/546/3069
f 691/500/3070 739/566/3070 717/545/3070
f 721/505/3071 647/456/3071 697/527/3071 796/591/3071
f 696/524/3072 669/3098/3072 92/570/3072
f 745/600/3073 650/479/3073 651/478/3073 702/530/3073
f 698/526/3074 648/528/3074 722/550/3074
f 648/528/3075 627/222/3075 722/550/3075
f 701/529/3076 650/479/3076 744/599/3076
f 705/578/3077 706/484/3077 707/533/3077 727/577/3077
f 702/530/3078 652/480/3078 745/600/3078
f 704/532/3079 673/509/3079 749/575/3079
f 673/509/3080 705/578/3080 749/575/3080
f 776/643/3081 707/533/3081 674/485/3081 750/535/3081
f 779/615/3082 708/511/3082 656/510/3082 728/3180/3082
f 655/486/3083 777/3179/3083 675/534/3083
f 785/584/3084 756/605/3084 711/3177/3084 732/557/3084
f 679/581/3085 680/3176/3085 730/583/3085
f 682/514/3086 753/555/3086 782/537/3086
f 762/559/3087 685/541/3087 713/520/3087 763/561/3087
f 795/568/3088 720/549/3088 696/524/3088 741/571/3088
f 713/520/3089 665/495/3089 763/561/3089
f 715/543/3090 689/498/3090 737/564/3090
f 690/522/3091 738/546/3091 716/565/3091
f 718/548/3092 768/608/3092 739/566/3092
f 718/548/3093 769/567/3093 768/608/3093
f 695/525/3094 720/549/3094 740/569/3094
f 745/600/3095 772/597/3095 744/599/3095 650/479/3095
f 700/595/3096 670/507/3096 743/572/3096
f 724/553/3097 701/529/3097 744/599/3097
f 801/614/3098 747/602/3098 726/531/3098 703/3178/3098
f 652/480/3099 746/574/3099 745/600/3099
f 726/531/3100 747/602/3100 773/481/3100
f 748/576/3101 801/614/3101 703/3178/3101 704/532/3101
f 778/3181/3102 803/667/3102 777/3179/3102 708/511/3102
f 707/533/3103 776/643/3103 727/577/3103
f 751/616/3104 728/3180/3104 729/536/3104 752/580/3104
f 708/511/3105 779/615/3105 778/3181/3105
f 779/615/3106 728/3180/3106 751/616/3106
f 754/3182/3107 683/516/3107 731/515/3107 783/620/3107
f 729/536/3108 677/512/3108 752/580/3108
f 710/538/3109 683/516/3109 754/3182/3109
f 755/618/3110 731/515/3110 711/3177/3110 784/621/3110
f 731/515/3111 755/618/3111 783/620/3111
f 760/626/3112 734/542/3112 762/559/3112 761/630/3112
f 759/558/3113 758/3183/3113 757/540/3113
f 793/631/3114 736/544/3114 737/564/3114 814/652/3114
f 822/592/3115 821/655/3115 742/657/3115 721/505/3115
f 737/564/3116 765/587/3116 814/652/3116
f 737/564/3117 716/565/3117 765/587/3117
f 694/523/3118 817/610/3118 769/567/3118
f 694/523/3119 668/504/3119 817/610/3119
f 695/525/3120 794/590/3120 668/504/3120
f 741/571/3121 93/638/3121 795/568/3121
f 776/643/3122 775/613/3122 749/575/3122 727/577/3122
f 697/527/3123 770/593/3123 796/591/3123
f 723/476/3124 896/596/3124 844/552/3124
f 748/576/3125 749/575/3125 775/613/3125
f 802/3184/3126 750/535/3126 675/534/3126 777/3179/3126
f 750/535/3127 802/3184/3127 776/643/3127
f 754/3182/3128 807/694/3128 753/555/3128 710/538/3128
f 782/537/3129 753/555/3129 807/694/3129
f 784/621/3130 711/3177/3130 756/605/3130 832/606/3130
f 809/650/3131 787/556/3131 733/539/3131 757/540/3131
f 785/584/3132 787/556/3132 786/624/3132
f 758/3183/3133 759/558/3133 663/494/3133 788/625/3133
f 760/626/3134 788/625/3134 663/494/3134 734/542/3134
f 790/3185/3135 789/628/3135 762/559/3135 791/585/3135
f 761/630/3136 762/559/3136 789/628/3136
f 792/3186/3137 714/562/3137 736/544/3137 812/633/3137
f 764/586/3138 714/562/3138 792/3186/3138
f 877/737/3139 743/572/3139 724/553/3139 824/611/3139
f 736/544/3140 793/631/3140 812/633/3140
f 738/546/3141 815/607/3141 765/587/3141
f 767/588/3142 739/566/3142 840/609/3142
f 743/572/3143 877/737/3143 700/595/3143
f 798/601/3144 746/574/3144 773/481/3144 799/612/3144
f 724/553/3145 744/599/3145 824/611/3145
f 772/597/3146 798/601/3146 797/639/3146
f 851/645/3147 778/3181/3147 779/615/3147 804/617/3147
f 747/602/3148 801/614/3148 800/642/3148
f 777/3179/3149 826/668/3149 802/3184/3149
f 777/3179/3150 803/667/3150 826/668/3150
f 778/3181/3151 851/645/3151 803/667/3151
f 830/672/3152 754/3182/3152 783/620/3152 808/619/3152
f 780/604/3153 781/579/3153 828/3187/3153
f 781/579/3154 829/649/3154 828/3187/3154
f 781/579/3155 805/582/3155 829/649/3155
f 730/583/3156 806/648/3156 805/582/3156
f 730/583/3157 782/537/3157 806/648/3157
f 782/537/3158 807/694/3158 806/648/3158
f 833/725/3159 785/584/3159 786/624/3159 834/3188/3159
f 755/618/3160 831/622/3160 808/619/3160
f 785/584/3161 833/725/3161 832/606/3161
f 811/677/3162 810/676/3162 791/585/3162 764/586/3162
f 757/540/3163 758/3183/3163 809/650/3163
f 758/3183/3164 788/625/3164 809/650/3164
f 761/630/3165 835/629/3165 760/626/3165
f 791/585/3166 810/676/3166 790/3185/3166
f 812/633/3167 811/677/3167 764/586/3167 792/3186/3167
f 839/680/3168 766/589/3168 767/588/3168 840/609/3168
f 765/587/3169 815/607/3169 814/652/3169
f 871/707/3170 668/504/3170 794/590/3170 818/713/3170
f 825/663/3171 845/662/3171 797/639/3171 798/601/3171
f 794/590/3172 819/637/3172 818/713/3172
f 794/590/3173 795/568/3173 819/637/3173
f 823/594/3174 875/658/3174 796/591/3174
f 771/598/3175 772/597/3175 899/640/3175
f 850/666/3176 776/643/3176 802/3184/3176 826/668/3176
f 798/601/3177 799/612/3177 825/663/3177
f 799/612/3178 774/603/3178 880/641/3178
f 838/682/3179 815/607/3179 766/589/3179 839/680/3179
f 780/604/3180 828/3187/3180 827/3189/3180
f 754/3182/3181 830/672/3181 807/694/3181
f 808/619/3182 831/622/3182 830/672/3182
f 811/677/3183 812/633/3183 836/651/3183
f 793/631/3184 837/653/3184 813/632/3184
f 814/652/3185 815/607/3185 838/682/3185
f 846/664/3186 825/663/3186 799/612/3186 847/688/3186
f 816/634/3187 841/705/3187 868/654/3187
f 823/594/3188 843/714/3188 875/658/3188
f 823/594/3189 876/660/3189 843/714/3189
f 827/3189/3190 828/3187/3190 829/649/3190 854/671/3190
f 799/612/3191 848/665/3191 847/688/3191
f 800/642/3192 775/613/3192 849/644/3192
f 886/673/3193 830/672/3193 831/622/3193 857/675/3193
f 806/648/3194 807/694/3194 928/692/3194
f 830/672/3195 856/674/3195 807/694/3195
f 933/696/3196 859/623/3196 787/556/3196 809/650/3196
f 832/606/3197 887/727/3197 857/675/3197
f 834/3188/3198 858/728/3198 833/725/3198
f 834/3188/3199 786/624/3199 888/697/3199
f 911/698/3200 790/3185/3200 810/676/3200 861/678/3200
f 789/628/3201 790/3185/3201 911/698/3201
f 869/733/3202 816/634/3202 817/610/3202 870/635/3202
f 811/677/3203 836/651/3203 862/679/3203
f 814/652/3204 838/682/3204 863/701/3204
f 838/682/3205 864/681/3205 863/701/3205
f 839/680/3206 866/683/3206 865/704/3206
f 839/680/3207 840/609/3207 866/683/3207
f 868/654/3208 867/706/3208 866/683/3208
f 816/634/3209 869/733/3209 841/705/3209
f 892/709/3210 870/635/3210 668/504/3210 871/707/3210
f 873/684/3211 820/636/3211 93/638/3211 893/758/3211
f 871/707/3212 818/713/3212 872/710/3212
f 818/713/3213 819/637/3213 873/684/3213
f 874/656/3214 821/655/3214 822/592/3214 894/685/3214
f 852/646/3215 804/617/3215 853/647/3215 905/691/3215
f 822/592/3216 796/591/3216 894/685/3216
f 896/596/3217 700/595/3217 877/737/3217
f 771/598/3218 878/686/3218 897/661/3218
f 845/662/3219 846/664/3219 879/687/3219
f 848/665/3220 880/641/3220 900/717/3220
f 849/644/3221 850/666/3221 882/690/3221
f 850/666/3222 903/719/3222 882/690/3222
f 852/646/3223 883/722/3223 851/645/3223
f 890/700/3224 837/653/3224 814/652/3224 937/702/3224
f 854/671/3225 855/670/3225 907/746/3225
f 855/670/3226 884/747/3226 907/746/3226
f 855/670/3227 806/648/3227 884/747/3227
f 806/648/3228 885/693/3228 884/747/3228
f 857/675/3229 887/727/3229 909/695/3229
f 832/606/3230 833/725/3230 887/727/3230
f 834/3188/3231 888/697/3231 858/728/3231
f 786/624/3232 859/623/3232 888/697/3232
f 809/650/3233 860/627/3233 935/783/3233
f 835/629/3234 911/698/3234 860/627/3234
f 861/678/3235 811/677/3235 889/699/3235
f 862/679/3236 813/632/3236 890/700/3236
f 895/812/3237 920/715/3237 876/660/3237 844/552/3237
f 864/681/3238 839/680/3238 891/703/3238
f 870/635/3239 892/709/3239 869/733/3239
f 818/713/3240 918/712/3240 872/710/3240
f 874/656/3241 894/685/3241 33/736/3241
f 902/720/3242 901/718/3242 881/689/3242 882/690/3242
f 844/552/3243 991/716/3243 895/812/3243
f 896/596/3244 877/737/3244 921/738/3244
f 824/611/3245 897/661/3245 877/737/3245
f 878/686/3246 899/640/3246 898/766/3246
f 879/687/3247 847/688/3247 922/767/3247
f 880/641/3248 881/689/3248 901/718/3248
f 910/751/3249 858/728/3249 888/697/3249 932/780/3249
f 852/646/3250 905/691/3250 883/722/3250
f 780/604/3251 827/3189/3251 927/723/3251
f 854/671/3252 907/746/3252 827/3189/3252
f 885/693/3253 928/692/3253 884/747/3253
f 856/674/3254 886/673/3254 908/724/3254
f 944/764/3255 898/766/3255 879/687/3255 922/767/3255
f 888/697/3256 933/696/3256 932/780/3256
f 935/783/3257 860/627/3257 961/753/3257
f 860/627/3258 911/698/3258 961/753/3258
f 890/700/3259 913/784/3259 862/679/3259
f 863/701/3260 914/3190/3260 937/702/3260
f 863/701/3261 915/730/3261 914/3190/3261
f 866/683/3262 867/706/3262 1019/731/3262
f 841/705/3263 869/733/3263 916/732/3263
f 892/709/3264 938/708/3264 916/732/3264
f 871/707/3265 939/711/3265 938/708/3265
f 872/710/3266 918/712/3266 917/734/3266
f 873/684/3267 893/758/3267 918/712/3267
f 842/659/3268 843/714/3268 919/760/3268
f 843/714/3269 920/715/3269 919/760/3269
f 899/640/3270 879/687/3270 898/766/3270
f 945/740/3271 922/767/3271 847/688/3271 900/717/3271
f 924/742/3272 923/739/3272 900/717/3272 901/718/3272
f 957/750/3273 909/695/3273 887/727/3273 931/726/3273
f 901/718/3274 902/720/3274 925/741/3274
f 902/720/3275 903/719/3275 925/741/3275
f 903/719/3276 950/744/3276 949/743/3276
f 906/669/3277 926/745/3277 905/691/3277
f 907/746/3278 954/748/3278 827/3189/3278
f 884/747/3279 928/692/3279 955/798/3279
f 928/692/3280 908/724/3280 929/802/3280
f 959/781/3281 932/780/3281 933/696/3281 960/827/3281
f 931/726/3282 858/728/3282 982/752/3282
f 932/780/3283 958/779/3283 910/751/3283
f 934/782/3284 933/696/3284 809/650/3284 935/783/3284
f 1026/869/3285 842/659/3285 919/760/3285 990/759/3285
f 889/699/3286 936/754/3286 912/729/3286
f 913/784/3287 890/700/3287 937/702/3287
f 865/704/3288 966/755/3288 915/730/3288
f 917/734/3289 918/712/3289 940/757/3289
f 893/758/3290 95/789/3290 941/756/3290
f 842/659/3291 1026/869/3291 32/735/3291
f 970/762/3292 968/761/3292 896/596/3292 921/738/3292
f 947/771/3293 946/769/3293 923/739/3293 924/742/3293
f 897/661/3294 878/686/3294 971/763/3294
f 878/686/3295 942/813/3295 971/763/3295
f 922/767/3296 945/740/3296 973/768/3296
f 954/748/3297 953/774/3297 927/723/3297 827/3189/3297
f 904/721/3298 951/772/3298 950/744/3298
f 926/745/3299 927/723/3299 953/774/3299
f 962/3191/3300 862/679/3300 913/784/3300 963/785/3300
f 884/747/3301 955/798/3301 954/748/3301
f 928/692/3302 929/802/3302 956/801/3302
f 908/724/3303 1007/776/3303 929/802/3303
f 931/726/3304 982/752/3304 957/750/3304
f 910/751/3305 1010/778/3305 982/752/3305
f 933/696/3306 934/782/3306 960/827/3306
f 862/679/3307 962/3191/3307 936/754/3307
f 965/786/3308 964/832/3308 914/3190/3308 915/730/3308
f 937/702/3309 914/3190/3309 964/832/3309
f 993/816/3310 943/765/3310 944/764/3310 973/768/3310
f 938/708/3311 988/787/3311 916/732/3311
f 939/711/3312 989/788/3312 988/787/3312
f 942/813/3313 878/686/3313 992/792/3313
f 976/818/3314 975/794/3314 949/743/3314 950/744/3314
f 946/769/3315 947/771/3315 974/795/3315
f 947/771/3316 948/770/3316 974/795/3316
f 948/770/3317 949/743/3317 975/794/3317
f 976/818/3318 950/744/3318 951/772/3318 998/796/3318
f 979/800/3319 978/822/3319 954/748/3319 955/798/3319
f 953/774/3320 1002/797/3320 977/775/3320
f 983/777/3321 958/779/3321 959/781/3321 984/858/3321
f 955/798/3322 928/692/3322 980/799/3322
f 930/749/3323 957/750/3323 981/803/3323
f 957/750/3324 982/752/3324 981/803/3324
f 1013/829/3325 961/753/3325 912/729/3325 985/805/3325
f 934/782/3326 1013/829/3326 1011/828/3326
f 934/782/3327 961/753/3327 1013/829/3327
f 1027/811/3328 990/759/3328 920/715/3328 895/812/3328
f 937/702/3329 964/832/3329 963/785/3329
f 1000/847/3330 999/3192/3330 998/796/3330 952/773/3330
f 970/762/3331 971/763/3331 1028/814/3331
f 942/813/3332 992/792/3332 972/793/3332
f 993/816/3333 1087/841/3333 943/765/3333
f 973/768/3334 946/769/3334 994/815/3334
f 946/769/3335 974/795/3335 994/815/3335
f 974/795/3336 975/794/3336 995/817/3336
f 975/794/3337 996/820/3337 995/817/3337
f 975/794/3338 976/818/3338 996/820/3338
f 976/818/3339 998/796/3339 997/819/3339
f 1006/851/3340 1005/825/3340 980/799/3340 956/801/3340
f 952/773/3341 977/775/3341 1000/847/3341
f 977/775/3342 1001/821/3342 1000/847/3342
f 1002/797/3343 954/748/3343 1003/823/3343
f 1009/826/3344 1008/804/3344 981/803/3344 982/752/3344
f 956/801/3345 1007/776/3345 1006/851/3345
f 1014/861/3346 962/3191/3346 963/785/3346 1015/3193/3346
f 960/827/3347 934/782/3347 1011/828/3347
f 962/3191/3348 1014/861/3348 936/754/3348
f 1016/863/3349 1015/3193/3349 963/785/3349 964/832/3349
f 1023/835/3350 941/756/3350 967/790/3350 1024/837/3350
f 965/786/3351 986/806/3351 1017/833/3351
f 986/806/3352 966/755/3352 1018/807/3352
f 988/787/3353 1021/834/3353 1020/808/3353
f 1055/870/3354 1028/814/3354 942/813/3354 972/793/3354
f 970/762/3355 1082/871/3355 969/791/3355
f 970/762/3356 1028/814/3356 1082/871/3356
f 1034/846/3357 996/820/3357 997/819/3357 1035/877/3357
f 972/793/3358 943/765/3358 1029/873/3358
f 943/765/3359 1030/842/3359 1029/873/3359
f 994/815/3360 995/817/3360 1031/844/3360
f 995/817/3361 996/820/3361 1033/845/3361
f 1036/878/3362 1035/877/3362 998/796/3362 999/3192/3362
f 997/819/3363 998/796/3363 1035/877/3363
f 1037/849/3364 1036/878/3364 999/3192/3364 1000/847/3364
f 1062/850/3365 1039/881/3365 1001/821/3365 1002/797/3365
f 1001/821/3366 1039/881/3366 1038/848/3366
f 1040/883/3367 978/822/3367 979/800/3367 1041/901/3367
f 1003/823/3368 978/822/3368 1040/883/3368
f 1041/901/3369 979/800/3369 1004/824/3369 1042/887/3369
f 1044/853/3370 1043/885/3370 1005/825/3370 1006/851/3370
f 1004/824/3371 1043/885/3371 1042/887/3371
f 1004/824/3372 1005/825/3372 1043/885/3372
f 1046/855/3373 1045/852/3373 1006/851/3373 1007/776/3373
f 1073/864/3374 1019/731/3374 987/809/3374 1074/865/3374
f 1008/804/3375 1047/3194/3375 1065/854/3375
f 1010/778/3376 983/777/3376 1009/826/3376
f 959/781/3377 1011/828/3377 1049/859/3377
f 1012/830/3378 1068/860/3378 1049/859/3378
f 985/805/3379 936/754/3379 1050/862/3379
f 1054/868/3380 1053/838/3380 32/735/3380 1026/869/3380
f 987/809/3381 1020/808/3381 1074/865/3381
f 1099/888/3382 1045/852/3382 1046/855/3382 1064/905/3382
f 990/759/3383 1080/895/3383 1054/868/3383
f 1030/842/3384 1056/3195/3384 1029/873/3384
f 994/815/3385 1031/844/3385 1087/841/3385
f 1031/844/3386 1057/875/3386 1087/841/3386
f 1031/844/3387 1032/843/3387 1057/875/3387
f 1032/843/3388 1033/845/3388 1058/874/3388
f 1035/877/3389 1060/879/3389 1059/876/3389
f 1037/849/3390 1092/880/3390 1060/879/3390
f 1038/848/3391 1061/882/3391 1092/880/3391
f 1039/881/3392 1062/850/3392 1061/882/3392
f 1003/823/3393 1094/884/3393 1062/850/3393
f 1042/887/3394 1063/886/3394 1041/901/3394
f 1043/885/3395 1044/853/3395 1099/888/3395
f 1044/853/3396 1045/852/3396 1099/888/3396
f 1066/932/3397 1047/3194/3397 1008/804/3397 1009/826/3397
f 1046/855/3398 1065/854/3398 1064/905/3398
f 1066/932/3399 1009/826/3399 1067/856/3399 1102/935/3399
f 1069/890/3400 1103/939/3400 1013/829/3400 985/805/3400
f 984/858/3401 1125/889/3401 1067/856/3401
f 1068/860/3402 1013/829/3402 1103/939/3402
f 1070/941/3403 1014/861/3403 1015/3193/3403 1071/908/3403
f 1050/862/3404 1014/861/3404 1070/941/3404
f 1071/908/3405 1015/3193/3405 1016/863/3405 1072/909/3405
f 1107/3196/3406 1074/865/3406 1021/834/3406 1075/866/3406
f 1074/865/3407 1107/3196/3407 1130/911/3407
f 1109/948/3408 1052/867/3408 1023/835/3408 1076/891/3408
f 1085/918/3409 1084/872/3409 1029/873/3409 1056/3195/3409
f 1025/836/3410 96/3197/3410 97/3198/3410
f 990/759/3411 1134/896/3411 1080/895/3411
f 1081/840/3412 969/791/3412 1135/916/3412
f 1055/870/3413 1083/897/3413 1082/871/3413
f 1086/3199/3414 1114/3200/3414 1030/842/3414 1087/841/3414
f 1056/3195/3415 1114/3200/3415 1085/918/3415
f 1056/3195/3416 1030/842/3416 1114/3200/3416
f 1089/921/3417 1058/874/3417 1059/876/3417 1090/924/3417
f 1057/875/3418 1088/898/3418 1087/841/3418
f 1058/874/3419 1089/921/3419 1088/898/3419
f 1118/954/3420 1061/882/3420 1062/850/3420 1119/975/3420
f 1059/876/3421 1091/899/3421 1090/924/3421
f 1060/879/3422 1092/880/3422 1091/899/3422
f 1061/882/3423 1118/954/3423 1093/900/3423
f 1106/912/3424 1105/964/3424 1017/833/3424 1073/864/3424
f 1062/850/3425 1094/884/3425 1119/975/3425
f 1040/883/3426 1095/902/3426 1094/884/3426
f 1041/901/3427 1063/886/3427 1096/904/3427
f 1063/886/3428 1099/888/3428 1097/903/3428
f 1099/888/3429 1098/929/3429 1097/903/3429
f 1064/905/3430 1065/854/3430 1123/906/3430
f 1065/854/3431 1047/3194/3431 1100/907/3431
f 1047/3194/3432 1066/932/3432 1101/934/3432
f 1067/856/3433 1125/889/3433 1102/935/3433
f 1071/908/3434 1104/910/3434 1070/941/3434
f 1051/831/3435 1017/833/3435 1105/964/3435
f 1108/944/3436 1022/810/3436 1052/867/3436 1109/948/3436
f 1073/864/3437 1074/865/3437 1130/911/3437
f 1107/3196/3438 1075/866/3438 1155/985/3438
f 1075/866/3439 1022/810/3439 1108/944/3439
f 1141/3201/3440 1086/3199/3440 1087/841/3440 1115/920/3440
f 1076/891/3441 1110/946/3441 1109/948/3441
f 1078/892/3442 1079/894/3442 1111/966/3442
f 1080/895/3443 1133/993/3443 1132/913/3443
f 1027/811/3444 991/716/3444 1134/896/3444
f 969/791/3445 1082/871/3445 1113/915/3445
f 1082/871/3446 1138/917/3446 1113/915/3446
f 1084/872/3447 1139/919/3447 1083/897/3447
f 1116/922/3448 1089/921/3448 1090/924/3448 1143/951/3448
f 1149/933/3449 1124/931/3449 1100/907/3449 1047/3194/3449
f 1092/880/3450 1170/925/3450 1091/899/3450
f 1118/954/3451 1119/975/3451 1172/956/3451
f 1094/884/3452 1145/957/3452 1119/975/3452
f 1094/884/3453 1120/926/3453 1145/957/3453
f 1096/904/3454 1097/903/3454 1121/928/3454
f 1152/940/3455 1103/939/3455 1069/890/3455 1126/982/3455
f 1047/3194/3456 1101/934/3456 1149/933/3456
f 1127/942/3457 1126/982/3457 1050/862/3457 1070/941/3457
f 1069/890/3458 1050/862/3458 1126/982/3458
f 1141/3201/3459 1140/3202/3459 1085/918/3459 1114/3200/3459
f 1072/909/3460 1128/962/3460 1104/910/3460
f 1072/909/3461 1129/943/3461 1128/962/3461
f 1107/3196/3462 1186/1019/3462 1130/911/3462
f 1107/3196/3463 1155/985/3463 1186/1019/3463
f 1075/866/3464 1131/945/3464 1155/985/3464
f 1109/948/3465 1188/947/3465 1108/944/3465
f 1079/894/3466 1132/913/3466 1111/966/3466
f 1080/895/3467 1134/896/3467 1133/993/3467
f 1081/840/3468 1135/916/3468 1112/914/3468
f 1135/916/3469 1137/969/3469 1136/968/3469
f 1135/916/3470 1113/915/3470 1137/969/3470
f 1113/915/3471 1138/917/3471 1137/969/3471
f 1085/918/3472 1140/3202/3472 1162/998/3472
f 1165/972/3473 1115/920/3473 1088/898/3473 1142/950/3473
f 1114/3200/3474 1086/3199/3474 1141/3201/3474
f 1115/920/3475 1165/972/3475 1141/3201/3475
f 1148/3203/3476 1147/3204/3476 1124/931/3476 1149/933/3476
f 1093/900/3477 1171/955/3477 1170/925/3477
f 1122/930/3478 1123/906/3478 1209/979/3478
f 1123/906/3479 1124/931/3479 1147/3204/3479
f 1151/3205/3480 1049/859/3480 1068/860/3480 1152/940/3480
f 1150/937/3481 1125/889/3481 1182/961/3481
f 1049/859/3482 1214/1100/3482 1183/938/3482
f 1105/964/3483 1106/912/3483 1130/911/3483 1154/983/3483
f 1127/942/3484 1104/910/3484 1153/963/3484
f 1158/965/3485 1132/913/3485 1133/993/3485 1159/991/3485
f 1077/893/3486 1078/892/3486 1156/3206/3486
f 1078/892/3487 1111/966/3487 1156/3206/3487
f 1111/966/3488 1157/1056/3488 1156/3206/3488
f 1111/966/3489 1158/965/3489 1157/1056/3489
f 1162/998/3490 1195/1030/3490 1139/919/3490 1085/918/3490
f 1138/917/3491 1161/949/3491 1137/969/3491
f 1163/996/3492 1140/3202/3492 1141/3201/3492 1164/1000/3492
f 1140/3202/3493 1163/996/3493 1162/998/3493
f 1178/1046/3494 1209/979/3494 1123/906/3494 1147/3204/3494
f 1141/3201/3495 1165/972/3495 1164/1000/3495
f 1142/950/3496 1116/922/3496 1167/1002/3496
f 1116/922/3497 1168/973/3497 1167/1002/3497
f 1143/951/3498 1144/923/3498 1168/973/3498
f 1117/953/3499 1170/925/3499 1169/952/3499
f 1119/975/3500 1205/974/3500 1172/956/3500
f 1120/926/3501 1173/976/3501 1146/958/3501
f 1095/902/3502 1174/977/3502 1173/976/3502
f 1095/902/3503 1096/904/3503 1174/977/3503
f 1178/1046/3504 1148/3203/3504 1149/933/3504 1179/1009/3504
f 1147/3204/3505 1148/3203/3505 1178/1046/3505
f 1211/1012/3506 1102/935/3506 1150/937/3506 1212/980/3506
f 1149/933/3507 1180/1010/3507 1179/1009/3507
f 1149/933/3508 1066/932/3508 1180/1010/3508
f 1066/932/3509 1181/936/3509 1180/1010/3509
f 1102/935/3510 1211/1012/3510 1181/936/3510
f 1185/984/3511 1128/962/3511 1129/943/3511 1105/964/3511
f 1214/1100/3512 1049/859/3512 1151/3205/3512
f 1151/3205/3513 1152/940/3513 1273/1081/3513
f 1126/982/3514 1184/981/3514 1152/940/3514
f 1201/1033/3515 1169/952/3515 1170/925/3515 1202/1037/3515
f 1155/985/3516 1187/1020/3516 1186/1019/3516
f 1155/985/3517 1222/986/3517 1187/1020/3517
f 1108/944/3518 1188/947/3518 1131/945/3518
f 1110/946/3519 1076/891/3519 1189/988/3519
f 1025/836/3520 1190/990/3520 1024/837/3520
f 1160/970/3521 1137/969/3521 1194/995/3521
f 1139/919/3522 1195/1030/3522 1083/897/3522
f 1162/998/3523 1196/1028/3523 1195/1030/3523
f 1162/998/3524 1197/997/3524 1196/1028/3524
f 1164/1000/3525 1198/999/3525 1163/996/3525
f 1142/950/3526 1199/1001/3526 1166/971/3526
f 1142/950/3527 1167/1002/3527 1199/1001/3527
f 1168/973/3528 1144/923/3528 1200/1003/3528
f 1169/952/3529 1201/1033/3529 1200/1003/3529
f 1203/1005/3530 1202/1037/3530 1170/925/3530 1171/955/3530
f 1236/1038/3531 1205/974/3531 1146/958/3531 1267/1006/3531
f 1172/956/3532 1205/974/3532 1204/1004/3532
f 1207/1070/3533 1237/1042/3533 1175/959/3533 1176/927/3533
f 1173/976/3534 1174/977/3534 1206/1008/3534
f 1175/959/3535 1237/1042/3535 1174/977/3535
f 1217/1051/3536 1127/942/3536 1153/963/3536 1218/1049/3536
f 1176/927/3537 1177/960/3537 1207/1070/3537
f 1212/980/3538 1213/1014/3538 1244/1076/3538
f 1212/980/3539 1182/961/3539 1245/1013/3539
f 1214/1100/3540 1151/3205/3540 1215/1080/3540
f 1152/940/3541 1216/1015/3541 1273/1081/3541
f 1127/942/3542 1217/1051/3542 1184/981/3542
f 1218/1049/3543 1153/963/3543 1128/962/3543 1219/1017/3543
f 1154/983/3544 1130/911/3544 1186/1019/3544 1248/1021/3544
f 1250/1024/3545 1226/1057/3545 1157/1056/3545 1158/965/3545
f 1131/945/3546 1223/1022/3546 1222/986/3546
f 1188/947/3547 1249/1023/3547 1223/1022/3547
f 1077/893/3548 1156/3206/3548 1157/1056/3548
f 1255/3207/3549 1254/1027/3549 1083/897/3549 1195/1030/3549
f 1159/991/3550 1397/1025/3550 1191/992/3550
f 1229/1062/3551 1163/996/3551 1198/999/3551 1230/1064/3551
f 1195/1030/3552 1228/1029/3552 1255/3207/3552
f 1163/996/3553 1229/1062/3553 1197/997/3553
f 1230/1064/3554 1198/999/3554 1166/971/3554 1258/1065/3554
f 1232/3208/3555 1259/1032/3555 1168/973/3555 1200/1003/3555
f 1166/971/3556 1231/1031/3556 1258/1065/3556
f 1261/1117/3557 1200/1003/3557 1201/1033/3557 1291/1035/3557
f 1200/1003/3558 1261/1117/3558 1232/3208/3558
f 1233/1067/3559 1262/1034/3559 1201/1033/3559 1202/1037/3559
f 1242/1047/3560 1241/1073/3560 1178/1046/3560 1179/1009/3560
f 1202/1037/3561 1234/1036/3561 1233/1067/3561
f 1203/1005/3562 1235/1039/3562 1234/1036/3562
f 1203/1005/3563 1204/1004/3563 1235/1039/3563
f 1267/1006/3564 1173/976/3564 1330/1041/3564
f 1207/1070/3565 1177/960/3565 1238/1044/3565
f 1177/960/3566 1208/978/3566 1239/1043/3566
f 1208/978/3567 1209/979/3567 1240/1045/3567
f 1210/1011/3568 1180/1010/3568 1211/1012/3568 1243/1048/3568
f 1246/1083/3569 1184/981/3569 1217/1051/3569 1247/1050/3569
f 1212/980/3570 1244/1076/3570 1243/1048/3570
f 1215/1080/3571 1151/3205/3571 1273/1081/3571
f 1184/981/3572 1246/1083/3572 1216/1015/3572
f 1277/1103/3573 1221/1018/3573 1154/983/3573 1278/1105/3573
f 1220/1016/865 1276/1085/865 1219/1017/865
f 1221/1018/3574 1277/1103/3574 1220/1016/3574
f 1252/1061/3575 1194/995/3575 1161/949/3575 1253/3209/3575
f 1154/983/3576 1248/1021/3576 1278/1105/3576
f 1187/1020/3577 1222/986/3577 1279/1052/3577
f 1189/988/3578 1024/837/3578 1313/1055/3578
f 1225/989/3579 1313/1055/3579 1190/990/3579
f 1157/1056/3580 1280/1058/3580 1077/893/3580
f 1193/994/3581 1194/995/3581 1252/1061/3581
f 1288/1113/3582 1228/1029/3582 1197/997/3582 1256/1063/3582
f 1161/949/3583 1254/1027/3583 1253/3209/3583
f 1228/1029/3584 1287/1112/3584 1255/3207/3584
f 1228/1029/3585 1288/1113/3585 1287/1112/3585
f 1256/1063/3586 1229/1062/3586 1230/1064/3586 1257/1066/3586
f 1261/1117/3587 1260/1091/3587 1259/1032/3587 1232/3208/3587
f 1199/1001/3588 1259/1032/3588 1231/1031/3588
f 1270/3210/3589 1299/1128/3589 1242/1047/3589 1210/1011/3589
f 1233/1067/3590 1234/1036/3590 1263/1068/3590
f 1234/1036/3591 1235/1039/3591 1264/1069/3591
f 1236/1038/3592 1295/1122/3592 1235/1039/3592
f 1236/1038/3593 1265/1124/3593 1295/1122/3593
f 1236/1038/3594 1266/1040/3594 1265/1124/3594
f 1267/1006/3595 1296/1096/3595 1266/1040/3595
f 1237/1042/3596 1297/1072/3596 1268/1007/3596
f 1237/1042/3597 1207/1070/3597 1297/1072/3597
f 1240/1045/3598 1178/1046/3598 1269/1074/3598
f 1241/1073/3599 1242/1047/3599 1299/1128/3599
f 1276/1085/3600 1275/1101/3600 1247/1050/3600 1218/1049/3600
f 1210/1011/3601 1300/1075/3601 1270/3210/3601
f 1213/1014/3602 1245/1013/3602 1271/1079/3602
f 1216/1015/3603 1274/1084/3603 1273/1081/3603
f 1247/1050/3604 1275/1101/3604 1246/1083/3604
f 1308/1184/3605 1279/1052/3605 1222/986/3605 1309/3211/3605
f 1220/1016/3606 1277/1103/3606 1276/1085/3606
f 1248/1021/3607 1307/1135/3607 1278/1105/3607
f 1283/1059/3608 1282/1087/3608 1112/914/3608 1192/967/3608
f 1222/986/3609 1223/1022/3609 1309/3211/3609
f 1250/1024/3610 1191/992/3610 1281/1165/3610
f 1134/896/3611 1282/1087/3611 1397/1025/3611
f 1345/1139/3612 1254/1027/3612 1255/3207/3612 1286/3212/3612
f 1227/1026/3613 1284/1088/3613 1283/1059/3613
f 1251/1060/3614 1285/1089/3614 1284/1088/3614
f 1254/1027/3615 1345/1139/3615 1253/3209/3615
f 1289/1090/3616 1231/1031/3616 1259/1032/3616 1290/1092/3616
f 1255/3207/3617 1287/1112/3617 1286/3212/3617
f 1257/1066/3618 1258/1065/3618 1289/1090/3618
f 1293/1094/3619 1292/1120/3619 1262/1034/3619 1263/1068/3619
f 1291/1035/3620 1262/1034/3620 1292/1120/3620
f 1299/1128/3621 1332/1152/3621 1269/1074/3621 1241/1073/3621
f 1264/1069/3622 1235/1039/3622 1295/1122/3622
f 1239/1043/3623 1240/1045/3623 1298/1097/3623
f 1269/1074/3624 1332/1152/3624 1298/1097/3624
f 1301/1078/3625 1183/938/3625 1214/1100/3625 1302/1099/3625
f 1270/3210/3626 1300/1075/3626 1299/1128/3626
f 1243/1048/3627 1335/3213/3627 1300/1075/3627
f 1243/1048/3628 1336/1077/3628 1335/3213/3628
f 1336/1077/3629 1244/1076/3629 1359/1098/3629
f 1303/1132/3630 1273/1081/3630 1274/1084/3630 1304/1130/3630
f 1272/1082/3631 1273/1081/3631 1303/1132/3631
f 1304/1130/3632 1274/1084/3632 1246/1083/3632 1305/1102/3632
f 1318/1111/3633 1252/1061/3633 1253/3209/3633 1345/1139/3633
f 1278/1105/3634 1307/1135/3634 1341/1106/3634
f 1248/1021/3635 1343/1160/3635 1307/1135/3635
f 1248/1021/3636 1308/1184/3636 1343/1160/3636
f 1248/1021/3637 1279/1052/3637 1308/1184/3637
f 1223/1022/3638 1310/1054/3638 1309/3211/3638
f 1310/1054/3639 1394/1188/3639 1393/1218/3639
f 1310/1054/3640 1430/1186/3640 1394/1188/3640
f 1310/1054/3641 1311/1107/3641 1430/1186/3641
f 1280/1058/3642 1226/1057/3642 1315/1163/3642
f 1281/1165/3643 1191/992/3643 1316/1109/3643
f 1283/1059/3644 1317/1137/3644 1282/1087/3644
f 1283/1059/3645 1367/1110/3645 1317/1137/3645
f 1319/3214/3646 1286/3212/3646 1287/1112/3646 1346/1114/3646
f 1286/3212/3647 1319/3214/3647 1345/1139/3647
f 1369/1194/3648 1368/1191/3648 1284/1088/3648 1285/1089/3648
f 1256/1063/3649 1320/1141/3649 1288/1113/3649
f 1256/1063/3650 1321/1115/3650 1320/1141/3650
f 1289/1090/3651 1322/3215/3651 1321/1115/3651
f 1289/1090/3652 1323/1116/3652 1322/3215/3652
f 1290/1092/3653 1260/1091/3653 1324/1118/3653
f 1291/1035/3654 1326/1121/3654 1261/1117/3654
f 1292/1120/3655 1293/1094/3655 1327/1147/3655
f 1294/1093/3656 1264/1069/3656 1351/1123/3656
f 1266/1040/3657 1296/1096/3657 1329/1095/3657
f 1332/1152/3658 1299/1128/3658 1333/1153/3658
f 1299/1128/3659 1334/1127/3659 1333/1153/3659
f 1213/1014/3660 1271/1079/3660 1421/1156/3660
f 1304/1130/3661 1339/1133/3661 1338/1131/3661
f 1276/1085/3662 1363/1134/3662 1275/1101/3662
f 1306/1104/3663 1277/1103/3663 1340/1213/3663
f 1277/1103/3664 1341/1106/3664 1340/1213/3664
f 1343/1160/3665 1308/1184/3665 1391/1182/3665
f 1310/1054/3666 1393/1218/3666 1309/3211/3666
f 1311/1107/3667 1312/1053/3667 1364/3216/3667
f 1312/1053/3668 1313/1055/3668 1364/3216/3668
f 1314/1108/3669 1280/1058/3669 1344/3217/3669
f 1367/1110/3670 1284/1088/3670 1368/1191/3670
f 1349/1144/3671 1348/1143/3671 1321/1115/3671 1322/3215/3671
f 1285/1089/3672 1318/1111/3672 1369/1194/3672
f 1319/3214/3673 1346/1114/3673 1345/1139/3673
f 1288/1113/3674 1347/1142/3674 1346/1114/3674
f 1416/1207/3675 1238/1044/3675 1331/1126/3675 1478/1254/3675
f 1322/3215/3676 1323/1116/3676 1349/1144/3676
f 1290/1092/3677 1350/1145/3677 1349/1144/3677
f 1327/1147/3678 1293/1094/3678 1376/1149/3678
f 1293/1094/3679 1294/1093/3679 1376/1149/3679
f 1294/1093/3680 1351/1123/3680 1377/1148/3680
f 1295/1122/3681 1328/1125/3681 1351/1123/3681
f 1328/1125/3682 1266/1040/3682 1379/1150/3682
f 1330/1041/3683 1297/1072/3683 1415/1204/3683
f 1238/1044/3684 1416/1207/3684 1352/1071/3684
f 1356/3218/3685 1355/1177/3685 1334/1127/3685 1300/1075/3685
f 1331/1126/3686 1298/1097/3686 1353/1175/3686
f 1298/1097/3687 1332/1152/3687 1353/1175/3687
f 1332/1152/3688 1354/1154/3688 1353/1175/3688
f 1333/1153/3689 1334/1127/3689 1355/1177/3689
f 1357/3219/3690 1356/3218/3690 1300/1075/3690 1335/3213/3690
f 1358/1179/3691 1357/3219/3691 1335/3213/3691 1336/1077/3691
f 1385/3220/3692 1301/1078/3692 1302/1099/3692 1386/1157/3692
f 1336/1077/3693 1359/1098/3693 1358/1179/3693
f 1271/1079/3694 1301/1078/3694 1385/3220/3694
f 1361/1180/3695 1303/1132/3695 1338/1131/3695 1362/1158/3695
f 1272/1082/3696 1303/1132/3696 1361/1180/3696
f 1434/1164/3697 1344/3217/3697 1280/1058/3697 1315/1163/3697
f 1305/1102/3698 1363/1134/3698 1339/1133/3698
f 1305/1102/3699 1275/1101/3699 1363/1134/3699
f 1313/1055/3700 1395/1162/3700 1364/3216/3700
f 99/1161/3701 1396/1220/3701 1395/1162/3701
f 1402/1228/3702 1345/1139/3702 1346/1114/3702 1371/1168/3702
f 1226/1057/3703 1250/1024/3703 1365/1166/3703
f 1318/1111/3704 1370/1140/3704 1369/1194/3704
f 1345/1139/3705 1401/1230/3705 1370/1140/3705
f 1345/1139/3706 1402/1228/3706 1401/1230/3706
f 1372/1195/3707 1347/1142/3707 1320/1141/3707 1373/1170/3707
f 1415/1204/3708 1380/1174/3708 1329/1095/3708 1330/1041/3708
f 1320/1141/3709 1348/1143/3709 1373/1170/3709
f 1348/1143/3710 1349/1144/3710 1373/1170/3710
f 1349/1144/3711 1441/3221/3711 1406/1169/3711
f 1325/1119/3712 1374/1146/3712 1350/1145/3712
f 1374/1146/3713 1326/1121/3713 1375/1172/3713
f 1326/1121/3714 1327/1147/3714 1410/1171/3714
f 1351/1123/3715 1328/1125/3715 1378/1201/3715
f 1328/1125/3716 1379/1150/3716 1378/1201/3716
f 1387/1210/3717 1423/1212/3717 1362/1158/3717 1339/1133/3717
f 1297/1072/3718 1381/1151/3718 1415/1204/3718
f 1352/1071/3719 1416/1207/3719 1381/1151/3719
f 1333/1153/3720 1383/1178/3720 1354/1154/3720
f 1337/1129/3721 1421/1156/3721 1360/1155/3721
f 1271/1079/3722 1384/1260/3722 1421/1156/3722
f 1271/1079/3723 1385/3220/3723 1384/1260/3723
f 1361/1180/3724 1362/1158/3724 1423/1212/3724
f 1388/1266/3725 1387/1210/3725 1339/1133/3725 1363/1134/3725
f 1427/1242/3726 1392/1185/3726 1308/1184/3726 1309/3211/3726
f 1363/1134/3727 1389/1181/3727 1388/1266/3727
f 1341/1106/3728 1424/1159/3728 1340/1213/3728
f 1343/1160/3729 1390/1183/3729 1342/1136/3729
f 1400/1193/3730 1439/3222/3730 1368/1191/3730 1369/1194/3730
f 1309/3211/3731 1393/1218/3731 1427/1242/3731
f 1364/3216/3732 1395/1162/3732 1311/1107/3732
f 1314/1108/3733 1344/3217/3733 1434/1164/3733
f 1434/1164/3734 1226/1057/3734 1435/1189/3734
f 1282/1087/3735 1398/1138/3735 1366/1167/3735
f 1367/1110/3736 1438/1226/3736 1317/1137/3736
f 1367/1110/3737 1399/1192/3737 1438/1226/3737
f 1403/1232/3738 1371/1168/3738 1347/1142/3738 1404/1196/3738
f 1418/1240/3739 1355/1177/3739 1356/3218/3739 1419/1255/3739
f 1373/1170/3740 1405/1234/3740 1372/1195/3740
f 1373/1170/3741 1406/1169/3741 1405/1234/3741
f 1349/1144/3742 1470/1197/3742 1441/3221/3742
f 1374/1146/3743 1408/1199/3743 1407/1198/3743
f 1410/1171/3744 1409/1235/3744 1375/1172/3744
f 1376/1149/3745 1377/1148/3745 1442/1200/3745
f 1351/1123/3746 1378/1201/3746 1411/1173/3746
f 1378/1201/3747 1379/1150/3747 1413/1203/3747
f 1379/1150/3748 1380/1174/3748 1414/1205/3748
f 1331/1126/3749 1353/1175/3749 1417/1208/3749
f 1355/1177/3750 1418/1240/3750 1383/1178/3750
f 1419/1255/3751 1356/3218/3751 1357/3219/3751 1480/1259/3751
f 1420/1209/3752 1480/1259/3752 1357/3219/3752 1358/1179/3752
f 1448/1265/3753 1386/1157/3753 1361/1180/3753 1423/1212/3753
f 1360/1155/3754 1481/1258/3754 1420/1209/3754
f 1360/1155/3755 1421/1156/3755 1481/1258/3755
f 1384/1260/3756 1385/3220/3756 1422/1261/3756
f 1385/3220/3757 1386/1157/3757 1422/1261/3757
f 1386/1157/3758 1448/1265/3758 1422/1261/3758
f 1452/3223/3759 1424/1159/3759 1342/1136/3759 1425/3224/3759
f 1306/1104/3760 1451/1214/3760 1389/1181/3760
f 1340/1213/3761 1424/1159/3761 1451/1214/3761
f 1431/1221/3762 1396/1220/3762 99/1161/3762 1432/3225/3762
f 1342/1136/3763 1453/1215/3763 1425/3224/3763
f 1393/1218/3764 1456/1245/3764 1427/1242/3764
f 1393/1218/3765 1428/1217/3765 1456/1245/3765
f 1394/1188/3766 1458/1219/3766 1428/1217/3766
f 1436/1224/3767 1281/1165/3767 1397/1025/3767 1437/1248/3767
f 1365/1166/3768 1281/1165/3768 1436/1224/3768
f 1440/1227/3769 1370/1140/3769 1401/1230/3769 1466/1229/3769
f 1366/1167/3770 1398/1138/3770 1464/1190/3770
f 1368/1191/3771 1439/3222/3771 1399/1192/3771
f 1404/1196/3772 1372/1195/3772 1405/1234/3772 1468/1310/3772
f 1474/3226/3773 1443/1286/3773 1379/1150/3773 1414/1205/3773
f 1350/1145/3774 1407/1198/3774 1470/1197/3774
f 1408/1199/3775 1375/1172/3775 1472/1236/3775
f 1413/1203/3776 1379/1150/3776 1443/1286/3776
f 1446/1239/3777 1354/1154/3777 1383/1178/3777 1479/1241/3777
f 1414/1205/3778 1415/1204/3778 1444/3227/3778
f 1415/1204/3779 1475/1238/3779 1444/3227/3779
f 1382/1176/3780 1446/1239/3780 1417/1208/3780
f 1449/1263/3781 1448/1265/3781 1423/1212/3781 1450/1211/3781
f 1480/1259/3782 1420/1209/3782 1447/1257/3782
f 1454/1267/3783 1391/1182/3783 1392/1185/3783 1455/1243/3783
f 1387/1210/3784 1388/1266/3784 1450/1211/3784
f 1424/1159/3785 1484/1298/3785 1451/1214/3785
f 1424/1159/3786 1452/3223/3786 1484/1298/3786
f 1425/3224/3787 1453/1215/3787 1452/3223/3787
f 1390/1183/3788 1426/1216/3788 1453/1215/3788
f 1391/1182/3789 1454/1267/3789 1426/1216/3789
f 1460/1247/3790 1459/1246/3790 1429/1187/3790 1430/1186/3790
f 1487/1269/3791 1431/1221/3791 1432/3225/3791 1461/3228/3791
f 1465/1275/3792 1400/1193/3792 1440/1227/3792 1495/3229/3792
f 1366/1167/3793 1464/1190/3793 1463/1249/3793
f 1399/1192/3794 1439/3222/3794 1465/1275/3794
f 1439/3222/3795 1400/1193/3795 1465/1275/3795
f 1469/1233/3796 1406/1169/3796 1441/3221/3796 1470/1197/3796
f 1440/1227/3797 1466/1229/3797 1495/3229/3797
f 1402/1228/3798 1467/1231/3798 1466/1229/3798
f 1404/1196/3799 1468/1310/3799 1403/1232/3799
f 1405/1234/3800 1469/1233/3800 1468/1310/3800
f 1501/1348/3801 1409/1235/3801 1410/1171/3801 1473/1252/3801
f 1470/1197/3802 1407/1198/3802 1471/1250/3802
f 1408/1199/3803 1472/1236/3803 1498/1284/3803
f 1409/1235/3804 1501/1348/3804 1472/1236/3804
f 1477/1290/3805 1476/1253/3805 1445/1206/3805 1416/1207/3805
f 1410/1171/3806 1442/1200/3806 1503/1251/3806
f 1535/1237/3807 1412/1202/3807 1505/1351/3807
f 1412/1202/3808 1413/1203/3808 1505/1351/3808
f 1443/1286/3809 1474/3226/3809 1506/1287/3809
f 1414/1205/3810 1444/3227/3810 1474/3226/3810
f 1515/1262/3811 1514/1327/3811 1421/1156/3811 1384/1260/3811
f 1416/1207/3812 1478/1254/3812 1477/1290/3812
f 1478/1254/3813 1507/1291/3813 1477/1290/3813
f 1446/1239/3814 1509/3230/3814 1417/1208/3814
f 1446/1239/3815 1479/1241/3815 1509/3230/3815
f 1418/1240/3816 1510/1256/3816 1479/1241/3816
f 1419/1255/3817 1480/1259/3817 1510/1256/3817
f 1421/1156/3818 1514/1327/3818 1481/1258/3818
f 1482/1294/3819 1422/1261/3819 1448/1265/3819 1483/1264/3819
f 1520/1301/3820 1453/1215/3820 1426/1216/3820 1486/1268/3820
f 1452/3223/3821 1485/1299/3821 1484/1298/3821
f 1453/1215/3822 1520/1301/3822 1452/3223/3822
f 1490/1362/3823 1489/1272/3823 1462/1222/3823 1435/1189/3823
f 1458/1219/3824 1459/1246/3824 1523/1305/3824
f 1461/3228/3825 100/1335/3825 1487/1269/3825
f 1491/1273/3826 1490/1362/3826 1435/1189/3826 1436/1224/3826
f 1498/1284/3827 1497/1281/3827 1471/1250/3827 1408/1199/3827
f 1438/1226/3828 1399/1192/3828 1493/1309/3828
f 1399/1192/3829 1494/1276/3829 1493/1309/3829
f 1465/1275/3830 1495/3229/3830 1494/1276/3830
f 1466/1229/3831 1562/1278/3831 1495/3229/3831
f 1466/1229/3832 1467/1231/3832 1529/1277/3832
f 1467/1231/3833 1496/1279/3833 1529/1277/3833
f 1469/1233/3834 1564/3231/3834 1468/1310/3834
f 1469/1233/3835 1565/1280/3835 1564/3231/3835
f 1470/1197/3836 1471/1250/3836 1566/1282/3836
f 1536/1288/3837 1505/1351/3837 1413/1203/3837 1443/1286/3837
f 1472/1236/3838 1500/1313/3838 1499/1283/3838
f 1472/1236/3839 1501/1348/3839 1500/1313/3839
f 1475/1238/3840 1506/1287/3840 1474/3226/3840 1444/3227/3840
f 1508/1322/3841 1478/1254/3841 1417/1208/3841 1509/3230/3841
f 1478/1254/3842 1508/1322/3842 1507/1291/3842
f 1540/3232/3843 1509/3230/3843 1479/1241/3843 1541/3233/3843
f 1517/1330/3844 1483/1264/3844 1449/1263/3844 1518/3234/3844
f 1479/1241/3845 1510/1256/3845 1541/3233/3845
f 1480/1259/3846 1512/1293/3846 1511/1292/3846
f 1481/1258/3847 1514/1327/3847 1513/1325/3847
f 1515/1262/3848 1422/1261/3848 1516/1295/3848
f 1483/1264/3849 1517/1330/3849 1482/1294/3849
f 1551/1300/3850 1485/1299/3850 1452/3223/3850 1520/1301/3850
f 1449/1263/3851 1548/1332/3851 1518/3234/3851
f 1449/1263/3852 1389/1181/3852 1548/1332/3852
f 1389/1181/3853 1519/1296/3853 1548/1332/3853
f 1522/1304/3854 1456/1245/3854 1457/1244/3854 1523/1305/3854
f 1455/1243/3855 1427/1242/3855 1522/1304/3855
f 1524/1306/3856 1460/1247/3856 1487/1269/3856 1556/1337/3856
f 1523/1305/3857 1459/1246/3857 1524/1306/3857
f 1531/1343/3858 1565/1280/3858 1470/1197/3858 1532/3235/3858
f 1487/1269/3859 100/1335/3859 1556/1337/3859
f 1490/1362/3860 1491/1273/3860 1526/1363/3860
f 1495/3229/3861 1560/1367/3861 1494/1276/3861
f 1495/3229/3862 1561/1365/3862 1560/1367/3862
f 1495/3229/3863 1562/1278/3863 1561/1365/3863
f 1403/1232/3864 1530/1311/3864 1496/1279/3864
f 1571/1352/3865 1504/1317/3865 1442/1200/3865 1535/1237/3865
f 1532/3235/3866 1470/1197/3866 1590/1312/3866
f 1499/1283/3867 1533/1314/3867 1498/1284/3867
f 1503/1251/3868 1534/1316/3868 1502/1285/3868
f 1540/3232/3869 1539/1321/3869 1508/1322/3869 1509/3230/3869
f 1476/1253/3870 1507/1291/3870 1538/1320/3870
f 1575/3236/3871 1541/3233/3871 1510/1256/3871 1576/1323/3871
f 1546/1380/3872 1545/1354/3872 1515/1262/3872 1516/1295/3872
f 1512/1293/3873 1542/1324/3873 1511/1292/3873
f 1481/1258/3874 1602/1326/3874 1542/1324/3874
f 1514/1327/3875 1544/1329/3875 1543/1328/3875
f 1547/1331/3876 1546/1380/3876 1516/1295/3876 1482/1294/3876
f 1555/1389/3877 1554/3237/3877 1523/1305/3877 1524/1306/3877
f 1484/1298/3878 1551/1300/3878 1550/1297/3878
f 1520/1301/3879 1552/1302/3879 1608/1334/3879
f 1522/1304/3880 1523/1305/3880 1553/1360/3880
f 1523/1305/3881 1554/3237/3881 1553/1360/3881
f 1559/1340/3882 1585/1391/3882 1437/1248/3882 1527/1274/3882
f 1524/1306/3883 1579/1387/3883 1555/1389/3883
f 1524/1306/3884 1556/1337/3884 1579/1387/3884
f 1526/1363/3885 1491/1273/3885 1585/1391/3885
f 1491/1273/3886 1437/1248/3886 1585/1391/3886
f 1592/1345/3887 1591/1396/3887 1566/1282/3887 1497/1281/3887
f 1463/1249/3888 1559/1340/3888 1492/1225/3888
f 1438/1226/3889 1493/1309/3889 1586/1341/3889
f 1494/1276/3890 1560/1367/3890 1528/1308/3890
f 1561/1365/3891 1562/1278/3891 1612/1423/3891
f 1468/1310/3892 1564/3231/3892 1530/1311/3892
f 1573/1377/3893 1572/1373/3893 1538/1320/3893 1539/1321/3893
f 1501/1348/3894 1593/1350/3894 1500/1313/3894
f 1534/1316/3895 1570/1315/3895 1594/1401/3895
f 1535/1237/3896 1505/1351/3896 1571/1352/3896
f 1506/1287/3897 1537/1289/3897 1597/1319/3897
f 1573/1377/3898 1539/1321/3898 1540/3232/3898 1574/1375/3898
f 1574/1375/3899 1540/3232/3899 1541/3233/3899 1575/3236/3899
f 1584/1364/3900 1583/1420/3900 1489/1272/3900 1490/1362/3900
f 1576/1323/3901 1511/1292/3901 1577/1353/3901
f 1544/1329/3902 1746/1409/3902 1543/1328/3902
f 1544/1329/3903 1515/1262/3903 1628/1355/3903
f 1548/1332/3904 1606/1356/3904 1518/3234/3904
f 1551/1300/3905 1608/1334/3905 1578/1357/3905
f 1486/1268/3906 1521/1303/3906 1609/3238/3906
f 1521/1303/3907 1633/1359/3907 1609/3238/3907
f 1554/3237/3908 1555/1389/3908 1553/1360/3908
f 1556/1337/3909 1580/1361/3909 1579/1387/3909
f 1557/1336/3910 1581/1417/3910 1580/1361/3910
f 1557/1336/3911 101/3239/3911 1581/1417/3911
f 1489/1272/3912 1583/1420/3912 1582/1339/3912
f 1613/1421/3913 1562/1278/3913 1563/1342/3913 1614/1425/3913
f 1560/1367/3914 1611/1366/3914 1528/1308/3914
f 1561/1365/3915 1612/1423/3915 1611/1366/3915
f 1562/1278/3916 1613/1421/3916 1612/1423/3916
f 1588/1394/3917 1564/3231/3917 1565/1280/3917 1589/1344/3917
f 1529/1277/3918 1615/1368/3918 1563/1342/3918
f 1530/1311/3919 1587/1392/3919 1496/1279/3919
f 1564/3231/3920 1588/1394/3920 1530/1311/3920
f 1594/1401/3921 1569/1349/3921 1502/1285/3921 1534/1316/3921
f 1531/1343/3922 1532/3235/3922 1590/1312/3922
f 1566/1282/3923 1591/1396/3923 1590/1312/3923
f 1500/1313/3924 1593/1350/3924 1568/1347/3924
f 1599/1376/3925 1574/1375/3925 1575/3236/3925 1600/1489/3925
f 1504/1317/3926 1595/1370/3926 1570/1315/3926
f 1571/1352/3927 1536/1288/3927 1653/1372/3927
f 1536/1288/3928 1596/1318/3928 1622/1371/3928
f 1597/1319/3929 1537/1289/3929 1598/1374/3929
f 1537/1289/3930 1538/1320/3930 1598/1374/3930
f 1573/1377/3931 1599/1376/3931 1572/1373/3931
f 1600/1489/3932 1575/3236/3932 1576/1323/3932 1601/1378/3932
f 1604/3240/3933 1603/1381/3933 1546/1380/3933 1547/1331/3933
f 1542/1324/3934 1602/1326/3934 1577/1353/3934
f 1545/1354/3935 1603/1381/3935 1628/1355/3935
f 1605/1382/3936 1604/3240/3936 1547/1331/3936 1517/1330/3936
f 1623/1404/3937 1622/1371/3937 1596/1318/3937 1597/1319/3937
f 1517/1330/3938 1518/3234/3938 1606/1356/3938
f 1519/1296/3939 1607/1384/3939 1549/1333/3939
f 1552/1302/3940 1632/1358/3940 1608/1334/3940
f 1486/1268/3941 1609/3238/3941 1632/1358/3941
f 1455/1243/3942 1634/1385/3942 1633/1359/3942
f 1553/1360/3943 1555/1389/3943 1635/1386/3943
f 1555/1389/3944 1610/1388/3944 1635/1386/3944
f 1580/1361/3945 1636/1414/3945 1579/1387/3945
f 101/3239/3946 102/1415/3946 1581/1417/3946
f 1584/1364/3947 1526/1363/3947 1640/1442/3947
f 1528/1308/3948 1643/1447/3948 1586/1341/3948
f 1528/1308/3949 1611/1366/3949 1643/1447/3949
f 1563/1342/3950 1615/1368/3950 1614/1425/3950
f 1496/1279/3951 1647/1393/3951 1615/1368/3951
f 1588/1394/3952 1649/1454/3952 1587/1392/3952
f 1531/1343/3953 1675/1395/3953 1589/1344/3953
f 1591/1396/3954 1592/1345/3954 1616/1397/3954
f 1567/1346/3955 1617/1480/3955 1650/1369/3955
f 1567/1346/3956 1618/1398/3956 1617/1480/3956
f 1593/1350/3957 1569/1349/3957 1619/1400/3957
f 1594/1401/3958 1570/1315/3958 1652/1403/3958
f 1638/1419/3959 1728/1472/3959 25/1307/3959 1558/1338/3959
f 1572/1373/3960 1624/1406/3960 1655/1405/3960
f 1599/1376/3961 1600/1489/3961 1624/1406/3961
f 1601/1378/3962 1625/1465/3962 1600/1489/3962
f 1577/1353/3963 1626/1407/3963 1601/1378/3963
f 1513/1325/3964 1627/1379/3964 1602/1326/3964
f 1543/1328/3965 1746/1409/3965 1627/1379/3965
f 1544/1329/3966 1628/1355/3966 1660/1408/3966
f 1628/1355/3967 1603/1381/3967 1630/1410/3967
f 1549/1333/3968 1631/1412/3968 1689/1383/3968
f 1578/1357/3969 1665/1413/3969 1607/1384/3969
f 1608/1334/3970 1632/1358/3970 1719/1437/3970
f 1634/1385/3971 1635/1386/3971 1667/1438/3971
f 1580/1361/3972 1637/1416/3972 1636/1414/3972
f 1580/1361/3973 1581/1417/3973 1637/1416/3973
f 1639/1418/3974 1583/1420/3974 1584/1364/3974 1640/1442/3974
f 1558/1338/3975 1582/1339/3975 1638/1419/3975
f 1643/1447/3976 1642/1445/3976 1438/1226/3976 1586/1341/3976
f 1640/1442/3977 1526/1363/3977 1698/1443/3977
f 1526/1363/3978 1585/1391/3978 1698/1443/3978
f 1585/1391/3979 1641/1390/3979 1698/1443/3979
f 1464/1190/3980 1438/1226/3980 1642/1445/3980
f 1645/1422/3981 1644/1449/3981 1611/1366/3981 1612/1423/3981
f 1611/1366/3982 1644/1449/3982 1643/1447/3982
f 1662/1497/3983 1661/1512/3983 1603/1381/3983 1604/3240/3983
f 1615/1368/3984 1647/1393/3984 1646/1424/3984
f 1647/1393/3985 1587/1392/3985 1648/1452/3985
f 1587/1392/3986 1649/1454/3986 1648/1452/3986
f 1588/1394/3987 1674/1426/3987 1649/1454/3987
f 1590/1312/3988 1701/1427/3988 1675/1395/3988
f 1568/1347/3989 1651/1428/3989 1618/1398/3989
f 1594/1401/3990 1681/1429/3990 1620/1399/3990
f 1621/1402/3991 1595/1370/3991 1682/1430/3991
f 1653/1372/3992 1622/1371/3992 1654/1431/3992
f 1598/1374/3993 1684/1432/3993 1623/1404/3993
f 1655/1405/3994 1656/1433/3994 1685/1486/3994
f 1625/1465/3995 1657/1464/3995 1600/1489/3995
f 1625/1465/3996 1601/1378/3996 1658/1463/3996
f 1627/1379/3997 1746/1409/3997 1659/1434/3997
f 1628/1355/3998 1687/1435/3998 1660/1408/3998
f 1629/1411/3999 1630/1410/3999 1688/1492/3999
f 1630/1410/4000 1603/1381/4000 1661/1512/4000
f 1663/1495/4001 1662/1497/4001 1604/3240/4001 1605/1382/4001
f 1663/1495/4002 1605/1382/4002 1606/1356/4002 1664/1436/4002
f 1693/1521/4003 1609/3238/4003 1633/1359/4003 1720/1519/4003
f 1607/1384/4004 1665/1413/4004 1631/1412/4004
f 1632/1358/4005 1691/1500/4005 1719/1437/4005
f 1609/3238/4006 1693/1521/4006 1632/1358/4006
f 1720/1519/4007 1633/1359/4007 1634/1385/4007 1694/1522/4007
f 1676/1477/4008 1592/1345/4008 1650/1369/4008 1677/1504/4008
f 1634/1385/4009 1666/1439/4009 1694/1522/4009
f 1667/1438/4010 1635/1386/4010 1668/1469/4010
f 102/1415/4011 103/3241/4011 1637/1416/4011
f 1639/1418/4012 1640/1442/4012 1697/1444/4012
f 1641/1390/4013 1464/1190/4013 1730/1446/4013
f 1647/1393/4014 1672/1453/4014 1646/1424/4014
f 1649/1454/4015 1674/1426/4015 1673/1455/4015
f 1674/1426/4016 1589/1344/4016 1675/1395/4016
f 1616/1397/4017 1592/1345/4017 1676/1477/4017
f 1709/1488/4018 1656/1433/4018 1624/1406/4018 1600/1489/4018
f 1618/1398/4019 1678/1456/4019 1617/1480/4019
f 1619/1400/4020 1679/1458/4020 1651/1428/4020
f 1619/1400/4021 1620/1399/4021 1680/1457/4021
f 1682/1430/4022 1653/1372/4022 1740/1462/4022
f 1654/1431/4023 1623/1404/4023 1684/1432/4023
f 1684/1432/4024 1655/1405/4024 1685/1486/4024
f 1692/1518/4025 1691/1500/4025 1632/1358/4025 1693/1521/4025
f 1601/1378/4026 1686/1466/4026 1658/1463/4026
f 1660/1408/4027 1711/3242/4027 1746/1409/4027
f 1660/1408/4028 1687/1435/4028 1711/3242/4028
f 1629/1411/4029 1688/1492/4029 1687/1435/4029
f 1630/1410/4030 1661/1512/4030 1688/1492/4030
f 1664/1436/4031 1689/1383/4031 1718/1516/4031
f 1665/1413/4032 1690/1498/4032 1631/1412/4032
f 1668/1469/4033 1635/1386/4033 1610/1388/4033 1724/1470/4033
f 1666/1439/4034 1721/1468/4034 1694/1522/4034
f 1666/1439/4035 1667/1438/4035 1695/1467/4035
f 1825/1532/4036 1613/1421/4036 1614/1425/4036 1700/1534/4036
f 1637/1416/4037 103/3241/4037 1669/1441/4037
f 1638/1419/4038 1639/1418/4038 1729/1471/4038
f 1639/1418/4039 1697/1444/4039 1729/1471/4039
f 1698/1443/4040 1758/1502/4040 1697/1444/4040
f 1613/1421/4041 1825/1532/4041 1645/1422/4041
f 1677/1504/4042 1650/1369/4042 1617/1480/4042 1735/1479/4042
f 1614/1425/4043 1646/1424/4043 1700/1534/4043
f 1646/1424/4044 1731/1474/4044 1700/1534/4044
f 1648/1452/4045 1673/1455/4045 1732/1535/4045
f 1686/1466/4046 1626/1407/4046 1602/1326/4046 1710/1491/4046
f 1651/1428/4047 1702/1481/4047 1678/1456/4047
f 1652/1403/4048 1704/1482/4048 1681/1429/4048
f 1621/1402/4049 1682/1430/4049 1706/1483/4049
f 1654/1431/4050 1684/1432/4050 1707/1484/4050
f 1684/1432/4051 1685/1486/4051 1708/1485/4051
f 1712/1581/4052 1687/1435/4052 1688/1492/4052 1713/1494/4052
f 1687/1435/4053 1712/1581/4053 1711/3242/4053
f 1717/1584/4054 1716/1513/4054 1664/1436/4054 1718/1516/4054
f 1688/1492/4055 1661/1512/4055 1714/1493/4055
f 1662/1497/4056 1715/1496/4056 1661/1512/4056
f 1663/1495/4057 1664/1436/4057 1716/1513/4057
f 1725/1527/4058 1696/1440/4058 1669/1441/4058 1726/1593/4058
f 1689/1383/4059 1631/1412/4059 1750/1499/4059
f 1665/1413/4060 1719/1437/4060 1690/1498/4060
f 1668/1469/4061 1722/1525/4061 1695/1467/4061
f 1668/1469/4062 1723/3243/4062 1722/1525/4062
f 1668/1469/4063 1724/1470/4063 1723/3243/4063
f 1696/1440/4064 1725/1527/4064 1724/1470/4064
f 1727/1561/4065 1669/1441/4065 103/3241/4065 105/1559/4065
f 1669/1441/4066 1727/1561/4066 1726/1593/4066
f 1733/1475/4067 1675/1395/4067 1701/1427/4067 1763/1476/4067
f 1697/1444/4068 1758/1502/4068 1729/1471/4068
f 1699/1473/4069 1641/1390/4069 1759/1598/4069
f 1641/1390/4070 1730/1446/4070 1759/1598/4070
f 1672/1453/4071 1648/1452/4071 1791/1536/4071
f 1673/1455/4072 1674/1426/4072 1732/1535/4072
f 1738/1542/4073 1704/1482/4073 1705/1460/4073 1706/1483/4073
f 1763/1476/4074 1616/1397/4074 1764/1503/4074
f 1676/1477/4075 1734/1505/4075 1765/1478/4075
f 1679/1458/4076 1680/1457/4076 1736/1506/4076
f 1680/1457/4077 1703/1459/4077 1736/1506/4077
f 1681/1429/4078 1737/1507/4078 1703/1459/4078
f 1739/1544/4079 1738/1542/4079 1706/1483/4079 1740/1462/4079
f 1772/1509/4080 1742/1548/4080 1707/1484/4080 1708/1485/4080
f 1743/1576/4081 1709/1488/4081 1657/1464/4081 1744/1490/4081
f 1709/1488/4082 1774/1550/4082 1656/1433/4082
f 1709/1488/4083 1743/1576/4083 1774/1550/4083
f 1761/1600/4084 1671/1451/4084 1645/1422/4084 1762/1533/4084
f 1658/1463/4085 1745/1510/4085 1744/1490/4085
f 1711/3242/4086 1775/1578/4086 1746/1409/4086
f 1661/1512/4087 1747/1511/4087 1714/1493/4087
f 1715/1496/4088 1663/1495/4088 1748/1514/4088
f 1718/1516/4089 1749/1515/4089 1717/1584/4089
f 1690/1498/4090 1751/1501/4090 1750/1499/4090
f 1693/1521/4091 1753/1520/4091 1692/1518/4091
f 1720/1519/4092 1694/1522/4092 1753/1520/4092
f 1721/1468/4093 1755/1524/4093 1816/1557/4093
f 1695/1467/4094 1817/1526/4094 1755/1524/4094
f 1723/3243/4095 1724/1470/4095 1783/1590/4095
f 1724/1470/4096 1756/1528/4096 1783/1590/4096
f 1729/1471/4097 1757/1529/4097 1728/1472/4097
f 1643/1447/4098 1788/1531/4098 1670/1448/4098
f 1760/1450/4099 1671/1451/4099 1761/1600/4099
f 1768/1541/4100 1767/1539/4100 1736/1506/4100 1703/1459/4100
f 1674/1426/4101 1827/1537/4101 1732/1535/4101
f 1735/1479/4102 1795/1605/4102 1734/1505/4102
f 1735/1479/4103 1678/1456/4103 1795/1605/4103
f 1702/1481/4104 1736/1506/4104 1766/1540/4104
f 1777/1616/4105 1714/1493/4105 1747/1511/4105 1778/1551/4105
f 1704/1482/4106 1769/3244/4106 1737/1507/4106
f 1704/1482/4107 1830/1543/4107 1769/3244/4107
f 1738/1542/4108 1800/1545/4108 1830/1543/4108
f 1739/1544/4109 1740/1462/4109 1770/1547/4109
f 1740/1462/4110 1741/1508/4110 1802/1546/4110
f 1707/1484/4111 1771/1549/4111 1741/1508/4111
f 1711/3242/4112 1776/1579/4112 1775/1578/4112
f 1711/3242/4113 1712/1581/4113 1776/1579/4113
f 1714/1493/4114 1777/1616/4114 1713/1494/4114
f 1818/1651/4115 1722/1525/4115 1723/3243/4115 1782/1589/4115
f 1715/1496/4116 1748/1514/4116 1779/1552/4116
f 1749/1515/4117 1780/1586/4117 1717/1584/4117
f 1749/1515/4118 1750/1499/4118 1780/1586/4118
f 1754/1523/4119 1721/1468/4119 1815/1558/4119
f 1722/1525/4120 1818/1651/4120 1817/1526/4120
f 1787/1596/4121 1759/1598/4121 1730/1446/4121 1848/1530/4121
f 1723/3243/4122 1783/1590/4122 1782/1589/4122
f 1783/1590/4123 1820/1587/4123 1782/1589/4123
f 1727/1561/4124 1784/1560/4124 1726/1593/4124
f 24/1562/4125 1728/1472/4125 1785/1563/4125
f 1757/1529/1213 1758/1502/1213 1786/1565/1213
f 1829/1606/4126 1702/1481/4126 1766/1540/4126 1877/3245/4126
f 1731/1474/4127 1790/1601/4127 1825/1532/4127
f 1731/1474/4128 1672/1453/4128 1791/1536/4128
f 1763/1476/4129 1793/1569/4129 1792/1568/4129
f 1678/1456/4130 1796/1538/4130 1795/1605/4130
f 1796/1538/4131 1702/1481/4131 1829/1606/4131
f 1830/1543/4132 1799/1625/4132 1737/1507/4132 1769/3244/4132
f 1766/1540/4133 1797/1572/4133 1877/3245/4133
f 1766/1540/4134 1767/1539/4134 1798/1571/4134
f 1768/1541/4135 1737/1507/4135 1799/1625/4135
f 1833/1613/4136 1772/1509/4136 1773/1487/4136 1804/1574/4136
f 1770/1547/4137 1802/1546/4137 1801/1608/4137
f 1771/1549/4138 1742/1548/4138 1860/1611/4138
f 1742/1548/4139 1803/1573/4139 1860/1611/4139
f 1772/1509/4140 1833/1613/4140 1803/1573/4140
f 1836/1637/4141 1686/1466/4141 1710/1491/4141 1806/1577/4141
f 1743/1576/4142 1835/1636/4142 1774/1550/4142
f 1743/1576/4143 1805/1575/4143 1835/1636/4143
f 1807/1580/4144 1776/1579/4144 1712/1581/4144 1808/1582/4144
f 1809/1614/4145 1778/1551/4145 1715/1496/4145 1810/1583/4145
f 1777/1616/4146 1837/1642/4146 1713/1494/4146
f 1778/1551/4147 1809/1614/4147 1777/1616/4147
f 1864/1666/4148 1812/1553/4148 1751/1501/4148 1813/1554/4148
f 1716/1513/4149 1811/1585/4149 1779/1552/4149
f 1750/1499/4150 1812/1553/4150 1780/1586/4150
f 1897/1599/4151 1823/3246/4151 1642/1445/4151 1670/1448/4151
f 1781/1555/4152 1866/1645/4152 1752/1517/4152
f 1753/1520/4153 1814/1556/4153 1781/1555/4153
f 1754/1523/4154 1815/1558/4154 1814/1556/4154
f 1755/1524/4155 1817/1526/4155 1816/1557/4155
f 1782/1589/4156 1819/1588/4156 1818/1651/4156
f 1756/1528/4157 1893/1591/4157 1820/1587/4157
f 1726/1593/4158 1821/1592/4158 1725/1527/4158
f 1786/1565/4159 1846/1653/4159 1757/1529/4159
f 1786/1565/4160 1822/1595/4160 1846/1653/4160
f 1699/1473/4161 1759/1598/4161 1847/1597/4161
f 1848/1530/2983 1642/1445/2983 1823/3246/2983
f 1876/1624/4162 1794/1570/4162 1734/1505/4162 1795/1605/4162
f 1790/1601/4163 1731/1474/4163 1826/1620/4163
f 1791/1536/4164 1732/1535/4164 1827/1537/4164
f 1793/1569/4165 1765/1478/4165 1828/1603/4165
f 1832/1610/4166 1859/1631/4166 1802/1546/4166 1741/1508/4166
f 1795/1605/4167 1853/1604/4167 1876/1624/4167
f 1796/1538/4168 1854/1607/4168 1853/1604/4168
f 1830/1543/4169 1856/1627/4169 1799/1625/4169
f 1800/1545/4170 1770/1547/4170 1831/1609/4170
f 1801/1608/4171 1802/1546/4171 1859/1631/4171
f 1834/1612/4172 1804/1574/4172 1774/1550/4172 1835/1636/4172
f 1833/1613/4173 1908/1634/4173 1803/1573/4173
f 1805/1575/4174 1745/1510/4174 1686/1466/4174 1836/1637/4174
f 1865/1664/4175 1813/1554/4175 1752/1517/4175 1866/1645/4175
f 1713/1494/4176 1837/1642/4176 1808/1582/4176
f 1777/1616/4177 1838/1615/4177 1837/1642/4177
f 1813/1554/4178 1865/1664/4178 1864/1666/4178
f 1839/1646/4179 1781/1555/4179 1814/1556/4179 1840/1647/4179
f 1844/1669/4180 1843/1668/4180 1818/1651/4180 1819/1588/4180
f 1817/1526/4181 1842/1649/4181 1816/1557/4181
f 1857/1630/4182 1800/1545/4182 1831/1609/4182 1858/1632/4182
f 1820/1587/4183 1893/1591/4183 1819/1588/4183
f 1784/1560/4184 1871/1671/4184 1821/1592/4184
f 1757/1529/4185 1846/1653/4185 1895/1594/4185
f 1699/1473/4186 1847/1597/4186 1822/1595/4186
f 1787/1596/4187 1848/1530/4187 1847/1597/4187
f 1788/1531/4188 1928/1706/4188 1897/1599/4188
f 1788/1531/4189 1824/1566/4189 1928/1706/4189
f 1789/1567/4190 1825/1532/4190 1849/1602/4190
f 1790/1601/4191 1850/1621/4191 1849/1602/4191
f 1792/1568/4192 1793/1569/4192 1852/1623/4192
f 1854/1607/4193 1829/1606/4193 1877/3245/4193
f 1768/1541/4194 1855/1626/4194 1797/1572/4194
f 1830/1543/4195 1800/1545/4195 1879/1628/4195
f 1862/1641/4196 1838/1615/4196 1809/1614/4196 1889/1694/4196
f 1831/1609/4197 1801/1608/4197 1858/1632/4197
f 1836/1637/4198 1861/1639/4198 1884/1638/4198
f 1806/1577/4199 1807/1580/4199 1886/1640/4199
f 1889/1694/4200 1810/1583/4200 1779/1552/4200 1863/1643/4200
f 1809/1614/4201 1810/1583/4201 1889/1694/4201
f 1864/1666/4202 1890/1697/4202 1780/1586/4202 1812/1553/4202
f 1780/1586/4203 1890/1697/4203 1811/1585/4203
f 1874/1619/4204 1789/1567/4204 1849/1602/4204 1875/1675/4204
f 1816/1557/4205 1869/1650/4205 1868/1648/4205
f 1817/1526/4206 1870/1652/4206 1842/1649/4206
f 1821/1592/4207 1871/1671/4207 1845/1618/4207
f 1785/1563/4208 1895/1594/4208 22/3247/4208
f 1847/1597/4209 1848/1530/4209 1873/1674/4209
f 1901/1710/4210 1932/1712/4210 1853/1604/4210 1854/1607/4210
f 1826/1620/4211 1791/1536/4211 1899/1657/4211
f 1792/1568/4212 1955/1658/4212 1827/1537/4212
f 1828/1603/4213 1876/1624/4213 1852/1623/4213
f 1883/1635/4214 1969/1765/4214 1908/1634/4214 1834/1612/4214
f 1854/1607/4215 1877/3245/4215 1901/1710/4215
f 1877/3245/4216 1797/1572/4216 1902/1682/4216
f 1797/1572/4217 1878/1659/4217 1902/1682/4217
f 1858/1632/4218 1859/1631/4218 1881/1661/4218
f 1860/1611/4219 1907/1633/4219 1882/1660/4219
f 1909/1687/4220 1884/1638/4220 1861/1639/4220 1885/1662/4220
f 1911/1723/4221 1808/1582/4221 1837/1642/4221 1912/1691/4221
f 1808/1582/4222 1911/1723/4222 1807/1580/4222
f 1912/1691/4223 1837/1642/4223 1862/1641/4223 1888/1689/4223
f 1917/1725/4224 1863/1643/4224 1811/1585/4224 1890/1697/4224
f 1862/1641/4225 1889/1694/4225 1888/1689/4225
f 1870/1652/4226 1818/1651/4226 1843/1668/4226 1922/1670/4226
f 1841/1617/4227 1892/1667/4227 1840/1647/4227
f 1959/1714/4228 1901/1710/4228 1877/3245/4228 1902/1682/4228
f 1819/1588/4229 1923/1747/4229 1844/1669/4229
f 1819/1588/4230 1893/1591/4230 1923/1747/4230
f 1845/1618/4231 1944/1745/4231 1893/1591/4231
f 1845/1618/4232 1894/1672/4232 1944/1745/4232
f 106/3248/4233 1924/3103/4233 1871/1671/4233
f 1846/1653/4234 1926/1673/4234 1925/1654/4234
f 1822/1595/4235 1896/1656/4235 1872/1655/4235
f 1823/3246/4236 1927/1705/4236 1848/1530/4236
f 1823/3246/4237 1897/1599/4237 1927/1705/4237
f 1928/1706/4238 1824/1566/4238 1929/1676/4238
f 1824/1566/4239 1874/1619/4239 1929/1676/4239
f 1849/1602/4240 1898/1677/4240 1875/1675/4240
f 1826/1620/4241 1899/1657/4241 1931/1678/4241
f 1851/1622/4242 1827/1537/4242 1953/1679/4242
f 1876/1624/4243 1853/1604/4243 1900/1680/4243
f 2001/1798/4244 1883/1635/4244 1805/1575/4244 1909/1687/4244
f 1855/1626/4245 1962/1684/4245 1878/1659/4245
f 1855/1626/4246 1856/1627/4246 1904/1683/4246
f 1857/1630/4247 1858/1632/4247 1905/3249/4247
f 1858/1632/4248 1906/1686/4248 1905/3249/4248
f 1881/1661/4249 1882/1660/4249 1907/1633/4249
f 1908/1634/4250 1969/1765/4250 1968/1763/4250
f 1916/1695/4251 1889/1694/4251 1863/1643/4251 1917/1725/4251
f 1885/1662/4252 1886/1640/4252 1910/1688/4252
f 1888/1689/4253 1914/1693/4253 1913/1690/4253
f 1888/1689/4254 1916/1695/4254 1915/1692/4254
f 1945/1786/4255 1894/1672/4255 1871/1671/4255 1924/3103/4255
f 1890/1697/4256 1918/1696/4256 1917/1725/4256
f 1865/1664/4257 1941/1699/4257 1919/1698/4257
f 1867/1644/4258 1920/1728/4258 1866/1645/4258
f 1867/1644/4259 1921/1700/4259 1920/1728/4259
f 1868/1648/4260 1978/1701/4260 1892/1667/4260
f 1844/1669/4261 1923/1747/4261 1922/1670/4261
f 1893/1591/4262 1944/1745/4262 1923/1747/4262
f 1894/1672/4263 1945/1786/4263 1944/1745/4263
f 1956/1709/4264 1852/1623/4264 1900/1680/4264 1957/1738/4264
f 1895/1594/4265 1925/1654/4265 20/3125/4265
f 1925/1654/4266 1926/1673/4266 1984/1732/4266
f 1898/1677/4267 1850/1621/4267 1930/1734/4267
f 1850/1621/4268 1931/1678/4268 1930/1734/4268
f 1899/1657/4269 1851/1622/4269 1953/1679/4269
f 1957/1738/4270 1900/1680/4270 1853/1604/4270 1932/1712/4270
f 2026/3250/4271 1969/1765/4271 1883/1635/4271 2001/1798/4271
f 1878/1659/4272 1961/1716/4272 1903/1681/4272
f 1904/1683/4273 1963/1758/4273 1962/1684/4273
f 1879/1628/4274 1997/1685/4274 1904/1683/4274
f 1880/1629/4275 1934/1717/4275 1997/1685/4275
f 1857/1630/4276 1905/3249/4276 1934/1717/4276
f 1906/1686/4277 1935/1718/4277 1905/3249/4277
f 1881/1661/4278 1967/1719/4278 1935/1718/4278
f 1938/3251/4279 1912/1691/4279 1913/1690/4279 1971/1724/4279
f 1885/1662/4280 1936/1721/4280 1909/1687/4280
f 1885/1662/4281 1910/1688/4281 1936/1721/4281
f 1887/1663/4282 1807/1580/4282 1937/1722/4282
f 1912/1691/4283 1938/3251/4283 1911/1723/4283
f 1973/1776/4284 1917/1725/4284 1918/1696/4284 1940/1774/4284
f 1917/1725/4285 1973/1776/4285 1939/1726/4285
f 1943/3252/4286 1869/1650/4286 1870/1652/4286 1979/1730/4286
f 1866/1645/4287 1942/1729/4287 1941/1699/4287
f 1869/1650/4288 1943/3252/4288 1978/1701/4288
f 19/3253/4289 20/3125/4289 1925/1654/4289 1984/1732/4289
f 1944/1745/4290 1945/1786/4290 1981/1782/4290
f 1951/1707/4291 1950/1704/4291 1928/1706/4291 1929/1676/4291
f 1926/1673/4292 1947/1733/4292 1946/1731/4292
f 1896/1656/4293 1948/1702/4293 1872/1655/4293
f 1990/1736/4294 1952/1735/4294 1931/1678/4294 1899/1657/4294
f 1930/1734/4295 1931/1678/4295 1952/1735/4295
f 1959/1714/4296 1993/3254/4296 1933/1711/4296 1901/1710/4296
f 1954/1708/4297 1955/1658/4297 1991/1754/4297
f 1933/1711/4298 1993/3254/4298 1958/1737/4298
f 1960/1756/4299 1995/1715/4299 1903/1681/4299 1961/1716/4299
f 1902/1682/4300 1995/1715/4300 1994/1713/4300
f 1966/3255/4301 1905/3249/4301 1935/1718/4301 1967/1719/4301
f 1904/1683/4302 1997/1685/4302 1963/1758/4302
f 1934/1717/4303 1905/3249/4303 1965/1761/4303
f 1905/3249/4304 1966/3255/4304 1965/1761/4304
f 2002/1796/4305 2001/1798/4305 1909/1687/4305 2028/1768/4305
f 1908/1634/4306 1968/1763/4306 2055/1720/4306
f 1970/1740/4307 1911/1723/4307 1938/3251/4307 1971/1724/4307
f 1909/1687/4308 1936/1721/4308 2003/1767/4308
f 1982/1784/4309 1945/1786/4309 1924/3103/4309 1983/3102/4309
f 1918/1696/4310 1974/1727/4310 1940/1774/4310
f 1891/1665/4311 1975/1742/4311 1974/1727/4311
f 1920/1728/4312 1976/1779/4312 1942/1729/4312
f 1943/3252/4313 1979/1730/4313 1978/1701/4313
f 1944/1745/4314 1981/1782/4314 1980/1746/4314
f 1986/1749/4315 2016/1808/4315 1949/1703/4315 1848/1530/4315
f 1872/1655/4316 1948/1702/4316 2014/1827/4316
f 1873/1674/4317 1985/1748/4317 1948/1702/4317
f 1999/1762/4318 1998/1795/4318 1964/1739/4318 1934/1717/4318
f 1927/1705/4319 1950/1704/4319 1987/1787/4319
f 1875/1675/4320 1989/1751/4320 1951/1707/4320
f 1898/1677/4321 1952/1735/4321 2018/1753/4321
f 1952/1735/4322 1990/1736/4322 2019/1752/4322
f 1953/1679/4323 1954/1708/4323 1991/1754/4323
f 1957/1738/4324 1992/1755/4324 2046/1792/4324
f 1959/1714/4325 1994/1713/4325 1993/3254/4325
f 1961/1716/4326 1962/1684/4326 1996/1759/4326
f 1997/1685/4327 2049/1760/4327 2048/1793/4327
f 2025/3256/4328 1966/3255/4328 1967/1719/4328 2000/3257/4328
f 1966/3255/4329 2025/3256/4329 1965/1761/4329
f 2004/1771/4330 1971/1724/4330 1914/1693/4330 2033/1772/4330
f 1968/1763/4331 2057/1766/4331 2056/1764/4331
f 1937/1722/4332 2031/1770/4332 1936/1721/4332
f 2005/1773/4333 1939/1726/4333 1973/1776/4333 2034/1847/4333
f 1972/1741/4334 1916/1695/4334 2005/1773/4334
f 1976/1779/4335 1920/1728/4335 1921/1700/4335 2007/1802/4335
f 1973/1776/4336 2064/1775/4336 2034/1847/4336
f 1974/1727/4337 2035/1777/4337 1940/1774/4337
f 1941/1699/4338 1942/1729/4338 2036/1778/4338
f 1977/1743/4339 1892/1667/4339 1978/1701/4339 2008/3258/4339
f 2008/3258/4340 1978/1701/4340 1979/1730/4340 2039/1822/4340
f 2080/1811/4341 1958/1737/4341 1993/3254/4341 2081/3259/4341
f 1979/1730/4342 2009/1744/4342 2039/1822/4342
f 1922/1670/4343 2010/1781/4343 2009/1744/4343
f 1981/1782/4344 1945/1786/4344 2012/1785/4344
f 1982/1784/4345 1983/3102/4345 2013/1804/4345
f 1872/1655/4346 2014/1827/4346 1947/1733/4346
f 1949/1703/4347 2123/1900/4347 1985/1748/4347
f 1949/1703/4348 2015/1807/4348 2123/1900/4348
f 1949/1703/4349 2016/1808/4349 2015/1807/4349
f 1950/1704/4350 1988/1750/4350 1987/1787/4350
f 1989/1751/4351 1898/1677/4351 2017/3260/4351
f 1898/1677/4352 2043/1788/4352 2017/3260/4352
f 1990/1736/4353 1953/1679/4353 2045/1790/4353
f 1991/1754/4354 1957/1738/4354 2046/1792/4354
f 1992/1755/4355 1958/1737/4355 2080/1811/4355
f 2051/1837/4356 1964/1739/4356 1998/1795/4356 2024/1794/4356
f 1993/3254/4357 2021/3261/4357 2081/3259/4357
f 1993/3254/4358 2022/3262/4358 2021/3261/4358
f 1993/3254/4359 1994/1713/4359 2022/3262/4359
f 1994/1713/4360 1995/1715/4360 2023/1757/4360
f 1963/1758/4361 2048/1793/4361 1996/1759/4361
f 2063/3263/4362 2033/1772/4362 1972/1741/4362 2091/1867/4362
f 207/97/4363 149/3135/4363 50/3071/4363 208/65/4363
f 1965/1761/4364 2025/3256/4364 1999/1762/4364
f 1967/1719/4365 2055/1720/4365 2000/3257/4365
f 1969/1765/4366 2026/3250/4366 2057/1766/4366
f 2026/3250/4367 2001/1798/4367 2027/1842/4367
f 2001/1798/4368 2086/1797/4368 2027/1842/4368
f 1970/1740/4369 2032/1800/4369 2031/1770/4369
f 2004/1771/4370 2033/1772/4370 2032/1800/4370
f 2034/1847/4371 2091/1867/4371 1972/1741/4371 2005/1773/4371
f 2050/1833/4372 2049/1760/4372 1964/1739/4372 2051/1837/4372
f 1976/1779/4373 2038/1803/4373 2006/1780/4373
f 2008/3258/4374 2039/1822/4374 1977/1743/4374
f 1980/1746/4375 2011/1783/4375 2010/1781/4375
f 1981/1782/4376 2012/1785/4376 2011/1783/4376
f 1982/1784/4377 2074/1805/4377 2012/1785/4377
f 2013/1804/4378 1983/3102/4378 2040/3264/4378
f 1946/1731/4379 2122/1851/4379 1984/1732/4379
f 2014/1827/4380 1948/1702/4380 2041/1806/4380
f 1987/1787/4381 2096/1828/4381 1986/1749/4381
f 1987/1787/4382 1988/1750/4382 2096/1828/4382
f 1988/1750/4383 1951/1707/4383 2042/1809/4383
f 2018/1753/4384 2019/1752/4384 2044/1789/4384
f 2020/1791/4385 1992/1755/4385 2079/1812/4385
f 2023/1757/4386 1960/1756/4386 2047/1813/4386
f 1960/1756/4387 1961/1716/4387 2047/1813/4387
f 1996/1759/4388 2048/1793/4388 2047/1813/4388
f 2053/1814/4389 2052/1835/4389 2051/1837/4389 2024/1794/4389
f 2053/1814/4390 1999/1762/4390 2025/3256/4390 2054/1839/4390
f 2054/1839/4391 2025/3256/4391 2000/3257/4391 2055/1720/4391
f 2135/1841/4392 2057/1766/4392 2026/3250/4392 2027/1842/4392
f 2055/1720/4393 2056/1764/4393 2085/1838/4393
f 2058/1918/4394 2002/1796/4394 2028/1768/4394 2059/3265/4394
f 2086/1797/4395 2002/1796/4395 2058/1918/4395
f 2062/1845/4396 2032/1800/4396 2033/1772/4396 2063/3263/4396
f 2029/1799/4397 2088/1816/4397 2003/1767/4397
f 2029/1799/4398 2030/1769/4398 2060/1815/4398
f 2092/1846/4399 2064/1775/4399 1940/1774/4399 2093/1870/4399
f 2093/1870/4400 1940/1774/4400 2035/1777/4400 2065/1818/4400
f 2071/1825/4401 2070/1848/4401 2009/1744/4401 2010/1781/4401
f 2006/1780/4402 2067/1820/4402 2037/1801/4402
f 1921/1700/4403 2068/1821/4403 2007/1802/4403
f 1977/1743/4404 2069/1823/4404 2068/1821/4404
f 2039/1822/4405 2094/1849/4405 2069/1823/4405
f 2009/1744/4406 2070/1848/4406 2039/1822/4406
f 2074/1805/4407 2073/1826/4407 2011/1783/4407 2012/1785/4407
f 2077/3266/4408 2076/3267/4408 2018/1753/4408 2044/1789/4408
f 2074/1805/4409 2013/1804/4409 108/3104/4409
f 2013/1804/4410 2040/3264/4410 108/3104/4410
f 1946/1731/4411 1947/1733/4411 2122/1851/4411
f 2096/1828/4412 1988/1750/4412 2042/1809/4412
f 1989/1751/4413 2017/3260/4413 2075/1852/4413
f 2017/3260/4414 2043/1788/4414 2075/1852/4414
f 2043/1788/4415 2076/3267/4415 2075/1852/4415
f 2043/1788/4416 2018/1753/4416 2076/3267/4416
f 2100/1856/4417 2099/1810/4417 1991/1754/4417 2046/1792/4417
f 2044/1789/4418 2045/1790/4418 2078/1829/4418
f 2101/1883/4419 2022/3262/4419 1994/1713/4419 2082/1830/4419
f 2046/1792/4420 2020/1791/4420 2079/1812/4420
f 2022/3262/4421 2101/1883/4421 2021/3261/4421
f 2105/1864/4422 2060/1815/4422 2031/1770/4422 2089/1862/4422
f 2023/1757/4423 2083/1831/4423 2082/1830/4423
f 2049/1760/4424 2103/1834/4424 2048/1793/4424
f 2051/1837/4425 2084/1836/4425 2050/1833/4425
f 2053/1814/4426 2054/1839/4426 2052/1835/4426
f 2028/1768/4427 2087/1861/4427 2059/3265/4427
f 2028/1768/4428 2003/1767/4428 2087/1861/4428
f 2003/1767/4429 2088/1816/4429 2087/1861/4429
f 2089/1862/4430 2031/1770/4430 2061/1817/4430 2090/1844/4430
f 2104/1888/4431 2088/1816/4431 2060/1815/4431 2105/1864/4431
f 2063/3263/4432 2107/1866/4432 2062/1845/4432
f 2107/1866/4433 2063/3263/4433 2091/1867/4433
f 2034/1847/4434 2092/1846/4434 2091/1867/4434
f 2071/1825/4435 2072/1824/4435 2117/1875/4435
f 2074/1805/4436 2095/1876/4436 2118/1850/4436
f 2074/1805/4437 108/3104/4437 2095/1876/4437
f 18/1962/4438 1984/1732/4438 2200/1960/4438
f 1984/1732/4439 2121/1925/4439 2200/1960/4439
f 1984/1732/4440 2122/1851/4440 2121/1925/4440
f 2042/1809/4441 2124/1879/4441 2096/1828/4441
f 2042/1809/4442 1989/1751/4442 2097/1853/4442
f 2076/3267/4443 2077/3266/4443 2098/1903/4443
f 2077/3266/4444 2044/1789/4444 2078/1829/4444
f 2078/1829/4445 2099/1810/4445 2182/1855/4445
f 2079/1812/4446 2080/1811/4446 2127/1858/4446
f 2081/3259/4447 2021/3261/4447 2101/1883/4447
f 2047/1813/4448 2102/1832/4448 2083/1831/4448
f 2052/1835/4449 2132/1859/4449 2084/1836/4449
f 2054/1839/4450 2085/1838/4450 2133/1840/4450
f 2088/1816/4451 2104/1888/4451 2137/1860/4451
f 2111/1921/4452 2110/1894/4452 2065/1818/4452 2066/1819/4452
f 2089/1862/4453 2140/1865/4453 2106/1863/4453
f 2112/1924/4454 2066/1819/4454 2037/1801/4454 2113/1872/4454
f 2066/1819/4455 2112/1924/4455 2111/1921/4455
f 2128/1857/4456 2080/1811/4456 2081/3259/4456 2101/1883/4456
f 2067/1820/4457 2114/1873/4457 2113/1872/4457
f 2068/1821/4458 2115/1895/4458 2007/1802/4458
f 2068/1821/4459 2069/1823/4459 2115/1895/4459
f 2072/1824/4460 2073/1826/4460 2117/1875/4460
f 2095/1876/4461 108/3104/4461 2120/1899/4461
f 2075/1852/4462 2076/3267/4462 2125/1880/4462
f 2076/3267/4463 2098/1903/4463 2125/1880/4463
f 2098/1903/4464 2077/3266/4464 2151/3268/4464
f 2077/3266/4465 2078/1829/4465 2151/3268/4465
f 2099/1810/4466 2100/1856/4466 2126/1854/4466
f 2100/1856/4467 2079/1812/4467 2126/1854/4467
f 2129/1882/4468 2082/1830/4468 2083/1831/4468 2130/1884/4468
f 2131/1910/4469 2103/1834/4469 2050/1833/4469 2158/1912/4469
f 2158/1912/4470 2050/1833/4470 2084/1836/4470 2132/1859/4470
f 2136/1916/4471 2059/3265/4471 2087/1861/4471 2137/1860/4471
f 2058/1918/4472 2059/3265/4472 2136/1916/4472
f 2138/3269/4473 2104/1888/4473 2105/1864/4473 2139/3270/4473
f 2140/1865/4474 2139/3270/4474 2105/1864/4474 2106/1863/4474
f 2166/1890/4475 2090/1844/4475 2062/1845/4475 2167/1940/4475
f 2167/1940/4476 2062/1845/4476 2107/1866/4476 2141/1868/4476
f 2146/1959/4477 2145/1898/4477 2118/1850/4477 2119/1877/4477
f 2091/1867/4478 2168/1891/4478 2141/1868/4478
f 2093/1870/4479 2143/1893/4479 2109/1871/4479
f 2007/1802/4480 2144/1896/4480 2114/1873/4480
f 2069/1823/4481 2172/1949/4481 2115/1895/4481
f 2094/1849/4482 2196/1897/4482 2069/1823/4482
f 2117/1875/4483 2145/1898/4483 2174/1956/4483
f 2117/1875/4484 2073/1826/4484 2145/1898/4484
f 2147/3271/4485 2122/1851/4485 2041/1806/4485 1985/1748/4485
f 2121/1925/4486 2201/1927/4486 2200/1960/4486
f 2204/1931/4487 2096/1828/4487 2124/1879/4487 2148/1929/4487
f 1985/1748/4488 2123/1900/4488 2147/3271/4488
f 2096/1828/4489 2204/1931/4489 2178/1878/4489
f 2184/1881/4490 2079/1812/4490 2127/1858/4490 2152/1907/4490
f 2148/1929/4491 2124/1879/4491 2149/1902/4491
f 2124/1879/4492 2097/1853/4492 2149/1902/4492
f 2125/1880/4493 2098/1903/4493 2209/1905/4493
f 2098/1903/4494 2151/3268/4494 2150/1904/4494
f 2078/1829/4495 2182/1855/4495 2151/3268/4495
f 2155/1971/4496 2130/1884/4496 2102/1832/4496 2156/1885/4496
f 2101/1883/4497 2153/1908/4497 2128/1857/4497
f 2191/1980/4498 2104/1888/4498 2138/3269/4498 2164/1937/4498
f 2103/1834/4499 2157/1911/4499 2156/1885/4499
f 2132/1859/4500 2054/1839/4500 2159/1913/4500
f 2027/1842/4501 2161/1887/4501 2160/1843/4501
f 2161/1887/4502 2086/1797/4502 2162/1917/4502
f 2086/1797/4503 2058/1918/4503 2162/1917/4503
f 2136/1916/4504 2188/1889/4504 2162/1917/4504
f 2104/1888/4505 2191/1980/4505 2163/1919/4505
f 2164/1937/4506 2138/3269/4506 2139/3270/4506 2165/1938/4506
f 2165/1938/4507 2139/3270/4507 2140/1865/4507 2166/1890/4507
f 2174/1956/4508 2173/1953/4508 2116/1874/4508 2117/1875/4508
f 2141/1868/4509 2224/1943/4509 2167/1940/4509
f 2141/1868/4510 2168/1891/4510 2224/1943/4510
f 2143/1893/4511 2110/1894/4511 2170/1922/4511
f 2144/1896/4512 2171/1947/4512 2114/1873/4512
f 2115/1895/4513 2172/1949/4513 2144/1896/4513
f 2172/1949/4514 2069/1823/4514 2196/1897/4514
f 2116/1874/4515 2173/1953/4515 2196/1897/4515
f 2190/1982/4516 2188/1889/4516 2163/1919/4516 2191/1980/4516
f 2174/1956/4517 2145/1898/4517 2199/1954/4517
f 2119/1877/4518 2175/1957/4518 2146/1959/4518
f 2119/1877/4519 2120/1899/4519 2175/1957/4519
f 2120/1899/4520 2176/2013/4520 2175/1957/4520
f 2147/3271/4521 2123/1900/4521 2177/1928/4521
f 2148/1929/4522 2179/1963/4522 2205/1930/4522
f 2148/1929/4523 2149/1902/4523 2179/1963/4523
f 2149/1902/4524 2180/1932/4524 2179/1963/4524
f 2150/1904/4525 2151/3268/4525 2211/1969/4525
f 2157/1911/4526 2158/1912/4526 2186/1975/4526
f 2158/1912/4527 2187/1935/4527 2186/1975/4527
f 2133/1840/4528 2217/1914/4528 2159/1913/4528
f 2057/1766/4529 2135/1841/4529 2219/1977/4529
f 2161/1887/4530 2162/1917/4530 2160/1843/4530
f 2188/1889/4531 2189/3272/4531 2220/1979/4531
f 2188/1889/4532 2190/1982/4532 2189/3272/4532
f 2195/1948/4533 2171/1947/4533 2144/1896/4533 2230/1950/4533
f 2191/1980/4534 2164/1937/4534 2192/1939/4534
f 2108/1869/4535 2226/1944/4535 2168/1891/4535
f 2142/1892/4536 2109/1871/4536 2226/1944/4536
f 2114/1873/4537 2195/1948/4537 2113/1872/4537
f 2252/2003/4538 2189/3272/4538 2190/1982/4538 2221/1981/4538
f 2172/1949/4539 2196/1897/4539 2230/1950/4539
f 2173/1953/4540 2174/1956/4540 2233/1955/4540
f 2199/1954/4541 2198/1987/4541 2233/1955/4541
f 2145/1898/4542 2257/1958/4542 2199/1954/4542
f 2145/1898/4543 2146/1959/4543 2257/1958/4543
f 2122/1851/4544 2147/3271/4544 2203/2016/4544
f 2177/1928/4545 2178/1878/4545 2204/1931/4545
f 2181/1901/4546 2125/1880/4546 2237/1967/4546
f 2150/1904/4547 2211/1969/4547 2210/2023/4547
f 2151/3268/4548 2182/1855/4548 2211/1969/4548
f 2182/1855/4549 2183/1906/4549 2240/1968/4549
f 2183/1906/4550 2212/1933/4550 2241/1994/4550
f 2130/1884/4551 2244/1972/4551 2154/1909/4551
f 2187/1935/4552 2216/1999/4552 2186/1975/4552
f 2217/1914/4553 2342/1976/4553 2187/1935/4553
f 2135/1841/4554 2160/1843/4554 2219/1977/4554
f 2162/1917/4555 2220/1979/4555 2250/2035/4555
f 2189/3272/4556 2252/2003/4556 2220/1979/4556
f 2222/2005/4557 2192/1939/4557 2165/1938/4557 2223/1941/4557
f 2236/2017/4558 2204/1931/4558 2205/1930/4558 2290/1991/4558
f 2168/1891/4559 2254/2036/4559 2225/1942/4559
f 2168/1891/4560 2226/1944/4560 2254/2036/4560
f 2196/1897/4561 2232/1952/4561 2231/1986/4561
f 2232/1952/4562 2197/1951/4562 2233/1955/4562
f 2234/1961/4563 2200/1960/4563 2259/1990/4563
f 2200/1960/4564 2201/1927/4564 2259/1990/4564
f 2201/1927/4565 2202/1926/4565 2235/1989/4565
f 2202/1926/4566 2122/1851/4566 2203/2016/4566
f 2203/2016/4567 2147/3271/4567 2177/1928/4567
f 2242/1995/4568 2185/1934/4568 2153/1908/4568 2243/1996/4568
f 2179/1963/4569 2291/1992/4569 2206/1964/4569
f 2208/1966/4570 2237/1967/4570 2263/2019/4570
f 2237/1967/4571 2209/1905/4571 2238/2021/4571
f 2209/1905/4572 2150/1904/4572 2238/2021/4572
f 2150/1904/4573 2210/2023/4573 2238/2021/4573
f 2210/2023/4574 2211/1969/4574 2239/1993/4574
f 2243/1996/4575 2129/1882/4575 2154/1909/4575 2244/1972/4575
f 2274/2055/4576 2249/1978/4576 2162/1917/4576 2250/2035/4576
f 2156/1885/4577 2269/1997/4577 2155/1971/4577
f 2214/1973/4578 2271/1998/4578 2269/1997/4578
f 2186/1975/4579 2245/2000/4579 2215/1974/4579
f 2216/1999/4580 2187/1935/4580 2246/2001/4580
f 2247/1936/4581 2219/1977/4581 2248/2052/4581
f 2219/1977/4582 2160/1843/4582 2249/1978/4582
f 2228/1983/4583 2169/1920/4583 2170/1922/4583 2280/2063/4583
f 2220/1979/4584 2251/2033/4584 2250/2035/4584
f 2220/1979/4585 2252/2003/4585 2251/2033/4585
f 2223/1941/4586 2253/2006/4586 2222/2005/4586
f 2224/1943/4587 2278/2007/4587 2253/2006/4587
f 2227/1945/4588 2279/2009/4588 2315/2008/4588
f 2261/2015/4589 2260/2097/4589 2202/1926/4589 2203/2016/4589
f 2229/1985/4590 2282/2066/4590 2194/1946/4590
f 2233/1955/4591 2286/2040/4591 2232/1952/4591
f 2233/1955/4592 2255/2012/4592 2286/2040/4592
f 2198/1987/4593 2257/1958/4593 2256/1988/4593
f 2257/1958/4594 2175/1957/4594 2258/2014/4594
f 2259/1990/4595 2235/1989/4595 2376/3273/4595
f 2235/1989/4596 2202/1926/4596 2260/2097/4596
f 2311/2058/4597 2276/2002/4597 2221/1981/4597 2277/2004/4597
f 2204/1931/72 2327/2018/72 2177/1928/72
f 2207/1965/4598 2262/2020/4598 2291/1992/4598
f 2237/1967/4599 2264/2022/4599 2263/2019/4599
f 2238/2021/4600 2265/2024/4600 2264/2022/4600
f 2239/1993/4601 2266/2026/4601 2265/2024/4601
f 2239/1993/4602 2240/1968/4602 2266/2026/4602
f 2240/1968/4603 2241/1994/4603 2267/2025/4603
f 2241/1994/4604 2213/1970/4604 2299/2027/4604
f 2213/1970/4605 2242/1995/4605 2299/2027/4605
f 2242/1995/4606 2243/1996/4606 2268/2028/4606
f 2243/1996/4607 2301/2029/4607 2268/2028/4607
f 2155/1971/4608 2269/1997/4608 2244/1972/4608
f 2269/1997/4609 2271/1998/4609 2270/2049/4609
f 2216/1999/4610 2272/2030/4610 2245/2000/4610
f 2218/1915/4611 2304/2031/4611 2342/1976/4611
f 2248/2052/4612 2219/1977/4612 2273/2032/4612
f 2250/2035/4613 2275/2034/4613 2274/2055/4613
f 2251/2033/4614 2276/2002/4614 2275/2034/4614
f 2353/2135/4615 2258/2014/4615 2176/2013/4615 2324/3107/4615
f 2277/2004/4616 2222/2005/4616 2312/2057/4616
f 2225/1942/4617 2347/2037/4617 2278/2007/4617
f 2226/1944/4618 2315/2008/4618 2254/2036/4618
f 2170/1922/4619 2281/1984/4619 2280/2063/4619
f 2229/1985/4620 2283/2010/4620 2282/2066/4620
f 2258/2014/4621 2353/2135/4621 2288/2042/4621
f 2289/2070/4622 2234/1961/4622 2259/1990/4622 2356/2071/4622
f 2328/2101/4623 2291/1992/4623 2262/2020/4623 2292/2074/4623
f 2235/1989/4624 2358/2099/4624 2376/3273/4624
f 2235/1989/4625 2260/2097/4625 2358/2099/4625
f 2261/2015/4626 2177/1928/4626 2327/2018/4626
f 2291/1992/4627 2328/2101/4627 2360/2139/4627
f 2296/2077/4628 2295/2075/4628 2265/2024/4628 2266/2026/4628
f 2262/2020/4629 2263/2019/4629 2292/2074/4629
f 2263/2019/4630 2293/2044/4630 2292/2074/4630
f 2264/2022/4631 2294/2045/4631 2293/2044/4631
f 2265/2024/4632 2295/2075/4632 2294/2045/4632
f 2306/2051/4633 2305/3274/4633 2247/1936/4633 2248/2052/4633
f 2266/2026/4634 2297/2047/4634 2296/2077/4634
f 2266/2026/4635 2267/2025/4635 2297/2047/4635
f 2267/2025/4636 2299/2027/4636 2298/2046/4636
f 2299/2027/4637 2268/2028/4637 2300/2080/4637
f 2268/2028/4638 2301/2029/4638 2300/2080/4638
f 2244/1972/4639 2302/2048/4639 2301/2029/4639
f 2271/1998/4640 2215/1974/4640 2303/2050/4640
f 2247/1936/4641 2305/3274/4641 2304/2031/4641
f 2307/2053/4642 2249/1978/4642 2274/2055/4642 2308/2088/4642
f 2346/2121/4643 2253/2006/4643 2278/2007/4643 2347/2037/4643
f 2274/2055/4644 2309/2054/4644 2308/2088/4644
f 2275/2034/4645 2310/2056/4645 2309/2054/4645
f 2276/2002/4646 2311/2058/4646 2310/2056/4646
f 2222/2005/4647 2370/2060/4647 2313/2059/4647
f 2373/2093/4648 2284/2038/4648 2231/1986/4648 2320/2011/4648
f 2254/2036/4649 2315/2008/4649 2314/2061/4649
f 2315/2008/4650 2316/2062/4650 2348/2122/4650
f 2228/1983/4651 2317/2064/4651 2279/2009/4651
f 2281/1984/4652 2350/2127/4652 2280/2063/4652
f 2281/1984/4653 2351/2065/4653 2350/2127/4653
f 2283/2010/4654 2319/2068/4654 2318/2067/4654
f 2322/2094/4655 2255/2012/4655 2256/1988/4655 2407/2069/4655
f 2320/2011/4656 2285/2039/4656 2321/2092/4656
f 2286/2040/4657 2322/2094/4657 2285/2039/4657
f 2286/2040/4658 2255/2012/4658 2322/2094/4658
f 2414/2141/4659 2290/1991/4659 2291/1992/4659 2360/2139/4659
f 2257/1958/4660 2323/2043/4660 2287/2041/4660
f 2356/2071/4661 2259/1990/4661 2357/3275/4661
f 2259/1990/4662 2376/3273/4662 2357/3275/4662
f 2260/2097/4663 2261/2015/4663 2325/2098/4663
f 2261/2015/4664 2326/2138/4664 2325/2098/4664
f 2261/2015/4665 2327/2018/4665 2326/2138/4665
f 2236/2017/4666 2290/1991/4666 2327/2018/4666
f 2290/1991/4667 2414/2141/4667 2359/2100/4667
f 2330/2104/4668 2293/2044/4668 2294/2045/4668 2331/2143/4668
f 2293/2044/4669 2330/2104/4669 2329/2073/4669
f 2334/2079/4670 2297/2047/4670 2298/2046/4670 2335/2108/4670
f 2294/2045/4671 2332/2076/4671 2331/2143/4671
f 2296/2077/4672 2297/2047/4672 2333/2078/4672
f 2336/2082/4673 2335/2108/4673 2298/2046/4673 2299/2027/4673
f 2343/2116/4674 2309/2054/4674 2310/2056/4674 2344/2152/4674
f 2299/2027/4675 2300/2080/4675 2336/2082/4675
f 2300/2080/4676 2301/2029/4676 2337/2081/4676
f 2270/2049/4677 2365/2085/4677 2302/2048/4677
f 2270/2049/4678 2271/1998/4678 2339/2084/4678
f 2245/2000/4679 2340/2086/4679 2303/2050/4679
f 2272/2030/4680 2246/2001/4680 2341/2087/4680
f 2308/2088/4681 2395/2089/4681 2307/2053/4681
f 2364/2110/4682 2363/2109/4682 2335/2108/4682 2336/2082/4682
f 2253/2006/4683 2346/2121/4683 2370/2060/4683
f 2315/2008/4684 2348/2122/4684 2314/2061/4684
f 2279/2009/4685 2402/2091/4685 2316/2062/4685
f 2317/2064/4686 2349/2124/4686 2402/2091/4686
f 2317/2064/4687 2280/2063/4687 2349/2124/4687
f 2280/2063/4688 2350/2127/4688 2349/2124/4688
f 2318/2067/4689 2352/2128/4689 2282/2066/4689
f 2284/2038/4690 2373/2093/4690 2319/2068/4690
f 2285/2039/4691 2406/2095/4691 2321/2092/4691
f 2353/2135/4692 2324/3107/4692 2354/2136/4692
f 2327/2018/4693 2359/2100/4693 2326/2138/4693
f 2295/2075/4694 2380/2106/4694 2332/2076/4694
f 2333/2078/4695 2334/2079/4695 2362/2107/4695
f 2334/2079/4696 2335/2108/4696 2362/2107/4696
f 2393/3276/4697 2305/3274/4697 2306/2051/4697 2273/2032/4697
f 2337/2081/4698 2384/3277/4698 2364/2110/4698
f 2337/2081/4699 2385/2111/4699 2384/3277/4699
f 2302/2048/4700 2365/2085/4700 2385/2111/4700
f 2339/2084/4701 2303/2050/4701 2366/2112/4701
f 2340/2086/4702 2272/2030/4702 2367/2113/4702
f 2342/1976/4703 2391/2148/4703 2341/2087/4703
f 2342/1976/4704 2392/2114/4704 2391/2148/4704
f 2368/2150/4705 2273/2032/4705 2307/2053/4705 2394/2115/4705
f 2399/2180/4706 2347/2037/4706 2314/2061/4706 2400/2123/4706
f 2395/2089/4707 2309/2054/4707 2396/2117/4707
f 2310/2056/4708 2369/2118/4708 2344/2152/4708
f 2311/2058/4709 2312/2057/4709 2369/2118/4709
f 2345/2090/4710 2313/2059/4710 2397/2119/4710
f 2346/2121/4711 2398/2120/4711 2370/2060/4711
f 2347/2037/4712 2399/2180/4712 2398/2120/4712
f 2405/2155/4713 2351/2065/4713 2282/2066/4713 2371/2129/4713
f 2350/2127/4714 2404/2126/4714 2349/2124/4714
f 2412/2193/4715 2355/2157/4715 2356/2071/4715 2357/3275/4715
f 2321/2092/4716 2406/2095/4716 2374/2131/4716
f 2322/2094/4717 2407/2069/4717 2406/2095/4717
f 2323/2043/4718 2409/2134/4718 2375/2096/4718
f 2353/2135/4719 2411/2137/4719 2410/2133/4719
f 2324/3107/4720 112/3278/4720 2354/2136/4720
f 16/2072/4721 2356/2071/4721 2355/2157/4721
f 2417/2144/4722 2331/2143/4722 2332/2076/4722 2418/2199/4722
f 2360/2139/4723 2377/2142/4723 2450/2140/4723
f 2329/2073/4724 2378/2105/4724 2361/2103/4724
f 2330/2104/4725 2379/2162/4725 2378/2105/4725
f 2330/2104/4726 2417/2144/4726 2379/2162/4726
f 2383/2167/4727 2382/2145/4727 2363/2109/4727 2364/2110/4727
f 2332/2076/4728 2380/2106/4728 2418/2199/4728
f 2362/2107/4729 2381/2146/4729 2380/2106/4729
f 2362/2107/4730 2363/2109/4730 2382/2145/4730
f 2388/2170/4731 2387/2172/4731 2365/2085/4731 2339/2084/4731
f 2364/2110/4732 2384/3277/4732 2383/2167/4732
f 2384/3277/4733 2385/2111/4733 2422/3279/4733
f 2385/2111/4734 2365/2085/4734 2386/3280/4734
f 2365/2085/4735 2387/2172/4735 2386/3280/4735
f 2388/2170/4736 2339/2084/4736 2366/2112/4736 2427/2207/4736
f 2427/2207/4737 2366/2112/4737 2340/2086/4737 2389/2147/4737
f 2392/2114/4738 2304/2031/4738 2305/3274/4738 2393/3276/4738
f 2437/2184/4739 2404/2126/4739 2351/2065/4739 2405/2155/4739
f 2273/2032/4740 2462/2151/4740 2393/3276/4740
f 2345/2090/4741 2397/2119/4741 2369/2118/4741
f 2370/2060/4742 2398/2120/4742 2397/2119/4742
f 2348/2122/4743 2401/2153/4743 2400/2123/4743
f 2316/2062/4744 2402/2091/4744 2401/2153/4744
f 2349/2124/4745 2404/2126/4745 2403/2125/4745
f 2371/2129/4746 2352/2128/4746 2318/2067/4746 2372/2130/4746
f 2448/2195/4747 2412/2193/4747 2357/3275/4747 2376/3273/4747
f 2319/2068/4748 2373/2093/4748 2442/2156/4748
f 2410/2133/4749 2411/2137/4749 2446/2221/4749
f 2355/2157/4750 2412/2193/4750 2447/2192/4750
f 2413/2196/4751 2448/2195/4751 2358/2099/4751 2325/2098/4751
f 2376/3273/4752 2358/2099/4752 2448/2195/4752
f 2424/2203/4753 2423/2205/4753 2385/2111/4753 2386/3280/4753
f 2325/2098/4754 2414/2141/4754 2413/2196/4754
f 2325/2098/4755 2359/2100/4755 2414/2141/4755
f 2377/2142/4756 2328/2101/4756 2415/2102/4756
f 2292/2074/4757 2416/2160/4757 2415/2102/4757
f 2417/2144/4758 2418/2199/4758 2453/2201/4758
f 2380/2106/4759 2419/2164/4759 2418/2199/4759
f 2381/2146/4760 2382/2145/4760 2420/2166/4760
f 2382/2145/4761 2383/2167/4761 2455/2165/4761
f 2383/2167/4762 2384/3277/4762 2421/2169/4762
f 2384/3277/4763 2422/3279/4763 2421/2169/4763
f 2385/2111/4764 2423/2205/4764 2422/3279/4764
f 2426/2171/4765 2425/2206/4765 2386/3280/4765 2387/2172/4765
f 2386/3280/4766 2425/2206/4766 2424/2203/4766
f 2428/2208/4767 2367/2113/4767 2341/2087/4767 2429/2173/4767
f 2388/2170/4768 2427/2207/4768 2426/2171/4768
f 2367/2113/4769 2428/2208/4769 2389/2147/4769
f 2431/2212/4770 2463/2175/4770 2368/2150/4770 2394/2115/4770
f 2390/2149/4771 2391/2148/4771 2430/2174/4771
f 2393/3276/4772 2462/2151/4772 2392/2114/4772
f 2431/2212/4773 2394/2115/4773 2395/2089/4773 2432/2176/4773
f 2464/3281/4774 2396/2117/4774 2344/2152/4774 2433/2177/4774
f 2497/2263/4775 2399/2180/4775 2400/2123/4775 2436/2182/4775
f 2369/2118/4776 2434/2178/4776 2433/2177/4776
f 2397/2119/4777 2495/2179/4777 2434/2178/4777
f 2399/2180/4778 2497/2263/4778 2435/2181/4778
f 2444/2188/4779 2406/2095/4779 2407/2069/4779 2472/2189/4779
f 2401/2153/4780 2466/2183/4780 2521/2267/4780
f 2405/2155/4781 2438/2154/4781 2437/2184/4781
f 2371/2129/4782 2372/2130/4782 2440/2218/4782
f 2372/2130/4783 2441/2186/4783 2440/2218/4783
f 2442/2156/4784 2373/2093/4784 2443/2187/4784
f 2446/2221/4785 2445/2191/4785 2409/2134/4785 2410/2133/4785
f 2375/2096/4786 2445/2191/4786 2473/2190/4786
f 2446/2221/4787 2411/2137/4787 2354/2136/4787 112/3278/4787
f 2452/2163/4788 2379/2162/4788 2417/2144/4788 2453/2201/4788
f 14/2159/4789 2476/2158/4789 13/3121/4789
f 2412/2193/4790 2448/2195/4790 2478/2194/4790
f 2414/2141/4791 2449/2223/4791 2448/2195/4791
f 2414/2141/4792 2450/2140/4792 2449/2223/4792
f 2361/2103/4793 2451/2161/4793 2416/2160/4793
f 2378/2105/4794 2452/2163/4794 2451/2161/4794
f 2458/2204/4795 2457/2231/4795 2422/3279/4795 2423/2205/4795
f 2419/2164/4796 2381/2146/4796 2511/2202/4796
f 2456/2168/4797 2421/2169/4797 2513/2232/4797
f 2421/2169/4798 2422/3279/4798 2457/2231/4798
f 2467/2240/4799 2466/2183/4799 2403/2125/4799 2468/2216/4799
f 2389/2147/4800 2459/2209/4800 2489/3282/4800
f 2429/2173/4801 2460/2210/4801 2428/2208/4801
f 2392/2114/4802 2461/2211/4802 2430/2174/4802
f 2396/2117/4803 2464/3281/4803 2432/2176/4803
f 2435/2181/4804 2496/2265/4804 2495/2179/4804
f 2435/2181/4805 2497/2263/4805 2496/2265/4805
f 2401/2153/4806 2521/2267/4806 2436/2182/4806
f 2469/2242/4807 2437/2184/4807 2438/2154/4807 2498/2269/4807
f 2437/2184/4808 2469/2242/4808 2468/2216/4808
f 2471/2219/4809 2501/2273/4809 2441/2186/4809 2442/2156/4809
f 2441/2186/4810 2501/2273/4810 2440/2218/4810
f 2477/2248/4811 2476/2158/4811 2447/2192/4811 2478/2194/4811
f 2408/2132/4812 2473/2190/4812 2472/2189/4812
f 2473/2190/4813 2474/2222/4813 2504/2245/4813
f 2473/2190/4814 2445/2191/4814 2474/2222/4814
f 13/3121/4815 2476/2158/4815 2475/2249/4815
f 2486/2233/4816 2457/2231/4816 2458/2204/4816 2487/2236/4816
f 2450/2140/4817 2507/2283/4817 2449/2223/4817
f 2450/2140/4818 2480/2197/4818 2507/2283/4818
f 2377/2142/4819 2481/2225/4819 2480/2197/4819
f 2377/2142/4820 2415/2102/4820 2481/2225/4820
f 2453/2201/4821 2509/2228/4821 2483/2227/4821
f 2418/2199/4822 2419/2164/4822 2484/2229/4822
f 2420/2166/4823 2455/2165/4823 2511/2202/4823
f 2455/2165/4824 2513/2232/4824 2511/2202/4824
f 2455/2165/4825 2456/2168/4825 2513/2232/4825
f 2488/2235/4826 2427/2207/4826 2389/2147/4826 2489/3282/4826
f 2518/2237/4827 2459/2209/4827 2428/2208/4827 2460/2210/4827
f 2493/2260/4828 2492/2259/4828 2432/2176/4828 2464/3281/4828
f 2461/2211/4829 2462/2151/4829 2546/2257/4829
f 2462/2151/4830 2463/2175/4830 2490/2213/4830
f 2490/2213/4831 2431/2212/4831 2491/2214/4831
f 2491/2214/4832 2432/2176/4832 2492/2259/4832
f 2494/2239/4833 2493/2260/4833 2464/3281/4833 2433/2177/4833
f 2500/2270/4834 2470/2217/4834 2440/2218/4834 2501/2273/4834
f 2434/2178/4835 2550/2262/4835 2465/2215/4835
f 2434/2178/4836 2495/2179/4836 2550/2262/4836
f 2495/2179/4837 2496/2265/4837 2520/2296/4837
f 2497/2263/4838 2436/2182/4838 2552/2264/4838
f 2468/2216/4839 2522/2243/4839 2467/2240/4839
f 2469/2242/4840 2498/2269/4840 2522/2243/4840
f 2438/2154/4841 2499/2244/4841 2498/2269/4841
f 2438/2154/4842 2439/2185/4842 2499/2244/4842
f 2525/2274/4843 2503/2326/4843 2502/2220/4843 2444/2188/4843
f 2443/2187/4844 2502/2220/4844 2471/2219/4844
f 2506/2250/4845 2477/2248/4845 2478/2194/4845 2448/2195/4845
f 2474/2222/4846 2561/2247/4846 2505/2246/4846
f 2507/2283/4847 2480/2197/4847 2481/2225/4847 2508/2198/4847
f 2449/2223/4848 2507/2283/4848 2479/2224/4848
f 2482/2226/4849 2452/2163/4849 2483/2227/4849 2509/2228/4849
f 2516/2291/4850 2515/2290/4850 2489/3282/4850 2459/2209/4850
f 2484/2229/4851 2510/2252/4851 2454/2200/4851
f 2511/2202/4852 2538/2253/4852 2512/2287/4852
f 2513/2232/4853 2457/2231/4853 2514/2254/4853
f 2487/2236/4854 2488/2235/4854 2542/2255/4854
f 2488/2235/4855 2515/2290/4855 2542/2255/4855
f 2488/2235/4856 2489/3282/4856 2515/2290/4856
f 2577/2268/4857 2499/2244/4857 2470/2217/4857 2558/2271/4857
f 2459/2209/4858 2517/2293/4858 2516/2291/4858
f 2459/2209/4859 2518/2237/4859 2517/2293/4859
f 2430/2174/4860 2543/2256/4860 2518/2237/4860
f 2461/2211/4861 2546/2257/4861 2519/2238/4861
f 2495/2179/4862 2520/2296/4862 2550/2262/4862
f 2436/2182/4863 2521/2267/4863 2553/2266/4863
f 2467/2240/4864 2522/2243/4864 2555/2241/4864
f 2498/2269/4865 2577/2268/4865 2522/2243/4865
f 2524/2300/4866 2471/2219/4866 2502/2220/4866 2503/2326/4866
f 2471/2219/4867 2524/2300/4867 2523/2272/4867
f 2560/2324/4868 2504/2245/4868 2505/2246/4868 2526/2275/4868
f 2504/2245/4869 2560/2324/4869 2525/2274/4869
f 2531/2281/4870 2479/2224/4870 2507/2283/4870 2532/2303/4870
f 2475/2249/4871 2477/2248/4871 2528/2278/4871
f 2477/2248/4872 2506/2250/4872 2529/2279/4872
f 2506/2250/4873 2479/2224/4873 2531/2281/4873
f 2541/2314/4874 2540/2234/4874 2486/2233/4874 2542/2255/4874
f 2507/2283/4875 2533/2282/4875 2532/2303/4875
f 2508/2198/4876 2534/2251/4876 2533/2282/4876
f 2482/2226/4877 2535/2284/4877 2534/2251/4877
f 2509/2228/4878 2568/2285/4878 2535/2284/4878
f 2510/2252/4879 2511/2202/4879 2537/2288/4879
f 2513/2232/4880 2539/2289/4880 2538/2253/4880
f 2551/2297/4881 2520/2296/4881 2496/2265/4881 2552/2264/4881
f 2515/2290/4882 2571/2292/4882 2542/2255/4882
f 2517/2293/4883 2518/2237/4883 2543/2256/4883
f 2519/2238/4884 2546/2257/4884 2545/2315/4884
f 2493/2260/4885 2549/2295/4885 2548/2261/4885
f 2494/2239/4886 2550/2262/4886 2549/2295/4886
f 2586/2332/4887 2562/2334/4887 2527/2277/4887 2563/2276/4887
f 2521/2267/4888 2555/2241/4888 2554/2298/4888
f 2555/2241/4889 2556/2299/4889 2576/2349/4889
f 2522/2243/4890 2557/2320/4890 2556/2299/4890
f 2500/2270/4891 2501/2273/4891 2558/2271/4891
f 2503/2326/4892 2525/2274/4892 2560/2324/4892
f 2446/2221/4893 2582/2327/4893 2561/2247/4893
f 2446/2221/4894 112/3278/4894 2584/2331/4894
f 11/3120/4895 2527/2277/4895 2562/2334/4895
f 2565/2305/4896 2533/2282/4896 2534/2251/4896 2566/2307/4896
f 2528/2278/4897 2529/2279/4897 2588/3283/4897
f 2531/2281/4898 2564/2304/4898 2530/2280/4898
f 2533/2282/4899 2590/2306/4899 2532/2303/4899
f 2597/2311/4900 2537/2288/4900 2512/2287/4900 2538/2253/4900
f 2535/2284/4901 2567/2336/4901 2566/2307/4901
f 2535/2284/4902 2568/2285/4902 2567/2336/4902
f 2454/2200/4903 2594/2308/4903 2568/2285/4903
f 2510/2252/4904 2537/2288/4904 2595/2309/4904
f 2570/2313/4905 2569/2339/4905 2514/2254/4905 2540/2234/4905
f 2538/2253/4906 2539/2289/4906 2598/2310/4906
f 2539/2289/4907 2514/2254/4907 2569/2339/4907
f 2545/2315/4908 2546/2257/4908 2547/2258/4908 2573/2345/4908
f 2571/2292/4909 2516/2291/4909 2572/2341/4909
f 2516/2291/4910 2543/2256/4910 2572/2341/4910
f 2543/2256/4911 2544/2294/4911 2572/2341/4911
f 2578/2322/4912 2523/2272/4912 2559/2301/4912 2579/2323/4912
f 2547/2258/4913 2574/2316/4913 2573/2345/4913
f 2552/2264/4914 2575/2318/4914 2607/2317/4914
f 2555/2241/4915 2576/2349/4915 2554/2298/4915
f 2556/2299/4916 2609/2350/4916 2576/2349/4916
f 2556/2299/4917 2610/2321/4917 2609/2350/4917
f 2522/2243/4918 2577/2268/4918 2634/2352/4918
f 2558/2271/4919 2612/2371/4919 2577/2268/4919
f 2558/2271/4920 2578/2322/4920 2612/2371/4920
f 2615/2374/4921 2526/2275/4921 2561/2247/4921 2580/3284/4921
f 2503/2326/4922 2663/2325/4922 2524/2300/4922
f 2560/2324/4923 2526/2275/4923 2615/2374/4923
f 2589/2335/4924 2588/3283/4924 2529/2279/4924 2530/2280/4924
f 2561/2247/4925 2581/2328/4925 2580/3284/4925
f 2582/2327/4926 2446/2221/4926 2583/2329/4926
f 2562/2334/4927 2585/2333/4927 10/2377/4927
f 2563/2276/4928 2587/2302/4928 2586/2332/4928
f 2528/2278/4929 2588/3283/4929 2587/2302/4929
f 2634/2352/4930 2611/2370/4930 2557/2320/4930 2522/2243/4930
f 2530/2280/4931 2564/2304/4931 2589/2335/4931
f 2532/2303/4932 2590/2306/4932 2589/2335/4932
f 2566/2307/4933 2591/2337/4933 2590/2306/4933
f 2568/2285/4934 2592/2358/4934 2567/2336/4934
f 2568/2285/4935 2593/3285/4935 2592/2358/4935
f 2568/2285/4936 2594/2308/4936 2593/3285/4936
f 2536/2286/4937 2595/2309/4937 2594/2308/4937
f 2537/2288/4938 2597/2311/4938 2596/2338/4938
f 2541/2314/4939 2601/2343/4939 2600/2312/4939
f 2541/2314/4940 2571/2292/4940 2601/2343/4940
f 2571/2292/4941 2572/2341/4941 2601/2343/4941
f 2572/2341/4942 2603/2393/4942 2602/2342/4942
f 2572/2341/4943 2544/2294/4943 2653/2414/4943
f 2544/2294/4944 2604/2344/4944 2653/2414/4944
f 2574/2316/4945 2605/2346/4945 2573/2345/4945
f 2551/2297/4946 2629/2348/4946 2606/2347/4946
f 2553/2266/4947 2630/2319/4947 2575/2318/4947
f 2554/2298/4948 2608/2367/4948 2630/2319/4948
f 2554/2298/4949 2609/2350/4949 2608/2367/4949
f 2557/2320/4950 2611/2370/4950 2610/2321/4950
f 2638/2398/4951 2580/3284/4951 2581/2328/4951 2639/3286/4951
f 2612/2371/4952 2578/2322/4952 2613/2372/4952
f 2579/2323/4953 2614/2353/4953 2578/2322/4953
f 2524/2300/4954 2663/2325/4954 2637/3287/4954
f 2580/3284/4955 2638/2398/4955 2615/2374/4955
f 2639/3286/4956 2581/2328/4956 2582/2327/4956 2640/2330/4956
f 2619/2357/4957 2618/2355/4957 2588/3283/4957 2589/2335/4957
f 2584/2331/4958 2616/2402/4958 2583/2329/4958
f 2586/2332/4959 2587/2302/4959 2617/2354/4959
f 2587/2302/4960 2588/3283/4960 2618/2355/4960
f 2627/2364/4961 2573/2345/4961 2605/2346/4961 2655/2395/4961
f 2567/2336/4962 2621/2359/4962 2591/2337/4962
f 2594/2308/4963 2622/2360/4963 2593/3285/4963
f 2598/2310/4964 2569/2339/4964 2623/2361/4964
f 2570/2313/4965 2600/2312/4965 2624/2362/4965
f 2572/2341/4966 2653/2414/4966 2603/2393/4966
f 2604/2344/4967 2627/2364/4967 2626/2417/4967
f 2635/2373/4968 2659/2351/4968 2577/2268/4968 2612/2371/4968
f 2549/2295/4969 2628/2365/4969 2605/2346/4969
f 2607/2317/4970 2575/2318/4970 2629/2348/4970
f 2609/2350/4971 2632/2368/4971 2631/2366/4971
f 2660/3288/4972 2578/2322/4972 2614/2353/4972 2636/2426/4972
f 2578/2322/4973 2660/3288/4973 2613/2372/4973
f 2636/2426/4974 2614/2353/4974 2524/2300/4974 2637/3287/4974
f 2651/2392/4975 2625/2363/4975 2602/2342/4975 2652/2394/4975
f 2663/2325/4976 2560/2324/4976 2664/2375/4976
f 2615/2374/4977 2638/2398/4977 2664/2375/4977
f 2638/2398/4978 2639/3286/4978 2667/2399/4978
f 2616/2402/4979 2584/2331/4979 2686/2433/4979
f 2618/2355/4980 2619/2357/4980 2642/2380/4980
f 2619/2357/4981 2620/2356/4981 2643/2381/4981
f 2593/3285/4982 2692/2458/4982 2592/2358/4982
f 2593/3285/4983 2622/2360/4983 2646/2385/4983
f 2596/2338/4984 2597/2311/4984 2648/2386/4984
f 2597/2311/4985 2623/2361/4985 2699/2388/4985
f 2623/2361/4986 2599/2340/4986 2673/2390/4986
f 2599/2340/4987 2570/2313/4987 2649/2389/4987
f 2570/2313/4988 2624/2362/4988 2649/2389/4988
f 2626/2417/4989 2676/2415/4989 2653/2414/4989 2604/2344/4989
f 2658/3289/4990 2752/2425/4990 2611/2370/4990 2634/2352/4990
f 2627/2364/4991 2655/2395/4991 2654/2419/4991
f 2606/2347/4992 2656/2420/4992 2628/2365/4992
f 2606/2347/4993 2629/2348/4993 2656/2420/4993
f 2629/2348/4994 2657/2422/4994 2656/2420/4994
f 2575/2318/4995 2680/2396/4995 2629/2348/4995
f 2631/2366/4996 2710/2446/4996 2608/2367/4996
f 2662/3290/4997 2661/2427/4997 2636/2426/4997 2637/3287/4997
f 2613/2372/4998 2660/3288/4998 2635/2373/4998
f 2665/2431/4999 2664/2375/4999 2638/2398/4999 2666/2400/4999
f 2637/3287/5000 2663/2325/5000 2662/3290/5000
f 2683/2451/5001 2667/2399/5001 2639/3286/5001 2640/2330/5001
f 2718/2453/5002 2642/2380/5002 2643/2381/5002 2689/2455/5002
f 2640/2330/5003 2684/2401/5003 2683/2451/5003
f 2617/2354/5004 2642/2380/5004 2668/2379/5004
f 2705/2443/5005 2655/2395/5005 2628/2365/5005 2678/2441/5005
f 2643/2381/5006 2669/2405/5006 2689/2455/5006
f 2644/2382/5007 2691/2406/5007 2670/2404/5007
f 2592/2358/5008 2692/2458/5008 2645/2383/5008
f 2593/3285/5009 2693/2408/5009 2692/2458/5009
f 2593/3285/5010 2646/2385/5010 2693/2408/5010
f 2622/2360/5011 2695/2462/5011 2647/2384/5011
f 2622/2360/5012 2696/2410/5012 2695/2462/5012
f 2603/2393/5013 2702/2413/5013 2652/2394/5013
f 2626/2417/5014 2627/2364/5014 2677/2418/5014
f 2714/2448/5015 2666/2400/5015 2667/2399/5015 2683/2451/5015
f 2628/2365/5016 2679/2421/5016 2678/2441/5016
f 2629/2348/5017 2680/2396/5017 2657/2422/5017
f 2608/2367/5018 2710/2446/5018 2709/2397/5018
f 2631/2366/5019 2632/2368/5019 2681/2424/5019
f 2632/2368/5020 2611/2370/5020 2711/2423/5020
f 2660/3288/5021 2712/2487/5021 2635/2373/5021
f 2660/3288/5022 2636/2426/5022 2733/2428/5022
f 2663/2325/5023 2664/2375/5023 2682/2429/5023
f 2664/2375/5024 2713/2432/5024 2682/2429/5024
f 2666/2400/5025 2714/2448/5025 2665/2431/5025
f 2688/2452/5026 2687/2454/5026 2668/2379/5026 2642/2380/5026
f 2684/2401/5027 2616/2402/5027 2686/2433/5027
f 2641/2378/5028 2806/2509/5028 2782/2403/5028
f 2641/2378/5029 2687/2454/5029 2806/2509/5029
f 2641/2378/5030 2668/2379/5030 2687/2454/5030
f 2702/2413/5031 2701/2411/5031 2651/2392/5031 2652/2394/5031
f 2642/2380/5032 2718/2453/5032 2688/2452/5032
f 2669/2405/5033 2690/2493/5033 2689/2455/5033
f 2669/2405/5034 2670/2404/5034 2690/2493/5034
f 2647/2384/5035 2695/2462/5035 2694/2409/5035
f 2648/2386/5036 2697/2436/5036 2696/2410/5036
f 2648/2386/5037 2672/2387/5037 2697/2436/5037
f 2672/2387/5038 2699/2388/5038 2698/2435/5038
f 2673/2390/5039 2649/2389/5039 2700/2437/5039
f 2650/2391/5040 2651/2392/5040 2701/2411/5040
f 2753/3291/5041 2659/2351/5041 2635/2373/5041 2712/2487/5041
f 2702/2413/5042 2674/2412/5042 2703/2439/5042
f 2674/2412/5043 2653/2414/5043 2728/2438/5043
f 2675/2416/5044 2676/2415/5044 2729/2469/5044
f 2676/2415/5045 2677/2418/5045 2704/2440/5045
f 2655/2395/5046 2705/2443/5046 2654/2419/5046
f 2678/2441/5047 2707/2444/5047 2706/2442/5047
f 2657/2422/5048 2708/2445/5048 2679/2421/5048
f 2658/3289/5049 2634/2352/5049 2775/3292/5049
f 2719/2457/5050 2740/3293/5050 2670/2404/5050 2691/2406/5050
f 2712/2487/5051 2660/3288/5051 2733/2428/5051
f 2662/3290/5052 2663/2325/5052 2756/2447/5052
f 2682/2429/5053 2713/2432/5053 2735/2430/5053
f 2714/2448/5054 2683/2451/5054 2715/3294/5054
f 2683/2451/5055 2716/2450/5055 2715/3294/5055
f 2686/2433/5056 2717/2476/5056 2685/2434/5056
f 2686/2433/5057 2737/2490/5057 2717/2476/5057
f 2687/2454/5058 2830/2477/5058 2806/2509/5058
f 2689/2455/5059 2690/2493/5059 2738/2456/5059
f 2670/2404/5060 2740/3293/5060 2739/2491/5060
f 2721/2460/5061 2720/2459/5061 2692/2458/5061 2693/2408/5061
f 2753/3291/5062 2775/3292/5062 2634/2352/5062 2659/2351/5062
f 2671/2407/5063 2722/2461/5063 2721/2460/5063
f 2698/2435/5064 2699/2388/5064 2724/2464/5064
f 2699/2388/5065 2725/2466/5065 2724/2464/5065
f 2699/2388/5066 2700/2437/5066 2725/2466/5066
f 2700/2437/5067 2701/2411/5067 2725/2466/5067
f 2701/2411/5068 2702/2413/5068 2727/2467/5068
f 2702/2413/5069 2703/2439/5069 2744/2468/5069
f 2654/2419/5070 2730/2470/5070 2704/2440/5070
f 2680/2396/5071 2749/2472/5071 2708/2445/5071
f 2709/2397/5072 2750/2473/5072 2749/2472/5072
f 2681/2424/5073 2732/2474/5073 2710/2446/5073
f 2754/2506/5074 2661/2427/5074 2662/3290/5074 2755/2507/5074
f 2753/3291/5075 2712/2487/5075 2776/2504/5075
f 2661/2427/5076 2754/2506/5076 2733/2428/5076
f 2757/3295/5077 2715/3294/5077 2716/2450/5077 2758/2475/5077
f 2756/2447/5078 2735/2430/5078 2734/2489/5078
f 2713/2432/5079 2736/2449/5079 2735/2430/5079
f 2713/2432/5080 2665/2431/5080 2736/2449/5080
f 2714/2448/5081 2715/3294/5081 2757/3295/5081
f 2766/2484/5082 2743/2482/5082 2725/2466/5082 2726/2465/5082
f 2670/2404/122 2739/2491/122 2690/2493/122
f 2722/2461/5083 2694/2409/5083 2857/2479/5083
f 2761/2463/5084 2697/2436/5084 2723/2513/5084
f 2723/2513/5085 2697/2436/5085 2741/2481/5085
f 2725/2466/5086 2742/2483/5086 2724/2464/5086
f 2771/3296/5087 2731/2471/5087 2708/2445/5087 2748/2501/5087
f 2729/2469/5088 2704/2440/5088 2745/2518/5088
f 2704/2440/5089 2746/2485/5089 2745/2518/5089
f 2706/2442/5090 2747/2486/5090 2730/2470/5090
f 2751/2502/5091 2732/2474/5091 2711/2423/5091 2752/2425/5091
f 2708/2445/5092 2749/2472/5092 2748/2501/5092
f 2764/2496/5093 2743/2482/5093 2766/2484/5093 2765/3297/5093
f 2712/2487/5094 2802/2488/5094 2776/2504/5094
f 2662/3290/5095 2756/2447/5095 2755/2507/5095
f 2736/2449/5096 2714/2448/5096 2757/3295/5096
f 2738/2456/5097 2690/2493/5097 2759/3298/5097
f 2690/2493/5098 2808/2492/5098 2759/3298/5098
f 2739/2491/5099 2740/3293/5099 2809/3299/5099
f 2740/3293/5100 2719/2457/5100 2809/3299/5100
f 2720/2459/5101 2760/2478/5101 2645/2383/5101
f 2696/2410/5102 2786/2480/5102 2857/2479/5102
f 2741/2481/5103 2724/2464/5103 2762/2495/5103
f 2742/2483/5104 2788/2532/5104 2763/2494/5104
f 2742/2483/5105 2764/2496/5105 2788/2532/5105
f 2772/3300/5106 2710/2446/5106 2732/2474/5106 2773/2503/5106
f 2727/2467/5107 2767/2497/5107 2766/2484/5107
f 2727/2467/5108 2744/2468/5108 2767/2497/5108
f 2703/2439/5109 2728/2438/5109 2767/2497/5109
f 2728/2438/5110 2729/2469/5110 2768/2498/5110
f 2731/2471/5111 2771/3296/5111 2770/2500/5111
f 2819/2558/5112 2843/2538/5112 2775/3292/5112 2753/3291/5112
f 2752/2425/5113 2658/3289/5113 2774/2521/5113
f 2658/3289/5114 2775/3292/5114 2774/2521/5114
f 2778/2508/5115 2802/2488/5115 2733/2428/5115 2754/2506/5115
f 2753/3291/5116 2776/2504/5116 2819/2558/5116
f 2780/3301/5117 2757/3295/5117 2758/2475/5117 2781/2525/5117
f 2734/2489/5118 2736/2449/5118 2779/3302/5118
f 2779/3302/5119 2736/2449/5119 2780/3301/5119
f 2736/2449/5120 2757/3295/5120 2780/3301/5120
f 2807/2529/5121 2738/2456/5121 2759/3298/5121 2831/2543/5121
f 2718/2453/5122 2784/3303/5122 2830/2477/5122
f 2811/3304/5123 2785/2530/5123 2722/2461/5123 2857/2479/5123
f 2739/2491/5124 2809/3299/5124 2808/2492/5124
f 2645/2383/5125 2810/2511/5125 2719/2457/5125
f 2722/2461/5126 2785/2530/5126 2760/2478/5126
f 2790/2552/5127 2789/2548/5127 2766/2484/5127 2767/2497/5127
f 2763/2494/5128 2788/2532/5128 2762/2495/5128
f 2766/2484/5129 2789/2548/5129 2765/3297/5129
f 2797/2556/5130 2816/3305/5130 2771/3296/5130 2748/2501/5130
f 2767/2497/5131 2791/2515/5131 2790/2552/5131
f 2767/2497/5132 2793/2517/5132 2792/2514/5132
f 2767/2497/5133 2768/2498/5133 2793/2517/5133
f 2768/2498/5134 2729/2469/5134 2794/2516/5134
f 2729/2469/5135 2745/2518/5135 2794/2516/5135
f 2771/3296/5136 2796/3306/5136 2770/2500/5136
f 2771/3296/5137 2816/3305/5137 2796/3306/5137
f 2805/3307/5138 2780/3301/5138 2781/2525/5138 2826/2527/5138
f 2748/2501/5139 2798/2520/5139 2797/2556/5139
f 2751/2502/5140 2799/3308/5140 2773/2503/5140
f 2752/2425/5141 2800/2522/5141 2751/2502/5141
f 2775/3292/5142 2843/2538/5142 2774/2521/5142
f 2819/2558/5143 2776/2504/5143 2801/2523/5143
f 2756/2447/5144 2734/2489/5144 2804/2542/5144
f 2734/2489/5145 2823/2540/5145 2804/2542/5145
f 2734/2489/5146 2779/3302/5146 2823/2540/5146
f 2779/3302/5147 2805/3307/5147 2823/2540/5147
f 2779/3302/5148 2780/3301/5148 2805/3307/5148
f 2801/2523/5149 2777/2505/5149 2802/2488/5149 2820/2560/5149
f 2782/2403/5150 2783/2510/5150 2828/2528/5150
f 2718/2453/5151 2807/2529/5151 2784/3303/5151
f 2809/3299/5152 2719/2457/5152 2810/2511/5152
f 2760/2478/5153 2834/2531/5153 2833/2545/5153
f 2786/2480/5154 2787/2512/5154 2835/2547/5154
f 2765/3297/5155 2789/2548/5155 2837/2550/5155
f 2789/2548/5156 2790/2552/5156 2813/2549/5156
f 2794/2516/5157 2839/2553/5157 2793/2517/5157
f 2794/2516/5158 2814/2534/5158 2839/2553/5158
f 2795/2519/5159 2746/2485/5159 2840/2578/5159
f 2746/2485/5160 2815/2535/5160 2840/2578/5160
f 2710/2446/5161 2842/2557/5161 2798/2520/5161
f 2710/2446/5162 2817/2537/5162 2842/2557/5162
f 2710/2446/5163 2772/3300/5163 2818/2536/5163
f 2751/2502/5164 2800/2522/5164 2799/3308/5164
f 2846/2588/5165 2803/2524/5165 2756/2447/5165 2804/2542/5165
f 2802/2488/5166 2885/2630/5166 2820/2560/5166
f 2802/2488/5167 2821/2539/5167 2885/2630/5167
f 2824/3309/5168 2805/3307/5168 2826/2527/5168 2825/2564/5168
f 2805/3307/5169 2847/2563/5169 2823/2540/5169
f 2805/3307/5170 2824/3309/5170 2847/2563/5170
f 2829/2593/5171 2850/2591/5171 2828/2528/5171 2806/2509/5171
f 2852/2597/5172 2829/2593/5172 2806/2509/5172 2830/2477/5172
f 2831/2543/5173 2759/3298/5173 2808/2492/5173 2854/2571/5173
f 2807/2529/5174 2853/2544/5174 2784/3303/5174
f 2854/2571/5175 2809/3299/5175 2810/2511/5175 2832/2546/5175
f 2808/2492/5176 2809/3299/5176 2854/2571/5176
f 2853/2544/5177 2852/2597/5177 2830/2477/5177 2784/3303/5177
f 2834/2531/5178 2785/2530/5178 2856/2620/5178
f 2785/2530/5179 2811/3304/5179 2856/2620/5179
f 2811/3304/5180 2857/2479/5180 2879/2640/5180
f 2787/2512/5181 2762/2495/5181 2812/2533/5181
f 2764/2496/5182 2836/2574/5182 2812/2533/5182
f 2764/2496/5183 2765/3297/5183 2836/2574/5183
f 2765/3297/5184 2837/2550/5184 2836/2574/5184
f 2792/2514/5185 2793/2517/5185 2838/2551/5185
f 2795/2519/5186 2840/2578/5186 2814/2534/5186
f 2769/2499/5187 2841/2554/5187 2815/2535/5187
f 2770/2500/5188 2796/3306/5188 2841/2554/5188
f 2816/3305/5189 2797/2556/5189 2865/2555/5189
f 2772/3300/5190 2773/2503/5190 2818/2536/5190
f 2819/2558/5191 2845/2585/5191 2844/2559/5191
f 2819/2558/5192 2801/2523/5192 2845/2585/5192
f 2778/2508/5193 2886/2562/5193 2821/2539/5193
f 2804/2542/5194 2822/2541/5194 2846/2588/5194
f 2824/3309/5195 2890/2566/5195 2847/2563/5195
f 2824/3309/5196 2825/2564/5196 2890/2566/5196
f 2825/2564/5197 2849/2567/5197 2848/2565/5197
f 2826/2527/5198 2872/2568/5198 2849/2567/5198
f 2829/2593/5199 2852/2597/5199 2851/2594/5199
f 2864/2607/5200 2796/3306/5200 2816/3305/5200 2865/2555/5200
f 2832/2546/5201 2877/2600/5201 2854/2571/5201
f 2832/2546/5202 2855/2573/5202 2877/2600/5202
f 2834/2531/5203 2878/2615/5203 2833/2545/5203
f 2834/2531/5204 2900/2617/5204 2878/2615/5204
f 2811/3304/5205 2879/2640/5205 2856/2620/5205
f 2836/2574/5206 2931/2576/5206 2812/2533/5206
f 2836/2574/5207 2837/2550/5207 2858/2575/5207
f 2790/2552/5208 2838/2551/5208 2859/2577/5208
f 2838/2551/5209 2839/2553/5209 2860/2604/5209
f 2839/2553/5210 2814/2534/5210 2861/3310/5210
f 2814/2534/5211 2862/2579/5211 2861/3310/5211
f 2840/2578/5212 2815/2535/5212 2910/2581/5212
f 2815/2535/5213 2841/2554/5213 2863/2580/5213
f 2841/2554/5214 2796/3306/5214 2864/2607/5214
f 2869/3311/5215 2773/2503/5215 2799/3308/5215 2870/2583/5215
f 2842/2557/5216 2867/2609/5216 2866/2582/5216
f 2817/2537/5217 2868/2610/5217 2842/2557/5217
f 2817/2537/5218 2818/2536/5218 2868/2610/5218
f 2773/2503/5219 2882/2629/5219 2818/2536/5219
f 2773/2503/5220 2869/3311/5220 2882/2629/5220
f 2888/2589/5221 2887/2652/5221 2846/2588/5221 2822/2541/5221
f 2799/3308/5222 2800/2522/5222 2870/2583/5222
f 2801/2523/5223 2884/2561/5223 2845/2585/5223
f 2820/2560/5224 2885/2630/5224 2884/2561/5224
f 2846/2588/5225 2887/2652/5225 2871/2587/5225
f 2893/2592/5226 2951/2659/5226 8/2570/5226 2828/2528/5226
f 2849/2567/5227 2872/2568/5227 2848/2565/5227
f 2901/2618/5228 2900/2617/5228 2834/2531/5228 2856/2620/5228
f 2850/2591/5229 2829/2593/5229 2873/2595/5229
f 2851/2594/5230 2852/2597/5230 2874/2596/5230
f 2831/2543/5231 2876/2572/5231 2875/2598/5231
f 2919/3312/5232 2888/2589/5232 2889/2590/5232 2920/2655/5232
f 2856/2620/5233 2879/2640/5233 2902/2622/5233
f 2857/2479/5234 2835/2547/5234 2879/2640/5234
f 2859/2577/5235 2838/2551/5235 2907/2605/5235
f 2839/2553/5236 2861/3310/5236 2860/2604/5236
f 2863/2580/5237 2841/2554/5237 2880/3313/5237
f 2841/2554/5238 2864/2607/5238 2880/3313/5238
f 2864/2607/5239 2912/2606/5239 2880/3313/5239
f 2867/2609/5240 2842/2557/5240 2881/2611/5240
f 2818/2536/5241 2882/2629/5241 2868/2610/5241
f 2870/2583/5242 2916/2584/5242 2869/3311/5242
f 2845/2585/5243 2917/2631/5243 2883/2586/5243
f 2845/2585/5244 2884/2561/5244 2917/2631/5244
f 2885/2630/5245 2821/2539/5245 2944/2684/5245
f 2821/2539/5246 2886/2562/5246 2944/2684/5246
f 2871/2587/5247 2918/2686/5247 2886/2562/5247
f 2871/2587/5248 2887/2652/5248 2918/2686/5248
f 2921/2634/5249 2848/2565/5249 2872/2568/5249 2891/2632/5249
f 2848/2565/5250 2921/2634/5250 2890/2566/5250
f 2899/3314/5251 2898/2602/5251 2833/2545/5251 2928/2616/5251
f 2872/2568/5252 2892/2526/5252 2891/2632/5252
f 2873/2595/5253 2851/2594/5253 2923/2613/5253
f 2875/2598/5254 2895/2635/5254 2874/2596/5254
f 2875/2598/5255 2925/2614/5255 2895/2635/5255
f 2876/2572/5256 2896/2599/5256 2925/2614/5256
f 2877/2600/5257 2897/2601/5257 2896/2599/5257
f 2855/2573/5258 2898/2602/5258 2897/2601/5258
f 2898/2602/5259 2899/3314/5259 2927/3315/5259
f 2932/2644/5260 2837/2550/5260 2813/2549/5260 2905/2603/5260
f 2878/2615/5261 2900/2617/5261 2928/2616/5261
f 2879/2640/5262 2835/2547/5262 2903/2623/5262
f 2812/2533/5263 2904/2642/5263 2787/2512/5263
f 2812/2533/5264 2931/2576/5264 2904/2642/5264
f 2858/2575/5265 2837/2550/5265 2931/2576/5265
f 2907/2605/5266 2860/2604/5266 2861/3310/5266 2908/2627/5266
f 2859/2577/5267 2962/2625/5267 2906/2624/5267
f 2938/2673/5268 2914/2608/5268 2867/2609/5268 2915/2628/5268
f 2861/3310/5269 2862/2579/5269 2908/2627/5269
f 2862/2579/5270 2910/2581/5270 2909/2626/5270
f 2863/2580/5271 2911/2648/5271 2910/2581/5271
f 2863/2580/5272 2880/3313/5272 2911/2648/5272
f 2880/3313/5273 2912/2606/5273 2911/2648/5273
f 2912/2606/5274 2865/2555/5274 2913/2675/5274
f 2865/2555/5275 2914/2608/5275 2913/2675/5275
f 2947/2690/5276 2946/2653/5276 2887/2652/5276 2888/2589/5276
f 2882/2629/5277 2869/3311/5277 2939/2651/5277
f 2869/3311/5278 2916/2584/5278 2939/2651/5278
f 2883/2586/5279 2940/2676/5279 2916/2584/5279
f 2883/2586/5280 2917/2631/5280 2940/2676/5280
f 2885/2630/5281 2944/2684/5281 2917/2631/5281
f 2886/2562/5282 2918/2686/5282 2944/2684/5282
f 2967/3316/5283 2881/2611/5283 2882/2629/5283 2939/2651/5283
f 2888/2589/5284 2919/3312/5284 2947/2690/5284
f 2919/3312/5285 2920/2655/5285 2948/2688/5285
f 2889/2590/5286 2890/2566/5286 2920/2655/5286
f 2890/2566/5287 2921/2634/5287 2920/2655/5287
f 2891/2632/5288 2922/2693/5288 2950/2633/5288
f 2891/2632/5289 2892/2526/5289 2922/2693/5289
f 2892/2526/5290 115/2691/5290 2922/2693/5290
f 2893/2592/5291 2873/2595/5291 2923/2613/5291
f 2896/2599/5292 2926/2637/5292 2925/2614/5292
f 2898/2602/5293 2927/3315/5293 2956/2638/5293
f 2900/2617/5294 2957/2639/5294 2928/2616/5294
f 2958/2621/5295 2902/2622/5295 2930/2641/5295
f 2902/2622/5296 2879/2640/5296 2930/2641/5296
f 2904/2642/5297 2931/2576/5297 2959/2668/5297
f 2931/2576/5298 2837/2550/5298 2932/2644/5298
f 2908/2627/5299 2936/2672/5299 2935/2647/5299
f 2908/2627/5300 2909/2626/5300 2964/2671/5300
f 2909/2626/5301 2910/2581/5301 2986/2649/5301
f 2911/2648/5302 2912/2606/5302 2937/2707/5302
f 2913/2675/5303 2965/2709/5303 2912/2606/5303
f 2914/2608/5304 2938/2673/5304 2913/2675/5304
f 2881/2611/5305 2967/3316/5305 2915/2628/5305
f 2942/2681/5306 2917/2631/5306 2944/2684/5306 2943/2682/5306
f 2916/2584/5307 2940/2676/5307 2968/2678/5307
f 2917/2631/5308 2941/2679/5308 2940/2676/5308
f 2917/2631/5309 2942/2681/5309 2941/2679/5309
f 2953/2663/5310 2923/2613/5310 2894/2612/5310 2874/2596/5310
f 2918/2686/5311 2887/2652/5311 2945/2654/5311
f 2947/2690/5312 2919/3312/5312 2948/2688/5312
f 2920/2655/5313 2949/2657/5313 2948/2688/5313
f 2920/2655/5314 2973/2658/5314 2972/2656/5314
f 2920/2655/5315 2921/2634/5315 2973/2658/5315
f 2893/2592/5316 2923/2613/5316 2952/2662/5316
f 2954/2695/5317 2997/3317/5317 2895/2635/5317 2925/2614/5317
f 2895/2635/5318 2997/3317/5318 2924/2636/5318
f 2955/2716/5319 2926/2637/5319 2897/2601/5319 2956/2638/5319
f 2926/2637/5320 2978/2718/5320 2977/2664/5320
f 2926/2637/5321 2955/2716/5321 2978/2718/5321
f 2961/2643/5322 2960/2701/5322 2931/2576/5322 2932/2644/5322
f 2899/3314/5323 2928/2616/5323 2981/2665/5323
f 2957/2639/5324 2929/2619/5324 2982/2666/5324
f 2929/2619/5325 2901/2618/5325 2982/2666/5325
f 2966/2674/5326 2938/2673/5326 2915/2628/5326 2967/3316/5326
f 2905/2603/5327 2985/2669/5327 2961/2643/5327
f 2907/2605/5328 3007/2670/5328 2934/2646/5328
f 2936/2672/5329 2963/2704/5329 2935/2647/5329
f 2912/2606/5330 2965/2709/5330 2937/2707/5330
f 2913/2675/5331 2966/2674/5331 2965/2709/5331
f 2974/2692/5332 2973/2658/5332 2950/2633/5332 2922/2693/5332
f 2939/2651/5333 2989/2650/5333 2967/3316/5333
f 2916/2584/5334 2968/2678/5334 2989/2650/5334
f 2942/2681/5335 2969/2683/5335 2941/2679/5335
f 2971/2689/5336 3038/2797/5336 2946/2653/5336 2947/2690/5336
f 2951/2659/5337 2996/2713/5337 2975/2660/5337
f 2951/2659/5338 2952/2662/5338 2996/2713/5338
f 2923/2613/5339 2953/2663/5339 2976/2694/5339
f 2924/2636/5340 2997/3317/5340 2953/2663/5340
f 2956/2638/5341 2979/2697/5341 2955/2716/5341
f 2956/2638/5342 2927/3315/5342 2980/2696/5342
f 2927/3315/5343 2899/3314/5343 2980/2696/5343
f 2957/2639/5344 2982/2666/5344 3001/2698/5344
f 2903/2623/5345 2959/2668/5345 2984/2700/5345
f 2931/2576/5346 3004/2702/5346 2984/2700/5346
f 2961/2643/5347 3005/2739/5347 2960/2701/5347
f 2961/2643/5348 2985/2669/5348 3005/2739/5348
f 2933/2645/5349 3006/2703/5349 2985/2669/5349
f 2934/2646/5350 3007/2670/5350 3006/2703/5350
f 2963/2704/5351 2936/2672/5351 3009/2705/5351
f 2911/2648/5352 2937/2707/5352 2987/2706/5352
f 2965/2709/5353 3011/2710/5353 2988/2708/5353
f 2967/3316/5354 3012/2723/5354 2966/2674/5354
f 2967/3316/5355 2989/2650/5355 3012/2723/5355
f 2940/2676/5356 2991/2680/5356 2990/2677/5356
f 2941/2679/5357 3033/2711/5357 2991/2680/5357
f 2969/2683/5358 2943/2682/5358 2992/2750/5358
f 2943/2682/5359 3015/2712/5359 2992/2750/5359
f 2945/2654/5360 2946/2653/5360 3038/2797/5360
f 3016/3318/5361 2994/2756/5361 2949/2657/5361 2972/2656/5361
f 2971/2689/5362 2949/2657/5362 2994/2756/5362
f 2998/2715/5363 2977/2664/5363 2978/2718/5363 2999/2763/5363
f 2972/2656/5364 2973/2658/5364 3041/2759/5364
f 2973/2658/5365 2974/2692/5365 2995/2727/5365
f 2976/2694/5366 2953/2663/5366 3017/2760/5366
f 2953/2663/5367 2997/3317/5367 3017/2760/5367
f 2997/3317/5368 2954/2695/5368 2998/2715/5368
f 3008/2741/5369 2935/2647/5369 3009/2705/5369 3025/2743/5369
f 2978/2718/5370 3000/2717/5370 2999/2763/5370
f 2979/2697/5371 2980/2696/5371 3019/2731/5371
f 2982/2666/5372 3002/2699/5372 3020/2736/5372
f 2983/2667/5373 2903/2623/5373 3003/2719/5373
f 2960/2701/5374 3005/2739/5374 3004/2702/5374
f 2985/2669/5375 3022/3319/5375 3005/2739/5375
f 2985/2669/5376 3006/2703/5376 3022/3319/5376
f 3006/2703/5377 3007/2670/5377 3023/3320/5377
f 2935/2647/5378 3008/2741/5378 3007/2670/5378
f 3040/2799/5379 3016/3318/5379 2972/2656/5379 3041/2759/5379
f 2964/2671/5380 2986/2649/5380 3027/2720/5380
f 2986/2649/5381 2987/2706/5381 3010/2721/5381
f 2966/2674/5382 3012/2723/5382 3011/2710/5382
f 3012/2723/5383 3013/2722/5383 3030/2748/5383
f 2989/2650/5384 3014/2724/5384 3013/2722/5384
f 2990/2677/5385 3032/2725/5385 3014/2724/5385
f 2969/2683/5386 2992/2750/5386 3034/2749/5386
f 2970/2685/5387 3036/3321/5387 3015/2712/5387
f 2970/2685/5388 2993/2687/5388 3036/3321/5388
f 2993/2687/5389 2945/2654/5389 3038/2797/5389
f 3038/2797/5390 2971/2689/5390 3060/2755/5390
f 3067/2733/5391 3045/2775/5391 2899/3314/5391 2981/2665/5391
f 3041/2759/5392 2973/2658/5392 3042/2726/5392
f 2973/2658/5393 2995/2727/5393 3042/2726/5393
f 2996/2713/5394 2976/2694/5394 3017/2760/5394
f 2997/3317/5395 2998/2715/5395 3017/2760/5395
f 3019/2731/5396 2980/2696/5396 3045/2775/5396
f 2980/2696/5397 2899/3314/5397 3045/2775/5397
f 3098/2778/5398 3097/2734/5398 2981/2665/5398 3001/2698/5398
f 3049/2784/5399 3023/3320/5399 3007/2670/5399 3050/2782/5399
f 3002/2699/5400 2983/2667/5400 3021/2737/5400
f 2984/2700/5401 3004/2702/5401 3003/2719/5401
f 3006/2703/5402 3023/3320/5402 3074/2809/5402
f 3043/2764/5403 3018/2730/5403 3019/2731/5403 3044/2802/5403
f 3007/2670/5404 3024/2742/5404 3050/2782/5404
f 3009/2705/5405 3027/2720/5405 3026/2745/5405
f 3027/2720/5406 3010/2721/5406 3053/3322/5406
f 3010/2721/5407 2988/2708/5407 3028/2746/5407
f 3012/2723/5408 3029/2767/5408 3011/2710/5408
f 3012/2723/5409 3030/2748/5409 3029/2767/5409
f 3036/3321/5410 2993/2687/5410 3037/2753/5410
f 2993/2687/5411 3038/2797/5411 3091/2752/5411
f 2971/2689/5412 2994/2756/5412 3061/2754/5412
f 2994/2756/5413 3016/3318/5413 3039/2757/5413
f 3016/3318/5414 3040/2799/5414 3039/2757/5414
f 116/2728/5415 117/3323/5415 3042/2726/5415
f 2998/2715/5416 2999/2763/5416 3096/2762/5416
f 3072/2807/5417 3005/2739/5417 3022/3319/5417 3073/2805/5417
f 3019/2731/5418 3045/2775/5418 3044/2802/5418
f 3005/2739/5419 3072/2807/5419 3048/2740/5419
f 3073/2805/5420 3022/3319/5420 3006/2703/5420 3074/2809/5420
f 3054/2766/5421 3053/3322/5421 3010/2721/5421 3028/2746/5421
f 3023/3320/5422 3075/2783/5422 3074/2809/5422
f 3023/3320/5423 3049/2784/5423 3075/2783/5423
f 3025/2743/5424 3026/2745/5424 3079/2787/5424
f 3027/2720/5425 3052/2786/5425 3026/2745/5425
f 3027/2720/5426 3053/3322/5426 3052/2786/5426
f 3035/2751/5427 3015/2712/5427 3036/3321/5427 3059/2773/5427
f 3011/2710/5428 3104/2768/5428 3054/2766/5428
f 3031/2747/5429 3013/2722/5429 3055/2791/5429
f 3013/2722/5430 3014/2724/5430 3055/2791/5430
f 3032/2725/5431 3083/2794/5431 3056/2770/5431
f 3032/2725/5432 3057/2792/5432 3083/2794/5432
f 3032/2725/5433 3033/2711/5433 3057/2792/5433
f 3085/2795/5434 3033/2711/5434 3058/2771/5434 3107/2834/5434
f 3036/3321/5435 3037/2753/5435 3059/2773/5435
f 3037/2753/5436 3091/2752/5436 3090/2772/5436
f 3038/2797/5437 3060/2755/5437 3092/2798/5437
f 3040/2799/5438 3041/2759/5438 3062/2758/5438
f 3042/2726/5439 117/3323/5439 118/3324/5439
f 2996/2713/5440 3064/2761/5440 3063/2774/5440
f 3044/2802/5441 3045/2775/5441 3065/2777/5441
f 3046/2735/5442 3099/2823/5442 3098/2778/5442
f 3021/2737/5443 3047/2738/5443 3069/2779/5443
f 3047/2738/5444 3048/2740/5444 3070/2780/5444
f 3048/2740/5445 3072/2807/5445 3071/2781/5445
f 3050/2782/5446 3024/2742/5446 3076/2765/5446
f 3008/2741/5447 3077/2875/5447 3076/2765/5447
f 3008/2741/5448 3051/2744/5448 3077/2875/5448
f 3051/2744/5449 3078/2785/5449 3077/2875/5449
f 3025/2743/5450 3079/2787/5450 3078/2785/5450
f 3052/2786/5451 3166/2789/5451 3079/2787/5451
f 3052/2786/5452 3053/3322/5452 3103/2788/5452
f 3053/3322/5453 3054/2766/5453 3080/3325/5453
f 3054/2766/5454 3104/2768/5454 3080/3325/5454
f 3057/2792/5455 3085/2795/5455 3084/2793/5455
f 3094/2838/5456 3093/2816/5456 3061/2754/5456 3039/2757/5456
f 3058/2771/5457 3086/2832/5457 3107/2834/5457
f 3058/2771/5458 3087/2796/5458 3086/2832/5458
f 3035/2751/5459 3059/2773/5459 3088/3326/5459
f 3059/2773/5460 3090/2772/5460 3089/2835/5460
f 3127/2860/5461 3088/3326/5461 3059/2773/5461 3108/2837/5461
f 3039/2757/5462 3040/2799/5462 3110/2800/5462
f 3062/2758/5463 3042/2726/5463 3095/3327/5463
f 3042/2726/5464 118/3324/5464 3095/3327/5464
f 3064/2761/5465 3112/2842/5465 3063/2774/5465
f 3064/2761/5466 3096/2762/5466 3112/2842/5466
f 3066/2776/5467 3045/2775/5467 3115/2804/5467
f 3045/2775/5468 3067/2733/5468 3136/2803/5468
f 3046/2735/5469 3069/2779/5469 3099/2823/5469
f 3072/2807/5470 3100/2806/5470 3071/2781/5470
f 3075/2783/5471 3121/2853/5471 3101/2808/5471
f 3075/2783/5472 3102/2810/5472 3121/2853/5472
f 3053/3322/5473 3080/3325/5473 3103/2788/5473
f 3080/3325/5474 3104/2768/5474 3103/2788/5474
f 3104/2768/5475 3081/2769/5475 3105/2812/5475
f 3056/2770/5476 3123/2813/5476 3055/2791/5476
f 3035/2751/5477 3127/2860/5477 3087/2796/5477
f 3035/2751/5478 3088/3326/5478 3127/2860/5478
f 3111/2840/5479 3110/2800/5479 3062/2758/5479 3095/3327/5479
f 3059/2773/5480 3089/2835/5480 3108/2837/5480
f 3090/2772/5481 3175/2815/5481 3089/2835/5481
f 3090/2772/5482 3091/2752/5482 3175/2815/5482
f 3061/2754/5483 3109/2864/5483 3092/2798/5483
f 3061/2754/5484 3128/2817/5484 3109/2864/5484
f 3094/2838/5485 3039/2757/5485 3154/2819/5485
f 3039/2757/5486 3110/2800/5486 3155/2818/5486
f 3117/2824/5487 3116/2822/5487 3097/2734/5487 3098/2778/5487
f 4/2729/5488 3063/2774/5488 3112/2842/5488
f 3068/2732/5489 3097/2734/5489 3116/2822/5489
f 3140/2826/5490 3139/2847/5490 3099/2823/5490 3069/2779/5490
f 3120/2851/5491 3100/2806/5491 3101/2808/5491 3143/3328/5491
f 3069/2779/5492 3070/2780/5492 3118/2825/5492
f 3070/2780/5493 3071/2781/5493 3119/2827/5493
f 3145/2811/5494 3122/2856/5494 3078/2785/5494 3079/2787/5494
f 3148/2877/5495 3082/2790/5495 3055/2791/5495 3123/2813/5495
f 3082/2790/5496 3148/2877/5496 3147/2829/5496
f 3129/2839/5497 3128/2817/5497 3093/2816/5497 3094/2838/5497
f 3083/2794/5498 3149/2830/5498 3123/2813/5498
f 3106/2814/5499 3124/3329/5499 3149/2830/5499
f 3084/2793/5500 3125/2831/5500 3106/2814/5500
f 3085/2795/5501 3107/2834/5501 3125/2831/5501
f 3107/2834/5502 3151/2833/5502 3125/2831/5502
f 3086/2832/5503 3126/2862/5503 3151/2833/5503
f 3086/2832/5504 3087/2796/5504 3126/2862/5504
f 3087/2796/5505 3127/2860/5505 3126/2862/5505
f 3130/2843/5506 3178/2841/5506 3096/2762/5506 3113/2801/5506
f 3111/2840/5507 3095/3327/5507 119/3330/5507
f 4/2729/5508 3112/2842/5508 3157/2885/5508
f 3135/3331/5509 3179/2888/5509 3066/2776/5509 3115/2804/5509
f 3114/2820/5510 3134/2869/5510 3133/2845/5510
f 3114/2820/5511 3065/2777/5511 3134/2869/5511
f 3065/2777/5512 3066/2776/5512 3179/2888/5512
f 3141/2850/5513 3160/2849/5513 3118/2825/5513 3070/2780/5513
f 3115/2804/5514 3136/2803/5514 3135/3331/5514
f 3116/2822/5515 3117/2824/5515 3137/2846/5515
f 3099/2823/5516 3138/2848/5516 3117/2824/5516
f 3140/2826/5517 3182/2871/5517 3139/2847/5517
f 120/3332/5518 3156/2868/5518 3111/2840/5518 119/3330/5518
f 3119/2827/5519 3100/2806/5519 3142/2852/5519
f 3101/2808/5520 3161/2854/5520 3143/3328/5520
f 3077/2875/5521 3078/2785/5521 3144/2857/5521
f 3145/2811/5522 3165/2876/5522 3122/2856/5522
f 3104/2768/5523 3146/2828/5523 3166/2789/5523
f 3105/2812/5524 3147/2829/5524 3146/2828/5524
f 3106/2814/5525 3172/2859/5525 3124/3329/5525
f 3108/2837/5526 3153/2882/5526 3127/2860/5526
f 3108/2837/5527 3174/2836/5527 3153/2882/5527
f 3175/2815/5528 3092/2798/5528 3176/2865/5528
f 3128/2817/5529 3216/2866/5529 3109/2864/5529
f 3158/2886/5530 3131/2821/5530 3132/2844/5530 3133/2845/5530
f 3130/2843/5531 3131/2821/5531 3158/2886/5531
f 3180/2889/5532 3159/2901/5532 3117/2824/5532 3138/2848/5532
f 3134/2869/5533 3200/2870/5533 3133/2845/5533
f 3135/3331/5534 3136/2803/5534 3137/2846/5534
f 3137/2846/5535 3117/2824/5535 3159/2901/5535
f 3160/2849/5536 3141/2850/5536 3119/2827/5536 3142/2852/5536
f 3138/2848/5537 3139/2847/5537 3203/2872/5537
f 3161/2854/5538 3142/2852/5538 3120/2851/5538 3143/3328/5538
f 3167/2905/5539 3166/2789/5539 3146/2828/5539 3168/2909/5539
f 3121/2853/5540 3162/2873/5540 3161/2854/5540
f 3102/2810/5541 3164/2874/5541 3163/2855/5541
f 3102/2810/5542 3076/2765/5542 3164/2874/5542
f 3076/2765/5543 3077/2875/5543 3164/2874/5543
f 3122/2856/5544 3165/2876/5544 3144/2857/5544
f 3170/3333/5545 3169/2878/5545 3148/2877/5545 3123/2813/5545
f 3147/2829/5546 3187/2908/5546 3146/2828/5546
f 3147/2829/5547 3169/2878/5547 3187/2908/5547
f 3170/3333/5548 3123/2813/5548 3149/2830/5548 3171/3334/5548
f 3189/2913/5549 3150/2858/5549 3125/2831/5549 3190/2879/5549
f 3149/2830/5550 3172/2859/5550 3171/3334/5550
f 3149/2830/5551 3124/3329/5551 3172/2859/5551
f 3150/2858/5552 3189/2913/5552 3172/2859/5552
f 3196/2883/5553 3217/2867/5553 3154/2819/5553 3155/2818/5553
f 3152/2861/5554 3191/2880/5554 3126/2862/5554
f 3109/2864/5555 3216/2866/5555 3176/2865/5555
f 3201/2902/5556 3179/2888/5556 3135/3331/5556 3137/2846/5556
f 3/2922/5557 3157/2885/5557 3177/2923/5557
f 3130/2843/5558 3241/2887/5558 3178/2841/5558
f 3182/2871/5559 3160/2849/5559 3142/2852/5559 3183/2891/5559
f 3137/2846/5560 3159/2901/5560 3201/2902/5560
f 3182/2871/5561 3181/2904/5561 3203/2872/5561
f 3167/2905/5562 3186/2895/5562 3165/2876/5562 3166/2789/5562
f 3142/2852/5563 3161/2854/5563 3184/2890/5563
f 3163/2855/5564 3164/2874/5564 3162/2873/5564
f 3164/2874/5565 3207/2894/5565 3206/2892/5565
f 3164/2874/5566 3144/2857/5566 3185/2893/5566
f 3230/2911/5567 3170/3333/5567 3171/3334/5567 3188/2915/5567
f 3168/2909/5568 3209/2906/5568 3167/2905/5568
f 3146/2828/5569 3187/2908/5569 3168/2909/5569
f 3194/2897/5570 3174/2836/5570 3175/2815/5570 3195/2898/5570
f 3171/3334/5571 3172/2859/5571 3188/2915/5571
f 3172/2859/5572 3189/2913/5572 3188/2915/5572
f 3190/2879/5573 3126/2862/5573 3191/2880/5573
f 3191/2880/5574 3173/2863/5574 3192/2917/5574
f 3173/2863/5575 3193/2974/5575 3192/2917/5575
f 3173/2863/5576 3215/2881/5576 3193/2974/5576
f 3197/3335/5577 3218/3336/5577 3158/2886/5577 3133/2845/5577
f 3175/2815/5578 3176/2865/5578 3195/2898/5578
f 3156/2868/5579 120/3332/5579 121/2920/5579
f 3157/2885/5580 3238/2884/5580 3177/2923/5580
f 3205/3337/5581 3162/2873/5581 3206/2892/5581 3264/2991/5581
f 3133/2845/5582 3198/2900/5582 3197/3335/5582
f 3203/2872/5583 3221/2933/5583 3180/2889/5583
f 3184/2890/5584 3162/2873/5584 3205/3337/5584
f 3276/3338/5585 3241/2887/5585 3158/2886/5585 3218/3336/5585
f 3207/2894/5586 3226/2937/5586 3206/2892/5586
f 3185/2893/5587 3227/2939/5587 3207/2894/5587
f 3186/2895/5588 3167/2905/5588 3208/2907/5588
f 3169/2878/5589 3229/2912/5589 3210/2910/5589
f 3169/2878/5590 3170/3333/5590 3230/2911/5590
f 3230/2911/5591 3188/2915/5591 3250/2968/5591
f 3188/2915/5592 3211/2914/5592 3250/2968/5592
f 3192/2917/5593 3193/2974/5593 3214/2918/5593
f 3196/2883/5594 3273/3339/5594 3217/2867/5594
f 3196/2883/5595 122/2921/5595 3273/3339/5595
f 3196/2883/5596 3156/2868/5596 122/2921/5596
f 3238/2884/5597 3112/2842/5597 3239/2979/5597
f 3246/2936/5598 3184/2890/5598 3205/3337/5598 3224/2989/5598
f 3198/2900/5599 3258/2926/5599 3197/3335/5599
f 3200/2870/5600 3179/2888/5600 3243/2929/5600
f 3179/2888/5601 3201/2902/5601 3259/2928/5601
f 3202/2930/5602 3201/2902/5602 3244/2932/5602
f 3201/2902/5603 3180/2889/5603 3244/2932/5603
f 3203/2872/5604 3181/2904/5604 3221/2933/5604
f 3181/2904/5605 3204/2903/5605 3223/2935/5605
f 3204/2903/5606 3245/2947/5606 3223/2935/5606
f 3183/2891/5607 3246/2936/5607 3204/2903/5607
f 3232/2953/5608 3191/2880/5608 3192/2917/5608 3233/2943/5608
f 3205/3337/5609 3264/2991/5609 3224/2989/5609
f 3264/2991/5610 3206/2892/5610 3225/2938/5610
f 3207/2894/5611 3227/2939/5611 3226/2937/5611
f 3208/2907/5612 3209/2906/5612 3228/3340/5612
f 3209/2906/5613 3249/2941/5613 3228/3340/5613
f 3190/2879/5614 3251/2942/5614 3231/2916/5614
f 3191/2880/5615 3232/2953/5615 3212/2896/5615
f 3234/2954/5616 3215/2881/5616 3194/2897/5616 3195/2898/5616
f 3236/2945/5617 3235/2956/5617 3216/2866/5617 3217/2867/5617
f 3195/2898/5618 3216/2866/5618 3235/2956/5618
f 3258/2926/5619 3199/2899/5619 3219/2927/5619 3242/2946/5619
f 3217/2867/5620 3273/3339/5620 3237/2944/5620
f 3177/2923/5621 3238/2884/5621 2/2924/5621
f 3178/2841/5622 3240/2925/5622 3112/2842/5622
f 3218/3336/5623 3258/2926/5623 3276/3338/5623
f 3218/3336/5624 3197/3335/5624 3258/2926/5624
f 3262/2962/5625 3261/2999/5625 3220/2931/5625 3221/2933/5625
f 3219/2927/5626 3200/2870/5626 3242/2946/5626
f 3259/2928/5627 3202/2930/5627 3260/2983/5627
f 3202/2930/5628 3244/2932/5628 3260/2983/5628
f 3204/2903/5629 3246/2936/5629 3245/2947/5629
f 3246/2936/5630 3224/2989/5630 3280/3001/5630
f 3264/2991/5631 3225/2938/5631 3265/2964/5631
f 3226/2937/5632 3266/2948/5632 3225/2938/5632
f 3247/2940/5633 3267/2966/5633 3266/2948/5633
f 3208/2907/5634 3249/2941/5634 3248/2949/5634
f 3208/2907/5635 3228/3340/5635 3249/2941/5635
f 3210/2910/5636 3229/2912/5636 3269/2950/5636
f 3230/2911/5637 3250/2968/5637 3269/2950/5637
f 3251/2942/5638 3212/2896/5638 3252/2952/5638
f 3213/2919/5639 3214/2918/5639 3337/2973/5639
f 3234/2954/5640 3195/2898/5640 3255/2957/5640
f 3237/2944/5641 3256/2978/5641 3236/2945/5641
f 3237/2944/5642 3273/3339/5642 3256/2978/5642
f 122/2921/5643 123/3341/5643 3273/3339/5643
f 3238/2884/5644 3257/2980/5644 3274/2958/5644
f 3238/2884/5645 3239/2979/5645 3257/2980/5645
f 3242/2946/5646 3277/2961/5646 3258/2926/5646
f 3242/2946/5647 3243/2929/5647 3278/2960/5647
f 3260/2983/5648 3244/2932/5648 3261/2999/5648
f 3244/2932/5649 3220/2931/5649 3261/2999/5649
f 3338/2976/5650 3337/2973/5650 3214/2918/5650 3193/2974/5650
f 3245/2947/5651 3246/2936/5651 3280/3001/5651
f 3225/2938/5652 3266/2948/5652 3284/2965/5652
f 3248/2949/5653 3249/2941/5653 3268/2993/5653
f 3249/2941/5654 3287/2967/5654 3268/2993/5654
f 3249/2941/5655 3210/2910/5655 3269/2950/5655
f 3251/2942/5656 3289/2971/5656 3270/2970/5656
f 3293/2982/5657 3278/2960/5657 3243/2929/5657 3259/2928/5657
f 3193/2974/5658 3215/2881/5658 3271/2975/5658
f 3235/2956/2895 3272/2977/2895 3255/2957/2895
f 3239/2979/5659 3112/2842/5659 3275/2997/5659
f 3112/2842/5660 3240/2925/5660 3292/3009/5660
f 3240/2925/5661 3314/2959/5661 3292/3009/5661
f 3314/2959/5662 3241/2887/5662 3276/3338/5662
f 3301/3002/5663 3281/2988/5663 3263/2987/5663 3282/2990/5663
f 3259/2928/5664 3260/2983/5664 3294/2981/5664
f 3260/2983/5665 3261/2999/5665 3279/2984/5665
f 3262/2962/5666 3245/2947/5666 3298/2986/5666
f 3245/2947/5667 3280/3001/5667 3300/2985/5667
f 3280/3001/5668 3224/2989/5668 3281/2988/5668
f 3263/2987/5669 3224/2989/5669 3282/2990/5669
f 3224/2989/5670 3264/2991/5670 3282/2990/5670
f 3265/2964/5671 3283/2963/5671 3282/2990/5671
f 3283/2963/5672 3284/2965/5672 3302/3003/5672
f 3284/2965/5673 3266/2948/5673 3305/2992/5673
f 3267/2966/5674 3248/2949/5674 3285/3019/5674
f 3248/2949/5675 3268/2993/5675 3286/2994/5675
f 3269/2950/5676 3288/2969/5676 3307/3007/5676
f 3288/2969/5677 3231/2916/5677 3308/3020/5677
f 3231/2916/5678 3309/2995/5678 3308/3020/5678
f 3289/2971/5679 3311/3035/5679 3310/3024/5679
f 3289/2971/5680 3252/2952/5680 3311/3035/5680
f 3252/2952/5681 3290/2972/5681 3311/3035/5681
f 3252/2952/5682 3253/2951/5682 3290/2972/5682
f 3234/2954/1338 3291/2996/1338 3254/2955/1338
f 3256/2978/5683 3354/3058/5683 3272/2977/5683
f 3273/3339/5684 123/3341/5684 3256/2978/5684
f 3275/2997/5685 3112/2842/5685 3292/3009/5685
f 3278/2960/5686 3317/3059/5686 3277/2961/5686
f 3261/2999/5687 3297/3011/5687 3296/3000/5687
f 3261/2999/5688 3262/2962/5688 3297/3011/5688
f 3262/2962/5689 3298/2986/5689 3297/3011/5689
f 3298/2986/5690 3300/2985/5690 3299/3342/5690
f 3300/2985/5691 3319/3015/5691 3299/3342/5691
f 3280/3001/5692 3281/2988/5692 3301/3002/5692
f 3354/3058/5693 3256/2978/5693 123/3341/5693 124/3056/5693
f 3284/2965/5694 3303/3004/5694 3302/3003/5694
f 3305/2992/5695 3267/2966/5695 3285/3019/5695
f 3248/2949/5696 3286/2994/5696 3285/3019/5696
f 3287/2967/5697 3269/2950/5697 3307/3007/5697
f 3270/2970/5698 3289/2971/5698 3310/3024/5698
f 3271/2975/5699 3312/3039/5699 3338/2976/5699
f 3315/3029/5700 3276/3338/5700 3258/2926/5700 3316/3343/5700
f 3274/2958/5701 3275/2997/5701 3313/3010/5701
f 3314/2959/5702 3276/3338/5702 3315/3029/5702
f 3299/3342/5703 3330/3012/5703 3297/3011/5703 3298/2986/5703
f 3278/2960/5704 3293/2982/5704 3317/3059/5704
f 3297/3011/5705 3318/3013/5705 3296/3000/5705
f 3332/3344/5706 3282/2990/5706 3302/3003/5706 3321/3017/5706
f 3319/3015/5707 3330/3012/5707 3299/3342/5707
f 3300/2985/5708 3301/3002/5708 3319/3015/5708
f 3301/3002/5709 3282/2990/5709 3320/3016/5709
f 3282/2990/5710 3332/3344/5710 3320/3016/5710
f 3322/3018/5711 3304/3005/5711 3305/2992/5711 3285/3019/5711
f 3351/3048/5712 3358/3062/5712 3350/3061/5712 3343/3034/5712
f 3307/3007/5713 3323/3008/5713 3306/3006/5713
f 3288/2969/5714 3324/3021/5714 3323/3008/5714
f 3308/3020/5715 3335/3022/5715 3324/3021/5715
f 3271/2975/5716 3325/3025/5716 3312/3039/5716
f 3291/2996/1220 3326/3026/1220 3325/3025/1220
f 3293/2982/5717 3328/3043/5717 3317/3059/5717
f 3293/2982/5718 3294/2981/5718 3328/3043/5718
f 3294/2981/5719 3340/3031/5719 3328/3043/5719
f 3296/3000/5720 3318/3013/5720 3329/3044/5720
f 3318/3013/5721 3330/3012/5721 3341/3046/5721
f 3320/3016/5722 3332/3344/5722 3331/3014/5722
f 3332/3344/5723 3321/3017/5723 3355/3114/5723
f 3304/3005/5724 3322/3018/5724 3356/3032/5724
f 3322/3018/5725 3333/3345/5725 3356/3032/5725
f 3322/3018/5726 3334/3033/5726 3333/3345/5726
f 3323/3008/5727 3350/3061/5727 3306/3006/5727
f 3323/3008/5728 3343/3034/5728 3350/3061/5728
f 3310/3024/5729 3336/3036/5729 3344/3023/5729
f 3311/3035/5730 3360/3037/5730 3336/3036/5730
f 3290/2972/5731 3233/2943/5731 129/3038/5731
f 3272/2977/5732 3354/3058/5732 3326/3026/5732
f 3314/2959/5733 143/3030/5733 3327/3028/5733
f 3318/3013/5734 3341/3046/5734 3329/3044/5734
f 3330/3012/5735 3331/3014/5735 3342/3045/5735
f 3331/3014/5736 3332/3344/5736 3349/3047/5736
f 3334/3033/5737 3350/3061/5737 3333/3345/5737
f 3334/3033/5738 3306/3006/5738 3350/3061/5738
f 3324/3021/5739 3351/3048/5739 3343/3034/5739
f 3335/3022/5740 3309/2995/5740 3344/3023/5740
f 3336/3036/5741 3353/3066/5741 3344/3023/5741
f 3233/2943/5742 3361/3049/5742 129/3038/5742
f 3337/2973/5743 128/3050/5743 3361/3049/5743
f 3317/3059/5744 3328/3043/5744 140/3052/5744
f 3340/3031/5745 3346/3060/5745 3345/3042/5745
f 3341/3046/5746 3348/3346/5746 3329/3044/5746
f 3342/3045/5747 138/3116/5747 3341/3046/5747
f 3333/3345/5748 3350/3061/5748 3356/3032/5748
f 139/3347/5749 3347/3053/5749 3329/3044/5749 3348/3346/5749
f 3335/3022/5750 3352/3054/5750 3351/3048/5750
f 3339/3040/5751 3325/3025/5751 3362/3041/5751
f 3340/3031/5752 3347/3053/5752 3346/3060/5752
f 138/3116/5753 3349/3047/5753 3332/3344/5753 3355/3114/5753
f 3348/3346/5754 3341/3046/5754 139/3347/5754
f 3342/3045/5755 3349/3047/5755 138/3116/5755
f 126/3067/5756 3326/3026/5756 3354/3058/5756 125/3057/5756
f 3321/3017/5723 3356/3032/5723 3355/3114/5723
f 3356/3032/5757 3350/3061/5757 3357/3063/5757
f 3357/3063/5758 3358/3062/5758 134/3111/5758
f 3353/3066/5759 3360/3037/5759 3359/3064/5759
f 3353/3066/5760 3336/3036/5760 3360/3037/5760
f 44/3/5761 1/3348/5761 45/4/5761 146/1/5761
f 180/63/5762 52/3072/5762 53/3074/5762 150/66/5762
f 45/4/5763 178/6/5763 204/5/5763
f 48/3068/5764 148/95/5764 147/13/5764
f 49/3069/5765 149/3135/5765 148/95/5765
f 51/3070/5766 180/63/5766 208/65/5766
f 156/23/5767 58/3078/5767 59/3080/5767 157/25/5767
f 56/3077/5768 154/18/5768 153/15/5768
f 57/3079/5769 155/21/5769 154/18/5769
f 58/3078/5770 156/23/5770 155/21/5770
f 163/3136/5771 162/3083/5771 62/3349/5771 63/3350/5771
f 60/3081/5772 160/31/5772 158/27/5772
f 61/3082/5773 62/3349/5773 162/3083/5773
f 164/36/5774 63/3350/5774 64/3351/5774 165/34/5774
f 63/3350/5775 164/36/5775 163/3136/5775
f 165/34/5776 64/3351/5776 65/3352/5776 166/37/5776
f 166/37/5777 65/3352/5777 66/3353/5777 167/38/5777
f 168/41/5778 167/38/5778 66/3353/5778 169/42/5778
f 174/58/5779 81/3093/5779 82/3354/5779 175/3139/5779
f 67/3084/5780 68/3085/5780 170/44/5780
f 69/3086/5781 172/48/5781 171/46/5781
f 69/3086/5782 70/3088/5782 172/48/5782
f 71/3087/5783 72/3089/5783 172/48/5783
f 72/3089/5784 73/3355/5784 195/50/5784
f 73/3355/5785 74/3137/5785 195/50/5785
f 80/3092/5786 199/57/5786 173/54/5786
f 80/3092/5787 174/58/5787 199/57/5787
f 201/90/5788 82/3354/5788 83/3094/5788 176/88/5788
f 82/3354/5789 201/90/5789 175/3139/5789
f 1025/836/5790 967/790/5790 95/789/5790 96/3197/5790
f 317/203/5791 86/3096/5791 364/204/5791
f 88/366/5792 89/412/5792 553/367/5792
f 90/454/5793 91/3097/5793 696/524/5793
f 669/3098/5794 91/3097/5794 92/570/5794
f 110/3356/5795 2176/2013/5795 2120/1899/5795 109/3105/5795
f 97/3198/5796 98/3100/5796 1025/836/5796
f 100/1335/5797 101/3239/5797 1557/1336/5797
f 103/3241/5798 104/3357/5798 105/1559/5798
f 1784/1560/5799 106/3248/5799 1871/1671/5799
f 106/3248/5800 107/3101/5800 1924/3103/5800
f 107/3101/5801 2040/3264/5801 1983/3102/5801
f 2686/2433/5802 2584/2331/5802 113/3358/5802 114/3108/5802
f 2176/2013/5803 110/3356/5803 111/3106/5803
f 112/3278/5804 113/3358/5804 2584/2331/5804
f 132/3065/5805 133/3359/5805 3358/3062/5805 3352/3054/5805
f 2737/2490/5806 114/3108/5806 2758/2475/5806
f 2781/2525/5807 115/2691/5807 2892/2526/5807
f 3095/3327/5808 118/3324/5808 119/3330/5808
f 3362/3041/5809 126/3067/5809 127/3055/5809
f 3338/2976/5810 127/3055/5810 128/3050/5810
f 132/3065/5811 3359/3064/5811 131/3110/5811
f 142/3118/5812 3316/3343/5812 3258/2926/5812 3277/2961/5812
f 134/3111/5813 3358/3062/5813 133/3359/5813
f 3356/3032/5814 3357/3063/5814 134/3111/5814
f 3355/3114/5815 136/3113/5815 137/3115/5815
f 3341/3046/5816 138/3116/5816 139/3347/5816
f 3277/2961/5817 140/3052/5817 141/3117/5817
f 2527/2277/5818 11/3120/5818 12/3122/5818 2475/2249/5818
f 6/2661/5819 2975/2660/5819 5/2714/5819
f 7/3119/5820 2951/2659/5820 6/2661/5820
f 2827/2569/5821 2782/2403/5821 2828/2528/5821
f 38/3134/5822 39/3360/5822 405/392/5822 554/391/5822
f 17/3124/5823 2289/2070/5823 16/2072/5823
f 17/3124/5824 2234/1961/5824 2289/2070/5824
f 19/3253/5825 1984/1732/5825 18/1962/5825
f 22/3247/5826 1895/1594/5826 21/3126/5826
f 23/1564/5827 1785/1563/5827 22/3247/5827
f 26/3127/5828 1488/1270/5828 25/1307/5828
f 26/3127/5829 1433/1223/5829 1488/1270/5829
f 27/3128/5830 1434/1164/5830 1433/1223/5830
f 27/3128/5831 1314/1108/5831 1434/1164/5831
f 1053/838/5832 1077/893/5832 31/839/5832
f 742/657/5833 874/656/5833 34/3131/5833
f 721/505/5834 742/657/5834 34/3131/5834
f 554/391/5835 601/475/5835 37/3133/5835
f 39/3360/5836 40/3155/5836 365/158/5836 405/392/5836
f 42/3361/5837 43/3362/5837 177/2/5837 204/5/5837
f 204/5/5838 41/3145/5838 42/3361/5838
f 44/3/5839 177/2/5839 43/3362/5839
